n_events,tp_events,precision,recall,f1,detection_delay_h,detection_rate,false_alarm_rate,model,building_id,seed,seen
6,4,0.19736842105263158,0.6666666666666666,0.30456852791878175,3.25,0.6666666666666666,0.0417989417989418,PatchTST-SSL(HoW-cond),B01,123,True
6,4,0.9,0.6666666666666666,0.7659574468085106,31.25,0.6666666666666666,0.0005291005291005291,PatchTST-SSL(global-MAD),B01,123,True
6,4,0.6363636363636364,0.6666666666666666,0.6511627906976744,11.75,0.6666666666666666,0.004232804232804233,HOW-profile(HoW-cond),B01,123,True
6,4,0.9090909090909091,0.6666666666666666,0.7692307692307692,11.75,0.6666666666666666,0.0005291005291005291,HOW-profile(global-MAD),B01,123,True
6,5,0.6363636363636364,0.8333333333333334,0.7216494845360825,17.0,0.8333333333333334,0.005291005291005291,PatchTST-SSL(HoD-cond),B01,123,True
6,4,1.0,0.6666666666666666,0.8,17.5,0.6666666666666666,0.0,HOW-profile(HoD-cond),B01,123,True
6,4,0.32,0.6666666666666666,0.43243243243243246,4.0,0.6666666666666666,0.050793650793650794,TOWT(HoW-cond),B01,123,True
6,4,0.5121951219512195,0.6666666666666666,0.5793103448275863,7.0,0.6666666666666666,0.013227513227513227,IsolationForest(t),B01,123,True
6,5,0.4,0.8333333333333334,0.5405405405405406,31.8,0.8333333333333334,0.012698412698412698,OC-SVM(t),B01,123,True
6,5,0.15254237288135594,0.8333333333333334,0.2578796561604585,2.2,0.8333333333333334,0.14656084656084656,Autoencoder(t),B01,123,True
6,2,0.6666666666666666,0.3333333333333333,0.4444444444444444,0.0,0.3333333333333333,0.11058201058201059,LSTM-AE(t),B01,123,True
6,4,0.5483870967741935,0.6666666666666666,0.6017699115044248,37.0,0.6666666666666666,0.008454106280193236,PatchTST-SSL(HoW-cond),B02,123,True
6,2,0.875,0.3333333333333333,0.48275862068965514,30.5,0.3333333333333333,0.028381642512077296,PatchTST-SSL(global-MAD),B02,123,True
6,5,0.25882352941176473,0.8333333333333334,0.39497307001795334,33.4,0.8333333333333334,0.050120772946859904,HOW-profile(HoW-cond),B02,123,True
6,3,0.6,0.5,0.5454545454545454,9.666666666666666,0.5,0.010265700483091788,HOW-profile(global-MAD),B02,123,True
6,4,0.9333333333333333,0.6666666666666666,0.7777777777777778,42.5,0.6666666666666666,0.017512077294685992,PatchTST-SSL(HoD-cond),B02,123,True
6,5,0.26153846153846155,0.8333333333333334,0.3981264637002342,34.6,0.8333333333333334,0.03864734299516908,HOW-profile(HoD-cond),B02,123,True
6,3,0.5333333333333333,0.5,0.5161290322580646,12.333333333333334,0.5,0.0392512077294686,TOWT(HoW-cond),B02,123,True
6,4,0.4807692307692308,0.6666666666666666,0.5586592178770949,49.0,0.6666666666666666,0.024154589371980676,IsolationForest(t),B02,123,True
6,4,0.42857142857142855,0.6666666666666666,0.5217391304347826,15.25,0.6666666666666666,0.0320048309178744,OC-SVM(t),B02,123,True
6,5,0.22596153846153846,0.8333333333333334,0.3555219364599092,30.0,0.8333333333333334,0.1473429951690821,Autoencoder(t),B02,123,True
6,2,0.3333333333333333,0.3333333333333333,0.3333333333333333,69.5,0.3333333333333333,0.19867149758454106,LSTM-AE(t),B02,123,True
6,6,0.8125,1.0,0.896551724137931,25.166666666666668,1.0,0.007293946024799417,PatchTST-SSL(HoW-cond),B03,123,True
6,2,1.0,0.3333333333333333,0.5,0.5,0.3333333333333333,0.0,PatchTST-SSL(global-MAD),B03,123,True
6,6,0.9302325581395349,1.0,0.963855421686747,26.5,1.0,0.002188183807439825,HOW-profile(HoW-cond),B03,123,True
6,6,1.0,1.0,1.0,66.5,1.0,0.0,HOW-profile(global-MAD),B03,123,True
6,6,1.0,1.0,1.0,57.333333333333336,1.0,0.0,PatchTST-SSL(HoD-cond),B03,123,True
6,6,0.96875,1.0,0.9841269841269841,62.0,1.0,0.0007293946024799417,HOW-profile(HoD-cond),B03,123,True
6,5,0.9545454545454546,0.8333333333333334,0.8898305084745762,42.8,0.8333333333333334,0.06199854121079504,TOWT(HoW-cond),B03,123,True
6,5,0.9655172413793104,0.8333333333333334,0.8945686900958466,31.4,0.8333333333333334,0.0007293946024799417,IsolationForest(t),B03,123,True
6,6,0.7916666666666666,1.0,0.8837209302325582,63.666666666666664,1.0,0.0036469730123997084,OC-SVM(t),B03,123,True
6,6,0.4444444444444444,1.0,0.6153846153846153,11.666666666666666,1.0,0.1363967906637491,Autoencoder(t),B03,123,True
6,0,0.0,0.0,0.0,,0.0,0.0,LSTM-AE(t),B03,123,True
6,6,0.6493506493506493,1.0,0.7874015748031497,5.833333333333333,1.0,0.023890784982935155,PatchTST-SSL(HoW-cond),B04,123,True
6,3,1.0,0.5,0.6666666666666666,62.333333333333336,0.5,0.0,PatchTST-SSL(global-MAD),B04,123,True
6,5,1.0,0.8333333333333334,0.9090909090909091,38.4,0.8333333333333334,0.0,HOW-profile(HoW-cond),B04,123,True
6,5,1.0,0.8333333333333334,0.9090909090909091,37.8,0.8333333333333334,0.0,HOW-profile(global-MAD),B04,123,True
6,5,0.9444444444444444,0.8333333333333334,0.8854166666666667,53.6,0.8333333333333334,0.0013651877133105802,PatchTST-SSL(HoD-cond),B04,123,True
6,5,1.0,0.8333333333333334,0.9090909090909091,39.4,0.8333333333333334,0.0,HOW-profile(HoD-cond),B04,123,True
6,5,1.0,0.8333333333333334,0.9090909090909091,63.6,0.8333333333333334,0.049829351535836175,TOWT(HoW-cond),B04,123,True
6,5,0.75,0.8333333333333334,0.7894736842105262,70.8,0.8333333333333334,0.007508532423208191,IsolationForest(t),B04,123,True
6,4,0.5,0.6666666666666666,0.5714285714285715,28.75,0.6666666666666666,0.013651877133105802,OC-SVM(t),B04,123,True
6,6,0.4217391304347826,1.0,0.5932721712538226,3.5,1.0,0.12696245733788397,Autoencoder(t),B04,123,True
6,1,1.0,0.16666666666666666,0.2857142857142857,138.0,0.16666666666666666,0.012286689419795221,LSTM-AE(t),B04,123,True
6,6,0.4166666666666667,1.0,0.5882352941176471,55.666666666666664,1.0,0.015503875968992248,PatchTST-SSL(HoW-cond),B05,123,True
6,4,0.2631578947368421,0.6666666666666666,0.3773584905660377,35.25,0.6666666666666666,0.01073345259391771,PatchTST-SSL(global-MAD),B05,123,True
6,5,0.4166666666666667,0.8333333333333334,0.5555555555555556,53.2,0.8333333333333334,0.0041741204531902205,HOW-profile(HoW-cond),B05,123,True
6,3,0.75,0.5,0.6,1.0,0.5,0.0005963029218843172,HOW-profile(global-MAD),B05,123,True
6,6,0.9166666666666666,1.0,0.9565217391304348,59.333333333333336,1.0,0.0005963029218843172,PatchTST-SSL(HoD-cond),B05,123,True
6,3,0.75,0.5,0.6,1.0,0.5,0.0005963029218843172,HOW-profile(HoD-cond),B05,123,True
6,4,1.0,0.6666666666666666,0.8,26.0,0.6666666666666666,0.0,TOWT(HoW-cond),B05,123,True
6,6,0.18461538461538463,1.0,0.3116883116883117,59.833333333333336,1.0,0.0727489564698867,IsolationForest(t),B05,123,True
6,6,0.3448275862068966,1.0,0.5128205128205129,56.666666666666664,1.0,0.01311866428145498,OC-SVM(t),B05,123,True
6,6,0.208955223880597,1.0,0.345679012345679,20.666666666666668,1.0,0.1693500298151461,Autoencoder(t),B05,123,True
6,0,0.0,0.0,0.0,,0.0,0.0,LSTM-AE(t),B05,123,True
6,5,0.36363636363636365,0.8333333333333334,0.5063291139240507,14.6,0.8333333333333334,0.04919053549190536,PatchTST-SSL(HoW-cond),B06,123,True
6,5,0.9166666666666666,0.8333333333333334,0.8730158730158729,56.2,0.8333333333333334,0.0006226650062266501,PatchTST-SSL(global-MAD),B06,123,True
6,5,0.9411764705882353,0.8333333333333334,0.8839779005524863,27.2,0.8333333333333334,0.0018679950186799503,HOW-profile(HoW-cond),B06,123,True
6,5,1.0,0.8333333333333334,0.9090909090909091,34.2,0.8333333333333334,0.0,HOW-profile(global-MAD),B06,123,True
6,4,0.8571428571428571,0.6666666666666666,0.75,15.25,0.6666666666666666,0.0024906600249066002,PatchTST-SSL(HoD-cond),B06,123,True
6,5,0.9722222222222222,0.8333333333333334,0.8974358974358975,35.6,0.8333333333333334,0.0006226650062266501,HOW-profile(HoD-cond),B06,123,True
6,4,0.5833333333333334,0.6666666666666666,0.6222222222222222,65.25,0.6666666666666666,0.05666251556662515,TOWT(HoW-cond),B06,123,True
6,5,0.4418604651162791,0.8333333333333334,0.5775075987841946,27.0,0.8333333333333334,0.017434620174346202,IsolationForest(t),B06,123,True
6,5,0.4642857142857143,0.8333333333333334,0.5963302752293578,24.4,0.8333333333333334,0.0224159402241594,OC-SVM(t),B06,123,True
6,6,0.34134615384615385,1.0,0.5089605734767025,12.666666666666666,1.0,0.12017434620174346,Autoencoder(t),B06,123,True
6,2,0.6666666666666666,0.3333333333333333,0.4444444444444444,105.0,0.3333333333333333,0.048567870485678705,LSTM-AE(t),B06,123,True
6,6,0.8833333333333333,1.0,0.9380530973451328,14.166666666666666,1.0,0.005818786367414797,PatchTST-SSL(HoW-cond),B07,123,False
6,4,0.8333333333333334,0.6666666666666666,0.7407407407407408,81.25,0.6666666666666666,0.0016625103906899418,PatchTST-SSL(global-MAD),B07,123,False
6,5,0.9024390243902439,0.8333333333333334,0.8665105386416861,7.0,0.8333333333333334,0.0033250207813798837,HOW-profile(HoW-cond),B07,123,False
6,4,1.0,0.6666666666666666,0.8,7.25,0.6666666666666666,0.0,HOW-profile(global-MAD),B07,123,False
6,5,1.0,0.8333333333333334,0.9090909090909091,34.0,0.8333333333333334,0.0,PatchTST-SSL(HoD-cond),B07,123,False
6,5,0.9629629629629629,0.8333333333333334,0.8934707903780069,26.6,0.8333333333333334,0.0008312551953449709,HOW-profile(HoD-cond),B07,123,False
6,5,1.0,0.8333333333333334,0.9090909090909091,6.4,0.8333333333333334,0.024106400665004156,TOWT(HoW-cond),B07,123,False
6,4,0.717948717948718,0.6666666666666666,0.691358024691358,61.5,0.6666666666666666,0.00997506234413965,IsolationForest(t),B07,123,False
6,3,0.782608695652174,0.5,0.6101694915254238,93.0,0.5,0.004156275976724855,OC-SVM(t),B07,123,False
6,6,0.4696969696969697,1.0,0.6391752577319588,7.833333333333333,1.0,0.18204488778054864,Autoencoder(t),B07,123,False
6,1,1.0,0.16666666666666666,0.2857142857142857,211.0,0.16666666666666666,0.015793848711554447,LSTM-AE(t),B07,123,False
6,5,0.30851063829787234,0.8333333333333334,0.4503105590062112,1.6,0.8333333333333334,0.06525792417650715,PatchTST-SSL(HoW-cond),B08,123,False
6,5,0.65,0.8333333333333334,0.7303370786516855,16.0,0.8333333333333334,0.004972032318210068,PatchTST-SSL(global-MAD),B08,123,False
6,5,0.8823529411764706,0.8333333333333334,0.8571428571428571,21.8,0.8333333333333334,0.001243008079552517,HOW-profile(HoW-cond),B08,123,False
6,5,1.0,0.8333333333333334,0.9090909090909091,25.0,0.8333333333333334,0.0,HOW-profile(global-MAD),B08,123,False
6,5,0.6666666666666666,0.8333333333333334,0.7407407407407408,10.0,0.8333333333333334,0.00435052827843381,PatchTST-SSL(HoD-cond),B08,123,False
6,4,1.0,0.6666666666666666,0.8,9.25,0.6666666666666666,0.0,HOW-profile(HoD-cond),B08,123,False
6,5,1.0,0.8333333333333334,0.9090909090909091,25.4,0.8333333333333334,0.02983219390926041,TOWT(HoW-cond),B08,123,False
6,5,0.7021276595744681,0.8333333333333334,0.7621247113163973,13.4,0.8333333333333334,0.00870105655686762,IsolationForest(t),B08,123,False
6,5,0.7727272727272727,0.8333333333333334,0.8018867924528302,13.4,0.8333333333333334,0.003107520198881293,OC-SVM(t),B08,123,False
6,6,0.26288659793814434,1.0,0.41632653061224495,1.5,1.0,0.16594157862026104,Autoencoder(t),B08,123,False
6,2,1.0,0.3333333333333333,0.5,48.5,0.3333333333333333,0.044748290863890615,LSTM-AE(t),B08,123,False
