seed,building_id,type,patchtst_fullmask_mean,patchtst_targetmask_mean,how_mean,true_kwh
123,Fox_education_Henrietta,spike,1.6427151417515133,1.6936357076745685,2.6250779383556604,62.3151367831081
123,Fox_education_Henrietta,spike,0.49972388859355077,0.6266444396551809,1.4690394811509782,22.5339787810166
123,Fox_education_Henrietta,drift,0.7854840635598195,0.7976999816795403,0.9197848644568418,2129.2422516931865
123,Fox_education_Henrietta,schedule,-0.5139726434838856,-0.5134872162201755,-0.23297577892445612,25.668084549878433
123,Fox_education_Henrietta,spike,2.918184955976043,2.924369042179618,2.2836138888898416,93.27225626739843
123,Fox_education_Henrietta,spike,1.8560044688518098,1.9738682580525928,1.8985476732535536,40.3376104370127
123,Fox_retail_Manie,schedule,-0.45227748254131234,-0.3455052553285257,-0.12131523570695645,188.23368316345193
123,Fox_retail_Manie,drift,-0.07307556681732846,-0.04532680325607965,0.07994795303483239,1190.389224928504
123,Fox_retail_Manie,spike,2.3314801620954997,2.2473353313917643,2.8114498906992713,231.2384091885434
123,Fox_retail_Manie,drift,0.8515444991453169,0.9428153245984197,1.2206121515216686,8075.550167979638
123,Fox_retail_Manie,spike,3.6054374892291863,3.3729052264270627,3.8180497352995366,213.85785148807392
123,Fox_retail_Manie,spike,1.3442980871418388,1.4831530378082662,1.8084779949925816,89.27525732580789
123,Hog_education_Bruno,drift,1.9273708498801463,1.968810637187457,1.8684303535741498,12581.694028159582
123,Hog_education_Bruno,spike,4.836825703701514,5.181740110239524,5.080980649752948,215.44652421456883
123,Hog_education_Bruno,drift,2.546199348907638,2.6119701412168324,2.5782995481899182,23406.67398013627
123,Hog_education_Bruno,drift,2.129224515887131,2.1823971844844814,2.1476206464883596,17417.23776478174
123,Hog_education_Bruno,spike,3.3239112359447747,3.154459641592052,2.842005395648073,163.05698953102316
123,Hog_education_Bruno,schedule,-0.045344343627022214,-0.07141505762390941,-0.016689350788684772,617.2674478457445
123,Hog_education_Caridad,spike,-1.236165336216364,-1.228342584217463,0.49973454468631034,1061.8411712455413
123,Hog_education_Caridad,drift,-0.03757227867987036,-0.03506701403575846,0.5756349618035299,86699.43060486652
123,Hog_education_Caridad,spike,-0.8839452098728392,-0.8875614634077919,0.41304108399456285,1367.9883498139122
123,Hog_education_Caridad,spike,3.1992315043650152,3.0098667134485724,2.8188794042857226,2640.9671517583097
123,Hog_education_Caridad,drift,-0.6038273366846629,-0.7287109614943724,-0.26404709852178665,37859.99826159823
123,Hog_education_Caridad,drift,0.05362629706363384,0.030369923575393077,0.4586580787781105,64772.616015767635
123,Hog_education_Luvenia,drift,2.324952899792336,2.3477325770107833,2.3713306853251104,22772.992478968856
123,Hog_education_Luvenia,spike,4.238864285140711,4.053783533364014,3.5948181988802586,868.1026954124659
123,Hog_education_Luvenia,spike,2.633064867793749,2.849667769411435,3.094878833864984,520.929680394113
123,Hog_education_Luvenia,drift,3.1276733308701115,3.0956248540101847,3.190737813571797,37481.45701234491
123,Hog_education_Luvenia,drift,1.2818250500069945,1.3262217557966411,1.2638134226743807,12725.579189530934
123,Hog_education_Luvenia,spike,3.334994107242253,3.27124890660825,3.2653775963466156,339.2407858229117
123,Hog_office_Almeda,spike,3.4292139981943266,3.3257208242771923,2.5817321575464063,149.76549446840025
123,Hog_office_Almeda,drift,1.5612328766912815,1.6143837057319246,1.5586034296654314,7747.404307710045
123,Hog_office_Almeda,spike,2.956440521567254,2.67516738006392,1.7244779755609763,144.3627536775786
123,Hog_office_Almeda,spike,7.770043715601383,7.459843739633975,9.699413129090084,235.10052064671245
123,Hog_office_Almeda,schedule,0.4756805436754372,0.5982733379497277,0.6673332893911228,35.04166236582216
123,Hog_office_Almeda,schedule,-0.36386747776686945,-0.4302569842426624,0.1577607098908858,1105.6362889126906
123,Hog_office_Cortney,drift,0.5161776191940476,0.6006039033169731,0.8349132853988734,11851.782840649385
123,Hog_office_Cortney,drift,-0.027361534113611485,-0.08080423643184272,0.0641751079569375,447.3166719625189
123,Hog_office_Cortney,spike,2.9215865499080915,2.8222730324965424,2.0822630637712085,291.56911042175403
123,Hog_office_Cortney,drift,0.25827594129527154,0.33209402340933225,0.08257133486722958,422.59858870276895
123,Hog_office_Cortney,spike,2.880763092456616,3.1325001506193053,3.5975354954874925,172.28947104522612
123,Hog_office_Cortney,schedule,-0.5594525446763249,-0.5421652684567483,-0.3088211605542546,677.7136591565569
123,Hog_office_Denita,spike,3.9592975912357833,3.740894390927301,2.995173981535486,245.92402961742445
123,Hog_office_Denita,drift,1.0279849757392299,1.1038894973788298,1.1035949008328998,8123.860824342048
123,Hog_office_Denita,spike,3.889190549805563,4.1272963475732025,3.861812969874405,580.2976542057552
123,Hog_office_Denita,drift,0.4039364177090282,0.3979636176099914,0.5925185093268224,9708.280586801246
123,Hog_office_Denita,drift,0.7098050007910485,0.6007785461949927,0.6944224618179343,3217.0946225694506
123,Hog_office_Denita,spike,11.27616167664302,11.123596197364456,10.836903283122991,291.68184374277547
123,Hog_office_Garrett,spike,1.4404871585089132,1.319972482534067,1.4824042111930118,673.1114520180763
123,Hog_office_Garrett,drift,-0.5829801158649516,-0.5796170258150622,-0.05991571781484363,14814.728588802252
123,Hog_office_Garrett,drift,-0.094114971188874,-0.2187626673809399,0.2963284948127753,11676.335503672775
123,Hog_office_Garrett,drift,0.12065780203160334,0.1271773629009088,0.6534654576527511,45843.26798361361
123,Hog_office_Garrett,spike,3.163621414930287,3.1359722507304575,3.165805513990309,1278.5484206971587
123,Hog_office_Garrett,spike,0.6698088694870419,0.5655399311840481,0.9820516851674721,475.55877321060376
123,Hog_office_Lavon,drift,0.30776920221269866,0.379109490506971,0.9617067674878774,3647.447867555114
123,Hog_office_Lavon,schedule,-0.9088519183327161,-0.8957095082878472,0.13250362348567776,5611.8492374739135
123,Hog_office_Lavon,drift,0.5946315936240748,0.7975160051151144,1.182337314722181,1318.2853101519481
123,Hog_office_Lavon,drift,-0.3783894559361091,-0.38237446816846343,0.20700841400627,26866.145659749058
123,Hog_office_Lavon,spike,1.759955618338982,1.8563742166332402,2.687388771244403,4654.6576227406695
123,Hog_office_Lavon,spike,1.239557733176706,1.1729843716209711,0.9912161634453966,1229.43435372088
123,Hog_office_Merilyn,spike,2.977483001407298,3.3611053894522915,2.4180019880852615,61.160964077988055
123,Hog_office_Merilyn,drift,-0.09331046422126842,-0.13682342153515448,0.011053428857395077,3060.2811490141294
123,Hog_office_Merilyn,spike,2.6898180106630503,2.6497288206567946,3.4958695772993824,71.7595462617489
123,Hog_office_Merilyn,spike,1.1801993885506352,1.0306011119354923,0.9601996831735922,68.11640458468179
123,Hog_office_Merilyn,spike,2.6559757780894566,2.558395225988321,2.090407102660091,80.44931454341953
123,Hog_office_Merilyn,spike,1.6114702519889694,1.6117588576789719,2.7472855146059576,63.095004222696325
123,Hog_office_Miriam,spike,3.87909189645091,3.9920493740204903,4.263443459774655,115.16704691100475
123,Hog_office_Miriam,drift,0.5411186114684947,0.4846464952564445,0.6288356304866939,785.8626873676269
123,Hog_office_Miriam,schedule,-0.9420679580794528,-0.9609472172916022,-0.5699353550876695,18.70976328340205
123,Hog_office_Miriam,drift,1.1160761046844727,0.9184242334261685,1.1538679536851206,1705.9470745484928
123,Hog_office_Miriam,schedule,0.0772948952150778,0.11803276774443877,0.09084116916426446,65.11344880485477
123,Hog_office_Miriam,spike,4.575991872251944,4.568265441358999,3.2794840282545508,42.39610680408916
123,Hog_office_Napoleon,drift,0.575874021130943,0.6795925693852254,0.8880804121939875,3407.3434580976264
123,Hog_office_Napoleon,drift,-0.6037823602437544,-0.6309740307310786,-0.18359106261447206,1240.808483746051
123,Hog_office_Napoleon,spike,7.153506643369372,6.8307940431382015,6.314440331974656,194.63034878104787
123,Hog_office_Napoleon,drift,0.5392368452936667,0.4734891800523061,0.7439091212883749,7546.108563231916
123,Hog_office_Napoleon,spike,5.700236012853832,5.631969859518261,4.762922644307883,128.62317666616923
123,Hog_office_Napoleon,spike,5.7728608367719545,5.885486659196844,5.616637452004223,647.4298835368563
123,Hog_office_Shawna,spike,5.803101744770264,5.861844625591492,7.647730825765003,544.4260027035006
123,Hog_office_Shawna,spike,1.9815428025201234,1.7697041498298718,2.1501405460392555,395.22330845833704
123,Hog_office_Shawna,schedule,0.014775486516817891,0.014801227237977398,0.37885510938205796,375.54039039351596
123,Hog_office_Shawna,schedule,-0.24673987274839884,-0.28415763279825407,-0.07976565247053344,1812.6001358797075
123,Hog_office_Shawna,schedule,0.31223659737063586,0.28449400118269663,0.4706715986795026,1820.996961677357
123,Hog_office_Shawna,schedule,0.10121730532352201,0.08584011923997673,0.23583471141253212,1809.3893103200414
123,Hog_office_Shawnna,drift,1.3408579527891344,1.219674596720727,1.474582695058863,57077.844915445494
123,Hog_office_Shawnna,drift,0.32214369724706,0.2672150805548195,0.5356934773204368,53649.65084621638
123,Hog_office_Shawnna,schedule,-0.12268607585644156,-0.27001463746812204,0.024633464748075755,5029.798718629714
123,Hog_office_Shawnna,schedule,-0.7477292583697019,-0.728229325022596,-0.3886032598972229,5522.78968090047
123,Hog_office_Shawnna,spike,3.738127749315835,3.639045856795646,2.9197633888108565,2337.3119415464976
123,Hog_office_Shawnna,spike,3.0599140154617643,3.0113141762512536,3.1830145268225984,1754.7718106880961
123,Hog_office_Sherrie,schedule,-0.20010534875003153,-0.5322876894878776,-0.07233714590038284,2.3142792858528196
123,Hog_office_Sherrie,schedule,0.014270546325977605,-0.013718067412390353,0.10150826907602198,95.35744604300885
123,Hog_office_Sherrie,spike,0.8849058292991651,1.097862943280412,2.272490122491931,211.3706949657204
123,Hog_office_Sherrie,spike,1.3961850261327744,1.4181830143568037,1.484056265052642,163.03533651629357
123,Hog_office_Sherrie,spike,0.40473253613541804,0.688305199998918,1.2288903033524796,78.75970548336898
123,Hog_office_Sherrie,drift,0.4192725828730185,0.45283250586161666,0.7340729785986544,4448.7034678193995
123,Hog_office_Shon,spike,2.372582322663722,2.3772505822843883,3.204686534668132,461.2450935166311
123,Hog_office_Shon,drift,0.3291930964821574,0.3431027373593545,0.3411435438309077,761.6384899476828
123,Hog_office_Shon,schedule,0.14662956740647062,0.23041566962523105,0.3485748289447249,174.51074739469794
123,Hog_office_Shon,spike,6.683347864389223,6.212952865600387,6.275268394849494,303.0572338394775
123,Hog_office_Shon,spike,1.3095358235803156,1.3496342880692989,1.8363061151607303,256.2830427324343
123,Hog_office_Shon,drift,1.579597249443411,1.5651287240400984,1.681113632887659,5893.412325967968
123,Hog_office_Sydney,spike,3.3590656476820206,3.578918790579308,3.3896900317850376,278.96918908688116
123,Hog_office_Sydney,spike,2.655049987434779,2.453465588688289,2.241662051639927,270.126265038092
123,Hog_office_Sydney,drift,2.0063228154697392,1.8117325538303848,1.9888444213579746,17403.392146232713
123,Hog_office_Sydney,spike,5.203911196032748,4.969862948695407,5.402467060545423,129.43057796468915
123,Hog_office_Sydney,spike,2.509568487379603,2.0649777847266715,1.9420692228406875,237.61408920532858
123,Hog_office_Sydney,drift,2.7123062915226157,2.6417428953596063,2.702170092803773,17368.879460316846
123,Hog_office_Valda,spike,7.627666551962168,7.997504491701395,8.503963225954877,132.0073555071441
123,Hog_office_Valda,drift,0.147970417528068,0.12995271120792676,0.2619848082378517,2035.555266562899
123,Hog_office_Valda,spike,3.860262675800067,4.2995950715920745,3.8858274356081317,113.48555066936598
123,Hog_office_Valda,spike,2.334890735107881,2.27583951945923,2.5184426315103314,83.28508469340171
123,Hog_office_Valda,schedule,-0.38635273753644683,-0.3991209391906028,-0.12263844266833963,113.66255122026587
123,Hog_office_Valda,spike,3.1264378497618153,3.1099690864103744,3.136738279545819,111.04979550643846
123,Lamb_education_Armando,drift,0.08229511997124556,0.2836161204303133,0.18869782331747095,1382.4976844901717
123,Lamb_education_Armando,schedule,0.022602501451783934,0.22089963822544964,0.3776295120673783,11.283248806262867
123,Lamb_education_Armando,drift,0.3532689403476296,0.5075986238018935,0.45532950607293177,1622.771775139732
123,Lamb_education_Armando,spike,5.046051417533035,5.059333716574783,5.561788134964107,236.8574171616894
123,Lamb_education_Armando,spike,2.9561660675467283,2.829261246150854,2.7022644795263773,578.6431374661657
123,Lamb_education_Armando,schedule,0.12540395491046402,0.2674151391114633,0.18790294732431181,102.30411353312368
123,Lamb_education_Eula,spike,8.555116384651118,8.563871412898951,8.932909461767395,14.970820239444043
123,Lamb_education_Eula,drift,-0.06824109189050373,-0.039492945441168624,0.0020263054977046483,201.48787959516318
123,Lamb_education_Eula,spike,3.7149562136938137,3.6701186395297416,3.187015949185325,15.346985618486395
123,Lamb_education_Eula,spike,4.158250914043666,4.489195958799602,3.0765519232117615,16.404258467178053
123,Lamb_education_Eula,spike,4.297592130572816,4.136485294522068,4.287364865203233,27.277168026824217
123,Lamb_education_Eula,spike,3.8580118148827838,3.8150617807412432,3.731891776995393,6.01634712673869
123,Lamb_education_Lazaro,drift,-0.4214923854335602,-0.22567712636817672,-0.37909305125121073,1018.5965862014712
123,Lamb_education_Lazaro,spike,4.322777361258205,4.241940159186061,5.400780527902631,676.4958462135635
123,Lamb_education_Lazaro,spike,1.8430505573388416,1.7052079319592792,2.866593153828353,141.49733594162015
123,Lamb_education_Lazaro,spike,5.310607935846212,5.132292415559652,5.266470322580976,129.92503730801988
123,Lamb_education_Lazaro,spike,11.658606109681603,12.048958954873559,11.904427099822984,302.02559845077417
123,Lamb_education_Lazaro,spike,5.36368798877604,5.3671830740154505,4.949085856916865,463.6770954773831
123,Lamb_education_Lucas,drift,-0.3489043155529462,-0.2820745882112148,-0.18467949149469448,89.34172921874708
123,Lamb_education_Lucas,spike,3.172177544242473,3.0186981966161053,2.9596295106796373,56.54812635776497
123,Lamb_education_Lucas,drift,0.24156895827959116,0.43855945631077026,0.5289730450533598,362.88219666910686
123,Lamb_education_Lucas,spike,4.430867194301767,4.515366642839593,4.86909882362959,64.74101218745942
123,Lamb_education_Lucas,drift,-0.13844645781972154,0.03838203940277011,0.22846550372291236,56.64813363877833
123,Lamb_education_Lucas,spike,9.138626476666696,9.102037092587716,9.116969276216308,59.82621680586585
123,Lamb_education_Mae,schedule,0.180462683711034,0.4191781545830256,0.3884365177808744,5.25419288600467
123,Lamb_education_Mae,spike,3.2054621660717917,2.9841869576470144,3.3375500033474332,570.6439473122435
123,Lamb_education_Mae,spike,3.3244887323204297,3.397566172582271,3.3047269683363454,146.70256740553745
123,Lamb_education_Mae,drift,0.36471399461465887,0.5659660590162088,0.7072350291045526,2722.9026658176017
123,Lamb_education_Mae,drift,-0.16947336393224227,-0.14931338564205035,-0.0055940049456728565,2149.3865127621666
123,Lamb_education_Mae,drift,-0.322368137978269,-0.31524500341366074,-0.14894671604177837,3791.6686049023856
123,Lamb_education_Williams,drift,0.22362087994775395,0.32302632945240756,0.38877641566173043,3351.4967712564903
123,Lamb_education_Williams,schedule,-0.13174549756244341,-0.0025239654825348627,0.12474599950905794,62.114995414181195
123,Lamb_education_Williams,schedule,-0.9369482781296883,-0.9337382178312453,-0.8232969601052181,24.841654031099587
123,Lamb_education_Williams,spike,3.104713460290144,3.0064393882788325,4.407133744729546,492.9089012731447
123,Lamb_education_Williams,schedule,-0.10472579232621469,0.022656028526343183,0.027692272870852803,155.02713346289235
123,Lamb_education_Williams,spike,7.171961853760508,7.073417017716198,6.632694903763149,254.59421878904828
123,Lamb_office_Caitlin,schedule,-1.355254811306356,-1.3151412451734728,-0.910826009523805,24.372337078956225
123,Lamb_office_Caitlin,drift,-0.560662575370732,-0.4581212283364564,-0.11348063453513148,420.7180980826854
123,Lamb_office_Caitlin,spike,-0.30423856576524305,-0.370018291475794,1.065400446915009,147.7786728012403
123,Lamb_office_Caitlin,drift,-0.9203780005043154,-0.9146833190079842,-0.7726434953412955,1503.9490490242747
123,Lamb_office_Caitlin,spike,-0.5333280582242536,-0.5286055226140546,0.7260278929034647,137.70284069829003
123,Lamb_office_Caitlin,spike,-0.983526415847565,-0.9727961890129496,-0.20327691198745565,100.27027750694405
123,Lamb_office_Velma,drift,0.2818867895364284,0.48450508801201464,0.6741646980390424,1975.9909665477498
123,Lamb_office_Velma,schedule,0.18946381773376442,0.25281061635602076,0.2611170216491224,1083.9689514614422
123,Lamb_office_Velma,drift,0.06628118840021141,0.10988711065587653,0.09969484108897038,3072.3249169228893
123,Lamb_office_Velma,spike,3.007887985403488,3.1852704545807344,3.501788903866503,522.5582661031699
123,Lamb_office_Velma,drift,0.32343168771810665,0.4533856418696279,0.6543750193610364,2041.0632201693522
123,Lamb_office_Velma,schedule,-0.33727871732229975,-0.22331181372153563,0.04641751597919057,1117.230507604571
123,Rat_retail_Jeffrey,drift,-0.5424344822533045,-0.537518798567813,0.13149639759184628,1312.0518182804365
123,Rat_retail_Jeffrey,spike,0.8867016565132272,0.4541857174364857,2.1147468397636855,189.2789668781123
123,Rat_retail_Jeffrey,drift,0.4403576335749239,0.4902242274523985,1.138081286444401,8910.868716443787
123,Rat_retail_Jeffrey,drift,0.07527613287392901,-0.005534537828168242,0.5464045146172828,2354.9892115068847
123,Rat_retail_Jeffrey,schedule,-0.7315206505475599,-0.790367112755096,0.08372656973977535,754.4704514248123
123,Rat_retail_Jeffrey,spike,1.197294503087297,1.1360405381863268,2.698425412210425,220.22596944664465
123,Robin_education_Zenia,spike,6.1706048758572125,7.57883788265246,6.018822092897854,308.7363109287601
123,Robin_education_Zenia,spike,6.206614850408867,7.2547255739043495,5.737278818212005,282.9906895879925
123,Robin_education_Zenia,drift,5.6800788388918155,6.4325872971194995,6.005255509773621,32092.55620374616
123,Robin_education_Zenia,spike,5.085630990710506,6.063346578326472,6.1597196733519315,520.8681222245829
123,Robin_education_Zenia,spike,3.1600239080062122,3.717972044335863,4.186887474517882,259.25005965055885
123,Robin_education_Zenia,spike,6.954931984435959,7.919212589752122,6.846221696105063,124.56619969956976
123,Robin_office_Dina,drift,1.1318631796123035,1.374909930206234,1.598608545683787,2389.350675325917
123,Robin_office_Dina,schedule,0.10701034154405772,0.32510033248276093,0.46342101488872756,25.588260406798945
123,Robin_office_Dina,spike,1.1019954507488772,0.9874024614630903,2.0046129757594686,58.82737179677821
123,Robin_office_Dina,spike,2.1126435833704145,2.3809089737665325,1.851447321493345,85.39978210973145
123,Robin_office_Dina,schedule,-0.35607245819273525,-0.3351225014214731,0.02547127871434416,110.4701280502336
123,Robin_office_Dina,drift,2.002600865513945,2.0926291012803606,2.264009120723797,3727.8637343263326
123,Robin_office_Sammie,drift,0.5412197722309936,0.6053459727703638,0.7126528889930774,1709.4996051226371
123,Robin_office_Sammie,schedule,-0.5794565572381772,-0.6826535740690437,-0.41935433831698965,35.86979335507271
123,Robin_office_Sammie,drift,0.40889077315130745,0.5848916957830664,0.7832792666780896,3936.623120105494
123,Robin_office_Sammie,spike,7.183123939858115,7.373579614983237,6.668169317410221,169.7559671692543
123,Robin_office_Sammie,drift,0.563813836065242,0.5172384518507217,0.6840232833499992,6285.232032606697
123,Robin_office_Sammie,drift,2.4241614518700536,2.5554467190183328,2.776384549254159,16501.921443584568
123,Shrew_office_Doris,drift,0.1394871812996239,0.21375731363369896,0.34436237726096863,6968.328491368936
123,Shrew_office_Doris,drift,0.7639000484214084,0.9294514764418387,1.0276066337551362,12689.24547433938
123,Shrew_office_Doris,spike,2.789836702236965,2.62577014912112,3.170933997379437,489.8042756364784
123,Shrew_office_Doris,spike,4.068193284156346,4.418584061148191,4.612150545496187,502.0957380958641
123,Shrew_office_Doris,drift,1.4244279236769366,1.5758107118057327,1.8328752446983507,16033.330631029643
123,Shrew_office_Doris,spike,2.9431924447296955,2.82559294550408,3.8875021974993973,1030.993344485124
123,Shrew_office_Ila,drift,1.6753906656512936,1.8770054660909234,2.0725190832294427,19012.203627218725
123,Shrew_office_Ila,drift,2.0810064207449814,2.107326536431376,2.3555091642025388,24511.26528205332
123,Shrew_office_Ila,spike,1.270815307366342,1.106336468922586,2.970708650379943,203.38148492878386
123,Shrew_office_Ila,drift,0.5751043533441136,0.7292503969521175,0.9154425134585773,6346.046537907148
123,Shrew_office_Ila,spike,9.616146267657394,9.367640675311202,9.556143005276645,377.5391016183669
123,Shrew_office_Ila,drift,0.9041736322535263,1.0966232133089404,1.3228659674112886,6025.171995574045
123,Shrew_office_Kenneth,drift,-0.7745921172537139,-0.8050417557694247,-0.4181728767019032,1033.57387405263
123,Shrew_office_Kenneth,schedule,-1.0208644946992402,-1.039778812342441,-0.6005127378315479,1012.3292031076444
123,Shrew_office_Kenneth,spike,1.0290148893319124,0.9523783116859748,1.268866089438659,46.44256132485441
123,Shrew_office_Kenneth,spike,6.5922907237870145,6.526220942006772,7.5499153433675135,106.23505239129784
123,Shrew_office_Kenneth,drift,0.9308725705066401,1.0445182277148448,1.4961636499663296,2416.6968060991635
123,Shrew_office_Kenneth,drift,-0.32619024072463165,-0.37247006847833447,0.020684903590234508,1010.8050229793257
123,Shrew_office_Nora,schedule,0.005937003531692851,0.04636299682687233,0.237373956459913,3290.884173359972
123,Shrew_office_Nora,spike,2.365226234330662,2.2684594346423226,2.8965524943496725,376.26680608690043
123,Shrew_office_Nora,drift,0.04852760837925754,0.044757471173537594,0.2438371687864582,7614.144366066744
123,Shrew_office_Nora,schedule,-0.2067561672933542,-0.026971560461585026,0.1737963344817064,1094.4520359605751
123,Shrew_office_Nora,schedule,-0.2820430024487685,-0.19622853922574832,0.018094612734069482,1416.5460083676978
123,Shrew_office_Nora,spike,1.0339386297502329,0.931892819527607,1.6423171399884,601.9704233252105
123,Shrew_office_Sherill,spike,1.4848802324132024,1.5148874557014207,1.5917962640915662,578.3385967541096
123,Shrew_office_Sherill,spike,1.2332939723768175,1.0652432063856065,3.1202802280225694,345.8744050438456
123,Shrew_office_Sherill,spike,2.545847722672328,2.4619629470337476,2.6361810819089198,1180.8534319507842
123,Shrew_office_Sherill,schedule,-0.156821711252553,-0.0050185363685979175,-0.195466971753273,49.0780568847848
123,Shrew_office_Sherill,spike,3.050003940624712,2.8530539520211198,3.63641053825531,700.922035523425
123,Shrew_office_Sherill,spike,0.7214079176330389,0.7811857139015023,2.6524278281669114,576.2785294570245
123,Wolf_office_Darleen,spike,2.2064488336588575,2.149250428393049,1.8955889054008637,65.8937859304471
123,Wolf_office_Darleen,spike,5.112433841996865,4.852067998223977,4.924840974386622,83.28902311738497
123,Wolf_office_Darleen,spike,8.130858545730677,7.969626908729639,9.236709361503687,182.46892341773957
123,Wolf_office_Darleen,schedule,-0.1622406909497119,-0.3527461644516922,-0.15126517408817505,7.9152393080438666
123,Wolf_office_Darleen,spike,2.3337172271898816,2.7929824145725797,3.1839479464242366,124.79621838562952
123,Wolf_office_Darleen,spike,3.405875232203526,3.240650310500188,3.61246975617791,368.81726115371623
123,Wolf_retail_Harriett,spike,6.7254016368404095,6.885696884872026,5.87919802322082,457.4247901449033
123,Wolf_retail_Harriett,drift,1.0913540373868023,1.3422313815915357,1.5337482563477471,4144.361343854632
123,Wolf_retail_Harriett,drift,0.6731083991803415,0.7582309871778078,0.9463539768395938,3947.0433792888175
123,Wolf_retail_Harriett,spike,3.878413993450591,4.435219306084106,3.502815325726083,73.33517475350126
123,Wolf_retail_Harriett,drift,1.605125288800263,1.615426479263192,1.761959889150395,6837.275189996621
123,Wolf_retail_Harriett,drift,0.6928566452160372,0.8119428716989474,1.0513636570071838,3496.533831189122
123,Wolf_retail_Marcella,schedule,-0.6119548360460726,-0.5063043558303244,-0.017992135204560385,49.06125647800477
123,Wolf_retail_Marcella,schedule,-0.16946868781294522,0.014086683099493512,0.3782934173846332,31.847535902768044
123,Wolf_retail_Marcella,spike,3.5036380098917164,3.9271970050193943,3.999474187603284,58.32890246484679
123,Wolf_retail_Marcella,spike,4.934425765773243,5.281998847425566,5.128976763688219,44.71607311517462
123,Wolf_retail_Marcella,spike,0.6493857279600559,1.0112929418863712,1.8453834111659342,24.2748552787643
123,Wolf_retail_Marcella,schedule,-0.010601878131597086,0.1299272043010681,0.3832430913160183,32.58258539118555
123,Wolf_retail_Toshia,schedule,-0.2858506559414483,-0.18486146979856669,0.1402584795111954,341.2018665329207
123,Wolf_retail_Toshia,schedule,-0.2610082513816968,-0.04952946504564572,0.034003097909758175,125.23269292396866
123,Wolf_retail_Toshia,drift,-0.1527290744076515,-0.10616221772410915,0.15545147604578247,713.0171653200337
123,Wolf_retail_Toshia,schedule,-0.10226963859864764,-0.09051969714211684,0.04650588715227856,23.824743830417095
123,Wolf_retail_Toshia,schedule,-0.014268788222588378,0.2537195194893903,0.40494804043700044,5.202148174522566
123,Wolf_retail_Toshia,spike,4.046690791775285,3.861043900181352,5.277098654882241,288.7450087384966
124,Fox_education_Henrietta,schedule,-0.18186139835314696,-0.0834553986395696,0.27361616457822074,85.04709359623436
124,Fox_education_Henrietta,spike,0.6113917403331607,0.6093775801769108,1.946809754001262,97.15577474308097
124,Fox_education_Henrietta,spike,-1.177443451092556,-1.2014759961822774,-0.2345661301037352,45.41249189691273
124,Fox_education_Henrietta,schedule,-0.06645035696238799,-0.032690949884161595,0.09423391662401058,268.37177566030937
124,Fox_education_Henrietta,drift,0.9768304108687592,1.2977107789964881,1.176989733835064,575.5847397365883
124,Fox_education_Henrietta,spike,3.959252830750639,3.9602248930999586,4.025263163953552,35.908724592296714
124,Fox_retail_Manie,spike,5.253176457187761,5.025054063897559,3.0763437854115656,324.6783795867634
124,Fox_retail_Manie,schedule,-0.29554388154480044,-0.16625077768721364,0.10789632917578358,581.773262595697
124,Fox_retail_Manie,spike,4.97949868780883,4.97546969992431,3.436108820213144,539.06630964589
124,Fox_retail_Manie,drift,-0.07965100939158153,0.029063247842327646,0.2998332147061726,1881.9458686566609
124,Fox_retail_Manie,spike,1.1550475698488627,1.1105860612568927,0.29640518490915024,139.86828953034328
124,Fox_retail_Manie,schedule,0.055858072371167786,0.20896241582272732,0.16002164704808552,158.97909786805428
124,Hog_education_Bruno,drift,4.278285157311715,4.249341579840835,4.150825237189866,45585.03545374949
124,Hog_education_Bruno,drift,1.2299410230721186,1.2980064755305238,1.1670141023885305,9775.74237044861
124,Hog_education_Bruno,drift,0.9896956839987209,1.0322575796473594,1.2138347215251712,6683.47563614458
124,Hog_education_Bruno,spike,0.5669529724381646,0.37451823833210063,1.0858486511280643,233.77583318343918
124,Hog_education_Bruno,drift,0.9208234015432097,0.9955130476912294,0.9344555194983548,8399.7371323853
124,Hog_education_Bruno,spike,2.1034515652663286,1.6565398875481658,1.4093324836746377,227.8089407964058
124,Hog_education_Caridad,drift,-0.449282869971922,-0.44380431451115104,0.08474427856244209,23200.135052990874
124,Hog_education_Caridad,schedule,-0.8836384399318137,-1.035832906728473,-0.48949524263037053,660.1873401259896
124,Hog_education_Caridad,drift,-0.36700473003035544,-0.37435968653865914,0.04392776296774334,25480.28390904489
124,Hog_education_Caridad,spike,0.5314602658022931,0.4424596831072858,1.0185607517438653,1256.3625704523993
124,Hog_education_Caridad,schedule,-0.5039124428935141,-0.5855660422103892,-0.22880648404816534,3341.141974311659
124,Hog_education_Caridad,spike,0.39799309889583073,0.42910916725902043,0.839609336264127,2334.51140858897
124,Hog_education_Luvenia,spike,1.9799136222399414,1.8735316754378022,1.6648718259205546,844.7934597654494
124,Hog_education_Luvenia,drift,3.637405008101025,3.72332916269479,3.6936716487703625,47761.7934347142
124,Hog_education_Luvenia,spike,5.431075474004656,5.19471890765499,5.0998827887236,1087.3359227316205
124,Hog_education_Luvenia,spike,3.81720646724259,4.302187045466455,4.263841626218668,949.2327867924485
124,Hog_education_Luvenia,schedule,-0.21367593625777237,-0.20015902753929238,-0.15494456319430183,189.018206141238
124,Hog_education_Luvenia,drift,0.15059684163230747,0.2126505683522659,0.5553559750826019,8310.713921828867
124,Hog_office_Almeda,drift,1.3367472321160827,1.3002673616377705,1.4041439150995945,5097.313810036816
124,Hog_office_Almeda,drift,-0.5034211373075614,-0.5365819596959671,-0.1067594054607202,1321.6980341212209
124,Hog_office_Almeda,drift,1.935441996536267,1.9665251890573523,2.143231810490383,16331.593257285644
124,Hog_office_Almeda,drift,0.7208373876652324,0.7926246855150862,1.082697904475495,2655.7449469112235
124,Hog_office_Almeda,spike,3.8782326919954335,3.873699967376522,3.914833323911307,298.81744207292024
124,Hog_office_Almeda,schedule,0.6094300168981336,0.7409744623325119,0.6430560492705649,641.9764547881342
124,Hog_office_Cortney,schedule,-0.05979335825446706,-0.15484248196883463,0.0217231548792366,149.65974226068255
124,Hog_office_Cortney,spike,2.7409938388326434,3.025824975297716,2.7305789660295017,289.3528284280709
124,Hog_office_Cortney,drift,0.2641661368906038,0.24377957431139594,0.3675308991045191,2626.0831573929
124,Hog_office_Cortney,schedule,0.019992154698250816,-0.0604663203716164,0.04454198817390595,147.1910427406763
124,Hog_office_Cortney,drift,-0.25755410174423277,-0.2669189630148525,-0.09601358352560989,1643.1245456414822
124,Hog_office_Cortney,spike,4.991967717947132,5.073017607273227,4.781138912478898,907.742768172702
124,Hog_office_Denita,spike,5.384045206781972,5.110399448153127,4.678993773661345,120.63677152457318
124,Hog_office_Denita,spike,9.453872716311862,9.49984339464133,10.302659070750343,301.98127655657805
124,Hog_office_Denita,spike,4.633248639634288,4.928527263334429,4.580690417916758,536.5985857785988
124,Hog_office_Denita,spike,0.9355367071354279,0.844754064770926,2.9702620651457368,175.30595947717708
124,Hog_office_Denita,spike,2.331165568846614,2.610681972720376,2.7850476207632964,240.3568960927622
124,Hog_office_Denita,spike,4.849540004362775,4.757206663717938,4.427870656877623,582.8525776012355
124,Hog_office_Garrett,spike,1.1210591235800063,1.0265625873251234,1.0529400837857663,1140.6605739873564
124,Hog_office_Garrett,spike,3.2791976159445544,3.196164113842656,3.47573462604057,762.3619037161155
124,Hog_office_Garrett,schedule,-0.38474292468863097,-0.5336270904723542,-0.0578352990750694,1339.2874015233983
124,Hog_office_Garrett,spike,2.512518511575692,2.4349574907245564,2.4782628698288693,505.60780546124977
124,Hog_office_Garrett,schedule,-0.6469480930006175,-0.6961438225847402,-0.22642059941978157,1150.2193187770629
124,Hog_office_Garrett,schedule,-0.4236518090236292,-0.5366931339681751,-0.07357003507422225,7.08397110488238
124,Hog_office_Lavon,drift,-0.509147911066929,-0.5385971554848,0.1515009358995784,9326.875716003058
124,Hog_office_Lavon,spike,0.826214028523245,0.8573494832971479,1.715248898594825,1616.917509386898
124,Hog_office_Lavon,drift,-0.5745520937391837,-0.5636068385201505,0.31061194251973295,36693.68126916174
124,Hog_office_Lavon,drift,0.16749935375558406,0.09664537212636308,0.753574849990864,12675.462724434226
124,Hog_office_Lavon,drift,0.8057664861167992,1.0027448411651123,1.3944107272541786,12078.532404611364
124,Hog_office_Lavon,spike,2.3645067851159056,2.3528777341458276,2.845364627815097,5238.913275087185
124,Hog_office_Merilyn,drift,-0.7659134218645703,-0.8204997548544269,-0.8320311322200847,370.9129921402993
124,Hog_office_Merilyn,schedule,-0.8491212129375911,-0.8797425318214743,-0.8273988989803372,20.41504004606816
124,Hog_office_Merilyn,drift,-0.4873317699372413,-0.6284369911491514,-0.4646006886418749,163.1635930706925
124,Hog_office_Merilyn,spike,2.945888246810492,3.003083254611548,2.0072619373257172,83.42743796841972
124,Hog_office_Merilyn,drift,1.0397534872870005,1.074418120230579,1.0153466524631227,1806.3149767193665
124,Hog_office_Merilyn,spike,2.625295701677999,2.5906595220718796,1.9253174041495,31.280591583924434
124,Hog_office_Miriam,drift,-0.40388078663793037,-0.4780963525790939,-0.20805816489759293,314.80709582495695
124,Hog_office_Miriam,schedule,-0.46475486618885964,-0.43613893989996355,-0.022704143907861272,38.11091692338832
124,Hog_office_Miriam,drift,1.4955565780041107,1.2579540596155923,1.5570830369832347,2335.6281212079707
124,Hog_office_Miriam,schedule,-0.0030069576381631167,-0.05525499148830647,0.00807817840489312,157.1352706070843
124,Hog_office_Miriam,spike,4.348300419603999,3.893236048375781,4.2576644147159595,129.69070214399207
124,Hog_office_Miriam,spike,0.5757213620377529,0.18975196163186908,0.9752683691773611,42.64576901143444
124,Hog_office_Napoleon,schedule,-0.19329905781025844,-0.3982847499760504,-0.057310090445788116,6.2183212177599065
124,Hog_office_Napoleon,spike,2.3247586584936233,1.8453780032049267,3.4276250560657133,579.7176160460504
124,Hog_office_Napoleon,spike,7.548722311428924,7.575493618420501,7.263114071547634,222.56328568115947
124,Hog_office_Napoleon,schedule,0.12063273034157376,-0.043663240017208595,0.17183207614130525,1729.7672150380722
124,Hog_office_Napoleon,drift,1.453911393241653,1.631957431119252,1.774672519790064,5203.145165853249
124,Hog_office_Napoleon,spike,3.032031041114902,3.2130348798924437,3.0334348610369126,198.00313990398612
124,Hog_office_Shawna,spike,4.696349016265601,4.359141520099372,5.386265527466417,781.6706310996688
124,Hog_office_Shawna,schedule,0.3790638084861535,0.4517646144094341,0.37928513290121096,1543.902386247828
124,Hog_office_Shawna,spike,5.030462618422138,5.0593208926435596,5.233300510907751,732.4365589759394
124,Hog_office_Shawna,drift,0.24091666023501762,0.335703439051764,0.6909763474861599,3907.324712986373
124,Hog_office_Shawna,drift,0.8163708213139124,0.7382016006223092,0.8959075222162818,14157.682625094601
124,Hog_office_Shawna,spike,1.8303664387498038,2.281749105576052,2.1690397055769735,622.9690282253007
124,Hog_office_Shawnna,schedule,-0.1729262640308075,-0.2777012215880508,0.0852550533095875,3374.3531476362073
124,Hog_office_Shawnna,drift,0.8655293031531308,0.7197981989774671,0.9848709180279814,42370.330757008145
124,Hog_office_Shawnna,drift,-0.14538863581613584,-0.2713837443013577,0.10503212585113225,7368.0963669449375
124,Hog_office_Shawnna,drift,1.0567416027533472,0.9997688207929487,1.2813636338511027,90866.11881589316
124,Hog_office_Shawnna,spike,3.3660367843068473,3.253709357634866,3.4647977560787457,1092.0280815559258
124,Hog_office_Shawnna,spike,4.82288489897582,4.6271065886769005,3.8111045202882754,1307.6445955412782
124,Hog_office_Sherrie,spike,3.7174619667540716,4.056768678904645,4.222389467143103,163.92484033096008
124,Hog_office_Sherrie,spike,3.134705705798318,2.936584485924889,3.5321213200633643,382.62071569885165
124,Hog_office_Sherrie,spike,2.2900794362564563,2.43100740666585,2.455329087039793,163.5002340779823
124,Hog_office_Sherrie,drift,0.2090152989767796,0.10072182642900564,0.4074571023288936,1867.470267251767
124,Hog_office_Sherrie,drift,-0.06079705506535862,-0.1880062304434428,0.15321077830623928,689.4963211207596
124,Hog_office_Sherrie,drift,0.19547509941901894,0.18460393709139156,0.4247384778412984,1618.4411002925663
124,Hog_office_Shon,drift,2.799671703554073,2.9907281618335633,2.8655472703447833,16059.386072724168
124,Hog_office_Shon,spike,7.021926795964539,6.605184351926148,6.673212215554963,536.1976165963657
124,Hog_office_Shon,spike,3.4492145781540424,3.5061890686376436,3.717020893365334,293.58433811264706
124,Hog_office_Shon,drift,0.4021465000318014,0.389728128805695,0.6810777538759721,5955.601327272814
124,Hog_office_Shon,drift,-0.2023905976549596,-0.15062470608684525,-0.03353249781046944,707.2217123860731
124,Hog_office_Shon,drift,1.1444480179429317,1.2205951809037738,1.3037511231688677,3236.9113060826535
124,Hog_office_Sydney,schedule,-0.5159749381061005,-0.4891562903323711,-0.20245268162615523,705.9328559110647
124,Hog_office_Sydney,spike,4.018021152449597,4.1072732667455565,3.2944488116079618,202.44764198515634
124,Hog_office_Sydney,spike,-0.2872844822898409,-0.9576893933311006,0.5440724529342906,94.92475947572255
124,Hog_office_Sydney,drift,0.06942870105897786,0.03233722212074105,0.11247696329351903,3196.1619947441577
124,Hog_office_Sydney,spike,4.131240239622587,4.299504271032804,4.547629533139926,134.10317036838066
124,Hog_office_Sydney,schedule,-0.3676401969754763,-0.6414696076042025,-0.34624829167934096,1326.2000634953645
124,Hog_office_Valda,spike,2.3322266198181976,2.2166426437083744,3.972559195538335,185.29676336546265
124,Hog_office_Valda,schedule,0.19275195603144452,0.19109831288109633,0.25436212419543924,162.75010388026908
124,Hog_office_Valda,drift,0.0913476326102144,0.04134812282737362,0.2583530088099495,1050.4479678495575
124,Hog_office_Valda,drift,0.2071362908074265,0.2199320700750974,0.34703557924997747,1579.4828371874055
124,Hog_office_Valda,drift,-0.7031016704585983,-0.7118036952760649,-0.387497190661228,210.78209659420787
124,Hog_office_Valda,spike,3.7506021509249683,3.5571857342799182,3.424473127035238,46.42109759670519
124,Lamb_education_Armando,spike,5.97003571802353,6.427875207006685,5.908115790767797,235.3689587498103
124,Lamb_education_Armando,spike,7.72089508733838,7.458575641728333,7.04121005476256,266.7013071449647
124,Lamb_education_Armando,spike,2.8698991602223862,2.6713423496049393,1.9517424843337754,313.3148879906633
124,Lamb_education_Armando,drift,0.387708676504238,0.4749480253136141,0.48599040013344014,3908.176873385592
124,Lamb_education_Armando,spike,9.796759367897337,10.27351050169689,10.376210887650462,438.7677395746609
124,Lamb_education_Armando,spike,6.559260117667861,6.802165436404891,6.462605239487824,273.0229384806201
124,Lamb_education_Eula,drift,0.3345685757621615,0.4497429312649192,0.4810458808809071,112.10852965056321
124,Lamb_education_Eula,drift,0.3160734740479006,0.521833814395335,0.6195615529761442,102.29077136447805
124,Lamb_education_Eula,drift,0.44375204274742064,0.5817827117396593,0.6310221062517148,109.24967369718505
124,Lamb_education_Eula,spike,5.275191257656427,5.106356332958552,5.4789860210349355,8.806322340597648
124,Lamb_education_Eula,schedule,-0.09748987167928197,-0.036863211438467894,0.08442108114061565,24.829181915334505
124,Lamb_education_Eula,drift,0.22367129041196243,0.37279172760024337,0.4623642533140807,138.39909095063456
124,Lamb_education_Lazaro,spike,0.3739829400517244,0.3348337033726473,0.5539894311053352,404.57577640816953
124,Lamb_education_Lazaro,spike,2.8959083055199675,2.4972156529368457,2.5470063586128573,347.38993299989835
124,Lamb_education_Lazaro,spike,1.901196194109453,1.78465707343532,1.673353694166939,185.43279818733498
124,Lamb_education_Lazaro,drift,0.2662879941298452,0.3700672499656927,0.1867513367359769,1800.22821321745
124,Lamb_education_Lazaro,spike,0.593095954849807,0.5567356910253443,0.5250318088079028,175.4824471788012
124,Lamb_education_Lazaro,drift,0.5672756586508936,0.8502997423891936,0.6319990565293343,998.6636333565048
124,Lamb_education_Lucas,spike,5.27686685599176,5.659099522007385,5.012015394963166,67.2705149697321
124,Lamb_education_Lucas,drift,0.060570770670389185,0.28303000434678305,0.4052938096393833,279.43056457961706
124,Lamb_education_Lucas,drift,-0.1974546793651029,-0.1121322171099677,0.091011079802561,106.58158020200854
124,Lamb_education_Lucas,spike,5.201025743815415,4.881719519230835,4.5811951995543145,112.3246566537823
124,Lamb_education_Lucas,drift,-0.13214227024904615,-0.05883564907254504,-0.020155622478881228,142.8636242781803
124,Lamb_education_Lucas,drift,-0.04973757096420036,0.08546034148212629,0.22937213558790862,120.076411988293
124,Lamb_education_Mae,spike,1.9413883610890492,1.8142612501309496,2.7608417229234634,559.6120497702999
124,Lamb_education_Mae,spike,9.23628335139974,8.954759408452352,9.185976159579152,374.07063693443916
124,Lamb_education_Mae,drift,1.0900482510034322,1.2506351032189729,1.4214784595582526,9713.853431034633
124,Lamb_education_Mae,schedule,-0.549775862198701,-0.5857310575759713,-0.4257513936324838,436.7788957651129
124,Lamb_education_Mae,spike,5.363256240825703,5.860422850589803,5.547290069240387,913.0360806824114
124,Lamb_education_Mae,spike,0.9499319089986517,0.829383398447199,2.6480726695186605,533.3089177422272
124,Lamb_education_Williams,drift,0.24701655189820576,0.4091180869956688,0.46054570528061173,2254.71361014577
124,Lamb_education_Williams,schedule,-0.5866193060963872,-0.7132442077719029,-0.47312904241962683,167.49647288672838
124,Lamb_education_Williams,spike,1.0835683886344212,0.9011644069487827,1.2275093889560134,301.0388779167403
124,Lamb_education_Williams,spike,1.0113331964237073,1.0257572224361278,1.5975305753318245,121.79125345325055
124,Lamb_education_Williams,schedule,-0.4053466817393102,-0.4611648230049101,-0.4331844623665901,185.6626891849035
124,Lamb_education_Williams,spike,0.32561561566010455,0.26021722059861163,2.402281056019838,358.78784765197656
124,Lamb_office_Caitlin,spike,-1.4961166535032266,-1.4708852682722084,0.7962416922507902,146.02063838652072
124,Lamb_office_Caitlin,drift,-1.079084918622953,-1.0643248911696495,-0.9187324416366864,794.5412126531814
124,Lamb_office_Caitlin,spike,1.8748450337388243,1.87423188075802,1.86355926312276,172.94184812799463
124,Lamb_office_Caitlin,spike,-0.10290217642107022,-0.050478729050541064,0.4954037049420695,114.4825158257064
124,Lamb_office_Caitlin,drift,-0.9868833213272444,-0.9939572841398668,-0.7985053825761192,825.5763640564028
124,Lamb_office_Caitlin,drift,-0.4476926415616125,-0.43394662713229964,-0.1386655205390271,423.11632054752926
124,Lamb_office_Velma,spike,2.616910103354521,2.638495663199491,2.4086671589756112,441.3428516432133
124,Lamb_office_Velma,spike,1.542341947963899,1.3863474879772122,2.8787728861960753,434.807136929555
124,Lamb_office_Velma,schedule,0.11762601979902203,0.33998031432427445,0.31906853610573405,264.62097731589085
124,Lamb_office_Velma,spike,1.7483921109572822,1.701319485797065,1.5756806570893345,423.1878199042235
124,Lamb_office_Velma,spike,3.557301606431301,3.7865438418534354,3.1300782941397425,557.9323523020983
124,Lamb_office_Velma,schedule,-0.23885840078529183,-0.1000727825960869,0.10471983103294988,70.6239454143992
124,Rat_retail_Jeffrey,drift,-0.3777556762896366,-0.36983398505075643,0.24664666702644883,1894.6298642885504
124,Rat_retail_Jeffrey,schedule,-0.3727907400721605,-0.3937128936103311,0.24734806513955107,1233.4733862035846
124,Rat_retail_Jeffrey,spike,1.6872304750880638,1.3700106812915245,3.085067428775722,141.82856022609417
124,Rat_retail_Jeffrey,spike,4.009866836144774,4.4098628783963605,5.117208307858266,122.05126722103282
124,Rat_retail_Jeffrey,drift,0.47207383310695583,0.25981019419658397,0.9765915722559314,5934.08946597922
124,Rat_retail_Jeffrey,spike,-0.6834847523363918,-0.7768536998423428,1.0070585855881493,75.03092725864182
124,Robin_education_Zenia,drift,7.875097714739834,8.660718164810245,8.157095112297636,39975.06812067103
124,Robin_education_Zenia,spike,6.407862534456098,6.909793724946819,6.421380699435601,478.96331934207205
124,Robin_education_Zenia,spike,3.8116886149480123,4.780764741761901,3.653013224816726,213.82678522318224
124,Robin_education_Zenia,spike,6.13905051109264,7.145528892249563,6.069477651910813,451.5156173223503
124,Robin_education_Zenia,drift,8.607459895045995,9.389417312772514,8.989300877920455,55159.77368010481
124,Robin_education_Zenia,spike,6.8525500650656275,7.3519029175690855,7.477972763959047,319.07377537566447
124,Robin_office_Dina,drift,1.8861785486892304,1.9228629228745093,2.2660690516282416,5248.729313204103
124,Robin_office_Dina,drift,0.7971019405311635,0.991323479524192,1.1594946945936186,2372.7995535481996
124,Robin_office_Dina,spike,5.155587381759271,5.23520368997155,4.770410023821262,113.17178425413817
124,Robin_office_Dina,spike,3.064686746027325,3.2381707138083913,3.2607291391508695,103.85123793855118
124,Robin_office_Dina,spike,3.3453366919503607,3.5138962431893743,5.033876837168572,152.2184125679827
124,Robin_office_Dina,spike,3.0757353392379043,3.082124075009084,3.544254481003456,192.7158847968807
124,Robin_office_Sammie,drift,0.4707187865059966,0.6650212935457771,0.8099305624865262,2979.6266498770647
124,Robin_office_Sammie,spike,4.461880251583808,4.879352494892829,4.2283103142978895,324.3497571837656
124,Robin_office_Sammie,drift,0.7959924039430838,0.7580163311523619,0.9896293288767218,4010.8388784456756
124,Robin_office_Sammie,spike,4.139916004367274,4.6308337913231075,4.831544596758751,398.85428192056133
124,Robin_office_Sammie,spike,3.5919757872788085,3.6057938128677973,4.564392640171225,79.7331718275391
124,Robin_office_Sammie,spike,10.458073566806625,10.233875940692734,10.34681204754949,245.05695107701519
124,Shrew_office_Doris,drift,0.2870630217765037,0.43500887276855366,0.6368554865748787,7572.206200451032
124,Shrew_office_Doris,spike,6.925184436427156,7.292456098185579,6.543087229430952,347.68336924645484
124,Shrew_office_Doris,spike,1.3665489686935413,1.2091500712841023,2.2930232561354043,552.3972861989043
124,Shrew_office_Doris,spike,2.287064759681154,2.202074496695925,2.1691320509414433,175.27273580776856
124,Shrew_office_Doris,drift,0.060023147638820856,0.15639601526278576,0.40194527423298304,1259.7007641984019
124,Shrew_office_Doris,drift,0.3313738416948988,0.3939585127625936,0.2551361405444008,3574.4543677011866
124,Shrew_office_Ila,drift,2.177878819028958,2.4483593761797864,2.594265675532723,15069.627038744915
124,Shrew_office_Ila,drift,1.525022224424673,1.684162349186483,1.8800180258112547,10283.435832930953
124,Shrew_office_Ila,spike,1.4147307412427537,1.2531948821347825,2.24166926125523,155.26510348529843
124,Shrew_office_Ila,drift,-0.02521812625148066,0.08849362148605178,0.25306485350993924,2861.668889784182
124,Shrew_office_Ila,drift,1.5871539059769981,1.790320894653511,1.823810571336499,15457.307775017456
124,Shrew_office_Ila,spike,1.2226796841957037,1.1006836688854162,2.282170162734434,160.2436871752297
124,Shrew_office_Kenneth,spike,5.034687964633325,4.922784297183373,6.259464245830008,99.5805209276823
124,Shrew_office_Kenneth,drift,0.4325708633872363,0.4679252304212381,0.9571900068123254,5004.013194423458
124,Shrew_office_Kenneth,drift,0.9506327251759428,1.1011557873265816,1.382851571172541,3386.4578934774263
124,Shrew_office_Kenneth,schedule,-0.8664958708361858,-0.9119942376142813,-0.51126922062736,624.7919714417208
124,Shrew_office_Kenneth,spike,2.427294361718153,2.3535238148050053,2.2363679140289072,157.14316452050156
124,Shrew_office_Kenneth,spike,0.19305713531918298,0.039850548481414685,0.8009862045478441,90.97810993694345
124,Shrew_office_Nora,spike,1.37906565442719,1.1503572282695567,2.434610942354744,535.3313704862776
124,Shrew_office_Nora,spike,1.91254741451191,1.9483247846468994,2.368917677432345,485.0079610688855
124,Shrew_office_Nora,spike,7.200867679121373,7.061487104894994,8.38214025160087,571.1736982997313
124,Shrew_office_Nora,spike,2.6013410512411275,2.8059338106516676,2.6808741840838044,552.9763488267555
124,Shrew_office_Nora,spike,1.9358210424051434,2.2673084000215677,2.7409664615959306,561.2467565478511
124,Shrew_office_Nora,schedule,0.05799413495438481,-0.07867810562408119,0.27559716735610357,920.1056377770979
124,Shrew_office_Sherill,spike,2.292205667280736,2.3981008587117816,2.4800117747774393,555.3048472694255
124,Shrew_office_Sherill,drift,-0.06670579176683476,-0.01896375174611063,0.2488132883746886,2663.7315123518097
124,Shrew_office_Sherill,spike,3.8446796426078547,3.949095369269536,3.6477336280681976,2071.2057542393763
124,Shrew_office_Sherill,drift,0.6943724009733608,0.7345265238496042,0.9785058732083565,32256.17046765065
124,Shrew_office_Sherill,spike,2.704707507932918,2.618374948347346,2.575880975056534,1302.61703386148
124,Shrew_office_Sherill,schedule,-0.7369291719410559,-0.746149982996546,-0.5107846426548542,1821.382975167228
124,Wolf_office_Darleen,drift,-0.4951200061776725,-0.4816974682101099,-0.16934410565046687,1390.1157146341059
124,Wolf_office_Darleen,drift,0.13267354379453214,0.3221772990597581,0.30507386965028926,397.33894205403715
124,Wolf_office_Darleen,spike,1.1832719548697725,0.714096362804915,1.4678261537007682,61.49308986519393
124,Wolf_office_Darleen,drift,0.0017787583559460043,0.1722441062492563,0.32859099029613104,1191.1858442698244
124,Wolf_office_Darleen,spike,3.045423408464,3.349899207666919,2.987993546953053,224.10831275648945
124,Wolf_office_Darleen,spike,2.1541424775231466,2.048542108546554,2.149548215721494,269.3189836371401
124,Wolf_retail_Harriett,drift,0.5643318814213457,0.8395072019879776,0.9640994684470171,699.6025349802051
124,Wolf_retail_Harriett,spike,1.5933448613411607,1.57789721496169,1.9310686737366014,232.50153552626406
124,Wolf_retail_Harriett,spike,2.4690107595764053,2.4524128528279507,4.043978348984495,252.38866515641712
124,Wolf_retail_Harriett,schedule,0.18467633605140552,0.4426388695311689,0.5186583345716416,145.733724454765
124,Wolf_retail_Harriett,schedule,0.053261962016950416,0.25758551804277335,0.493261557673192,162.05045998031096
124,Wolf_retail_Harriett,schedule,0.5245516126883412,0.6623003966859116,0.7562467764570102,119.94805690324156
124,Wolf_retail_Marcella,spike,0.9245752067582418,0.5976880015151312,1.636785921912869,25.60743844796349
124,Wolf_retail_Marcella,drift,0.7500122440336658,0.822209068802983,1.1482845216063444,786.9366060904479
124,Wolf_retail_Marcella,drift,-0.053476987924381936,0.11206720518946164,0.2876840888314665,59.85411486576385
124,Wolf_retail_Marcella,spike,5.5915090758430726,5.386056574069238,5.884864568735543,34.67535205814959
124,Wolf_retail_Marcella,spike,3.4271215494971434,4.055559128175274,3.105533740932676,57.00228686930619
124,Wolf_retail_Marcella,spike,1.0259785825301961,1.2060033256103355,1.6775362119527684,23.510959528295764
124,Wolf_retail_Toshia,spike,6.201376720922994,6.4890989508805745,7.679052510822104,276.4263988335657
124,Wolf_retail_Toshia,spike,0.26724465847416845,0.29748480678006156,1.4398909964712654,374.05781544063984
124,Wolf_retail_Toshia,spike,1.3582429043343138,1.4959772777448566,1.6671980414678012,249.00184443313907
124,Wolf_retail_Toshia,spike,2.12121918813898,2.4921918811054415,2.1037363428507176,452.5884349261682
124,Wolf_retail_Toshia,drift,0.10087272651639377,0.20584634569929833,0.4040379368699274,6422.930264539212
124,Wolf_retail_Toshia,schedule,-0.34425614673651544,-0.2448621053125192,0.20155918444225407,340.61040539831106
125,Fox_education_Henrietta,drift,0.19263363814402334,0.20220489755072907,0.4200067466497828,598.5985581659684
125,Fox_education_Henrietta,drift,1.1599055324812715,1.2920398513918105,1.5662797579870917,2400.088564324584
125,Fox_education_Henrietta,drift,-0.07870291594457109,-0.07117645533641406,0.05935946508018596,540.2119040686758
125,Fox_education_Henrietta,spike,1.921032963471756,2.2433486414722057,1.3373952706780952,36.0945882773962
125,Fox_education_Henrietta,spike,1.4832422402964225,1.3908998397455805,1.6552115258226152,81.58184989895344
125,Fox_education_Henrietta,spike,-0.20213466445230452,-0.24786220947526902,0.0007650299549652711,38.41518311375407
125,Fox_retail_Manie,schedule,-0.3952838676318527,-0.31169434732645757,-0.0011578616247531427,284.449580378533
125,Fox_retail_Manie,spike,3.2827236857587985,3.5886555221254524,4.585670816269378,111.01398628845477
125,Fox_retail_Manie,spike,2.773376248892863,3.168287347373088,4.385707540981359,379.413394761061
125,Fox_retail_Manie,drift,0.9129171402054492,0.941642199644567,1.0474941302037757,7865.936876474687
125,Fox_retail_Manie,spike,4.64749539504017,4.915652519559519,5.8995759871731375,108.99385831212118
125,Fox_retail_Manie,schedule,-0.23530579905748805,-0.21531606547326285,-0.0675333777444248,405.93068316393874
125,Hog_education_Bruno,spike,1.6109753296649119,1.9808616922175548,1.607794981923526,312.75642837070376
125,Hog_education_Bruno,drift,0.9052816495908182,0.8690798148604281,0.8258349009783185,10749.250750571227
125,Hog_education_Bruno,drift,3.1393827466845172,3.255814718341651,3.0933496317830396,19829.771289727974
125,Hog_education_Bruno,schedule,0.09912419547060729,0.1648176921970606,0.0793390513573242,16.76775248648599
125,Hog_education_Bruno,spike,7.988361687230375,7.899699480103758,7.560658062972174,315.77954937997606
125,Hog_education_Bruno,spike,2.1091076103016047,2.4406733281576938,2.2110878199367487,255.52678180948936
125,Hog_education_Caridad,drift,-0.410394356400735,-0.47641977949370945,-0.023917951151933202,24796.305619986917
125,Hog_education_Caridad,schedule,-0.7448144313664066,-0.8762081004508305,-0.3451618714427675,26454.571203329004
125,Hog_education_Caridad,drift,-0.3748699873854869,-0.3714426306555822,0.19701527646073688,25166.5028841908
125,Hog_education_Caridad,spike,0.9361298990223426,0.7837461145692686,0.4683431390544849,1405.568272198052
125,Hog_education_Caridad,schedule,-0.8421312239422689,-0.9622185548617178,-0.3947130520935321,1785.4406558020355
125,Hog_education_Caridad,spike,0.8868753065218268,0.8584042687763511,1.725170735757597,5528.517773563717
125,Hog_education_Luvenia,drift,2.0866393101668854,2.0800672429467073,2.1492507479342695,22117.776017834374
125,Hog_education_Luvenia,schedule,-0.04123133947161177,0.007570879859652749,-0.05364359208544477,1307.3753470860104
125,Hog_education_Luvenia,spike,3.338376557923541,3.6797532917034483,3.1118249686340054,817.921750837455
125,Hog_education_Luvenia,spike,3.7433409526198367,3.6839663817732786,4.063729450995568,344.3924846400242
125,Hog_education_Luvenia,drift,2.2155565028806143,2.2895602943171673,2.313856661370312,32161.386777319243
125,Hog_education_Luvenia,spike,1.254090909302838,1.6988723542696311,1.4718295427400128,552.7556680826458
125,Hog_office_Almeda,schedule,0.4590563962441474,0.5016510958816289,0.5081223603843253,1044.874169314801
125,Hog_office_Almeda,spike,9.569054615701544,9.359916550124991,8.502358741441544,230.51329091093888
125,Hog_office_Almeda,schedule,0.4189706584566975,0.4209462970416556,0.5308108799356155,551.9775902909631
125,Hog_office_Almeda,schedule,-0.770076601440664,-0.771461191572205,-0.5692094277464335,75.69179760304814
125,Hog_office_Almeda,drift,0.31558546335578186,0.37782355290979375,0.5147267173214981,2236.5204910795974
125,Hog_office_Almeda,spike,1.7618287114053288,2.0025091228633443,2.1773252116584483,197.6429583723955
125,Hog_office_Cortney,schedule,0.22235082525961591,0.2997909762730498,0.09196965197673447,8.479006557511866
125,Hog_office_Cortney,spike,3.458342767254228,3.1361802582896905,4.844675811383501,679.9732451130769
125,Hog_office_Cortney,schedule,-0.6566373372073391,-0.681837813456398,-0.40339553905393966,432.95555441297813
125,Hog_office_Cortney,spike,4.140001207390772,4.472336202660547,4.325678730467924,204.3800659532417
125,Hog_office_Cortney,drift,0.26680125118551723,0.21731954213239824,0.3548670182353173,1825.5476711500949
125,Hog_office_Cortney,drift,0.40277718084731484,0.3137116755669337,0.43794843769802566,3889.8111400101625
125,Hog_office_Denita,drift,0.7627100344747907,0.7292428992378815,0.879336185565956,6315.1397327904415
125,Hog_office_Denita,spike,3.6846098296889447,3.6990540020712994,3.556217922620118,372.7701261554439
125,Hog_office_Denita,spike,3.4462154158199527,3.5057426440958874,3.4655701002003045,283.0466927443895
125,Hog_office_Denita,spike,4.9724548436978,4.903615591702714,4.551359700084434,270.5505183689115
125,Hog_office_Denita,spike,3.143604694401895,3.2943757162448524,4.005288218578685,380.94907226615607
125,Hog_office_Denita,spike,4.7037122683328745,4.908700080375111,4.774995996506917,697.2933614574519
125,Hog_office_Garrett,spike,1.345488343466441,1.3571199514757792,2.0881945073381654,497.01771566821037
125,Hog_office_Garrett,spike,1.653812508261804,1.689203600562219,2.089054474277996,476.25508259218657
125,Hog_office_Garrett,spike,0.7422786488621456,0.7327378525822382,1.9438382358473707,2096.455504810596
125,Hog_office_Garrett,drift,-0.09266090116176705,-0.08295906859163146,0.47508759618076213,12773.126389135547
125,Hog_office_Garrett,drift,0.5107153490764756,0.42004093474882537,0.8829745111388416,51342.3436347032
125,Hog_office_Garrett,spike,6.054926561763561,5.96644465868739,5.621389095629081,1091.7914091283226
125,Hog_office_Lavon,spike,1.5442879828730047,1.5385983380594672,1.3352377798966428,3053.2715828107503
125,Hog_office_Lavon,drift,-0.7298591763344415,-0.7199485692448425,0.03587015102804819,2211.8689172691506
125,Hog_office_Lavon,spike,3.214952804812282,3.20529662139067,3.8336201397929,1460.8104946844185
125,Hog_office_Lavon,spike,1.6822783621679185,1.9888846846948507,1.7532905585486784,2068.408927771738
125,Hog_office_Lavon,drift,-0.7645210411601163,-0.7557096500461695,0.027729091298291556,3815.901282654052
125,Hog_office_Lavon,drift,-0.5324210995008828,-0.5363577107720358,0.15912180459433617,15595.540216521305
125,Hog_office_Merilyn,spike,1.6801563133849233,1.9193025459899042,2.0353453290054446,67.22808295567438
125,Hog_office_Merilyn,spike,5.038717894757076,5.280805497372432,3.920350649524988,30.613660170820815
125,Hog_office_Merilyn,schedule,-0.7365356779916118,-0.7203209662965301,-0.659895037377452,26.92700700815443
125,Hog_office_Merilyn,spike,1.5699902153550784,1.5117252445756595,1.0370852291606754,23.39544674447538
125,Hog_office_Merilyn,spike,1.0822017220013274,0.8362246977640124,0.4325849335625567,33.06410441968688
125,Hog_office_Merilyn,spike,6.23446833841843,6.503800270486301,5.299963073416728,42.739964659491385
125,Hog_office_Miriam,schedule,0.05818498421793631,-0.022473557929590802,0.14029771852707362,274.8299047126119
125,Hog_office_Miriam,drift,0.5272969735263286,0.36191141308332464,0.6330456040648842,740.5649660234842
125,Hog_office_Miriam,spike,4.7234631450413955,4.6181365968226675,4.803009658584823,60.118896519511196
125,Hog_office_Miriam,drift,1.5352673282576634,1.4955297740216587,1.7465018977744278,3228.040308046265
125,Hog_office_Miriam,drift,0.042361254298357104,-0.13316430872562732,0.09856393680636111,574.7881678564999
125,Hog_office_Miriam,spike,10.040309998313155,9.538300844947067,10.185490753577257,74.05538466666819
125,Hog_office_Napoleon,schedule,0.3131402836171059,0.21520123266114186,0.33259907469638383,1825.4205643773823
125,Hog_office_Napoleon,spike,5.074616232065317,5.0115897919217325,6.175655332488968,856.9261365765834
125,Hog_office_Napoleon,spike,2.5314934356077767,2.491840408550129,2.1257411929949304,342.60770424165764
125,Hog_office_Napoleon,schedule,0.44985344178044423,0.2849859489221238,0.35748381416266417,783.2068546541666
125,Hog_office_Napoleon,spike,3.702527436620068,3.4162274926961183,3.72506498711137,241.54001691691545
125,Hog_office_Napoleon,schedule,0.07967916490663048,0.12246545604738303,0.15963673897027178,3.3832195119656636
125,Hog_office_Shawna,drift,0.4833067885271635,0.37800941398808624,0.5495757574017807,4581.01767824491
125,Hog_office_Shawna,spike,0.6094957834645899,0.6538468247815761,2.2855222719622867,332.47888321134457
125,Hog_office_Shawna,schedule,0.29812574579808093,0.2722573508537963,0.39300947575134465,3204.8763529117205
125,Hog_office_Shawna,spike,11.244985841774097,10.874219082855335,9.905754766081786,659.6621460362825
125,Hog_office_Shawna,spike,3.7316426714876827,3.5733564973492955,4.830534141429828,995.2031409847842
125,Hog_office_Shawna,spike,0.40228161800802076,0.3787531613200934,2.1174632618195868,291.51041674021275
125,Hog_office_Shawnna,spike,1.851527867242817,1.5585537230224649,1.8727733726219638,579.7146900218349
125,Hog_office_Shawnna,schedule,0.07192664682553308,-0.03277147064762962,0.2801578237329381,860.903122068736
125,Hog_office_Shawnna,spike,2.1705374911392497,2.0328774645889567,2.1416834621962444,1263.975074420967
125,Hog_office_Shawnna,schedule,-0.273153440566074,-0.46821054931601996,-0.13676178153574503,1759.7279450535848
125,Hog_office_Shawnna,spike,1.1293391512769229,1.0286568479674822,1.193546922550972,840.1210646996985
125,Hog_office_Shawnna,schedule,-0.41962392958970446,-0.5262752525612904,-0.2525852239631288,397.874705104555
125,Hog_office_Sherrie,spike,4.333124638308601,4.562090874423103,5.275474027263826,107.88363979132309
125,Hog_office_Sherrie,spike,4.843394934972527,4.561009086509945,4.040301883759529,320.0357796466335
125,Hog_office_Sherrie,drift,0.4679776304665238,0.4957085603180557,0.5616558553225948,1176.5719930238233
125,Hog_office_Sherrie,schedule,-0.7338546818774542,-0.7255858763462902,-0.21736461993895295,13.457790522136015
125,Hog_office_Sherrie,spike,2.201193405770813,1.885862536811386,1.9438392566317435,212.24493076145416
125,Hog_office_Sherrie,schedule,-0.10939516185569226,-0.12610105131746124,0.10393171898394578,31.128764828247803
125,Hog_office_Shon,spike,2.2455215415648584,2.656178351371682,2.163074099661145,97.26023092668142
125,Hog_office_Shon,drift,1.6799523223192692,1.6555558536967074,1.7944706525062972,12101.633138171115
125,Hog_office_Shon,drift,1.7265379938727519,1.716711411973468,1.903321562989875,9491.396401500355
125,Hog_office_Shon,drift,2.2610189283523665,2.3456507379678966,2.70567866585881,13558.17408813101
125,Hog_office_Shon,drift,0.8722608536707129,0.8635307913427888,0.9362750578031195,3049.0686924011943
125,Hog_office_Shon,spike,11.683518105242332,12.17782208422192,12.155406645760895,287.1406084253411
125,Hog_office_Sydney,spike,1.082188336469215,0.7930910273566663,1.0860144322369774,191.4336743613265
125,Hog_office_Sydney,drift,0.8028260019960338,0.7086220672396158,0.827437799898173,2925.8063625232526
125,Hog_office_Sydney,drift,3.4025986956386465,3.399566549145292,3.6836894327742704,32395.681663496915
125,Hog_office_Sydney,spike,2.0980560815904608,2.0471727467153538,2.5880157534624217,384.23774745484377
125,Hog_office_Sydney,spike,2.028929054201952,1.890389263094774,2.3774086611420895,121.62422362076859
125,Hog_office_Sydney,spike,3.577364644601713,3.2720932873038158,3.738518164020865,189.96004928123833
125,Hog_office_Valda,drift,0.4526819153422557,0.443279157175011,0.6006016547848861,1760.9761103458088
125,Hog_office_Valda,drift,0.6529944177422644,0.6395675037072323,0.8114712770427531,2132.6749139695894
125,Hog_office_Valda,spike,1.5403702499626302,1.652620309805694,1.5631012723199493,58.171822816359274
125,Hog_office_Valda,drift,-0.42982192916849005,-0.3943024133058016,0.06604097930759034,280.5367410103387
125,Hog_office_Valda,spike,1.7802225724652903,1.828158157646209,1.510355243435791,65.18675585885163
125,Hog_office_Valda,spike,1.551331168977691,1.4585348830305271,1.5082154952138136,72.81999331760733
125,Lamb_education_Armando,drift,0.19665534197927634,0.41632253232365973,0.3440473297870489,904.6723238745834
125,Lamb_education_Armando,spike,1.4023556913280604,1.2474557663345451,2.6725393477438772,520.6153725558952
125,Lamb_education_Armando,drift,0.09303590055599545,0.12324604418850499,0.08009582319745481,3860.576313779388
125,Lamb_education_Armando,spike,1.6657994148717217,1.8470893062736484,2.4937198161229985,275.5897765531901
125,Lamb_education_Armando,spike,10.05320178303109,9.943186003297432,10.040973232135263,430.0272865574996
125,Lamb_education_Armando,spike,3.703181263579681,3.6034139362710262,5.228950861918802,432.3378584456088
125,Lamb_education_Eula,spike,4.405613628880364,4.427886632935387,4.288083079582118,7.2204594944024
125,Lamb_education_Eula,spike,0.9909520040968961,0.8122977307458625,2.3689945009576987,12.352700755739706
125,Lamb_education_Eula,drift,0.6933440881033277,0.952709843443619,0.8371391779394627,107.43897173360656
125,Lamb_education_Eula,spike,2.1848278413926217,2.2159547776693755,2.255141791744574,11.847483646017526
125,Lamb_education_Eula,spike,4.267426551693287,4.679595173710194,4.08527128263015,6.94078038385251
125,Lamb_education_Eula,spike,3.6997693484982177,3.952147931452624,3.30653350396969,6.7498187085270915
125,Lamb_education_Lazaro,drift,-1.0527679163731936,-1.0657960117164769,-1.0707374389065807,679.5843723798425
125,Lamb_education_Lazaro,spike,1.9437492609585936,2.3793343648876366,2.149758875514858,199.02676030251615
125,Lamb_education_Lazaro,drift,0.6294791753532686,0.8176726689380603,0.611227743282151,608.1370570542234
125,Lamb_education_Lazaro,schedule,-0.7144730724642845,-0.7983828420844101,-0.69697147295092,1340.0668601331145
125,Lamb_education_Lazaro,schedule,-0.7131971745669481,-0.7073070256267622,-0.8150581678446895,295.31902645981654
125,Lamb_education_Lazaro,spike,3.701301056686154,3.7408312544654914,3.7060472819589108,438.5333684411504
125,Lamb_education_Lucas,drift,-0.21818606802741636,-0.04589527010554308,0.20953291309937155,44.430473400545154
125,Lamb_education_Lucas,spike,1.2440245381902972,1.1129869453024188,2.021128445700424,40.98769218688992
125,Lamb_education_Lucas,spike,4.23434244247176,4.068127208966988,4.80506528360916,124.75394431378707
125,Lamb_education_Lucas,drift,0.28707125350056933,0.49363531924685505,0.49340837219038536,463.29103167116466
125,Lamb_education_Lucas,drift,0.02268453950799954,0.14090831887714517,0.18511989472329243,97.49477022361795
125,Lamb_education_Lucas,drift,-0.3330858764197618,-0.35189193788574474,-0.293126151114158,117.22433174609765
125,Lamb_education_Mae,drift,-0.3220682262619916,-0.37733329725668674,-0.29134603065902803,1443.3927288465475
125,Lamb_education_Mae,spike,2.9264069594215347,3.26606367749681,2.815785175846178,439.88992240202737
125,Lamb_education_Mae,spike,9.563144002916196,9.511509393216947,9.546798463752115,413.9739990629172
125,Lamb_education_Mae,schedule,0.39414337157641255,0.7461525036669546,0.4503812562513857,6.69251278102152
125,Lamb_education_Mae,drift,0.4321126527419746,0.5791800597580736,0.6713667076770493,2506.240240079557
125,Lamb_education_Mae,spike,3.816487162503492,3.753722994717848,4.022925696125592,841.557992119025
125,Lamb_education_Williams,drift,0.09338828651204903,0.2715250784572624,0.3258333925556729,431.8890048490721
125,Lamb_education_Williams,drift,0.12294560382353521,0.3107914536902036,0.35297243670824563,2030.5082810536642
125,Lamb_education_Williams,spike,1.6419722947043898,1.6617754908961775,2.8402847416182357,205.64093225785726
125,Lamb_education_Williams,spike,2.143087609519317,1.9530982612667027,2.0956737331499053,233.39598361089998
125,Lamb_education_Williams,schedule,-0.60181982538029,-0.6707685947013341,-0.5995209723744375,460.5784731650495
125,Lamb_education_Williams,drift,-0.5845501501632256,-0.6436985329726527,-0.5290077195226489,631.9116321838826
125,Lamb_office_Caitlin,spike,-0.889247618748584,-0.8290472255486635,-1.092185345298148,180.6922829058492
125,Lamb_office_Caitlin,spike,3.2726697484859635,3.245533601463716,3.3277298902229515,122.1565021221314
125,Lamb_office_Caitlin,schedule,-1.0744506878970068,-1.063010170516173,-0.8094306199190663,13.431040709532962
125,Lamb_office_Caitlin,spike,-0.22062131916839411,-0.41051182305175593,-1.1918881957796708,84.41559833196992
125,Lamb_office_Caitlin,drift,-1.033110353641341,-1.0224729927059315,-0.9217670078022606,173.78614754734792
125,Lamb_office_Caitlin,drift,-1.137846173759421,-1.11020426518333,-0.8104666881663518,911.4017366571402
125,Lamb_office_Velma,drift,1.1196443285063873,1.3438233997254048,1.2853196816425936,11531.344202363198
125,Lamb_office_Velma,drift,0.19849716674867857,0.33865296785474547,0.40532605714963765,1694.136946978436
125,Lamb_office_Velma,drift,1.789136886237919,1.8733184594539982,1.886705404947205,25866.605814655755
125,Lamb_office_Velma,schedule,0.10490821020330793,0.13474599166322884,0.3632137063703356,901.9816008525459
125,Lamb_office_Velma,spike,1.936450563204906,1.8522790594226337,2.9279956929183726,486.13591267083405
125,Lamb_office_Velma,schedule,-0.34418945674069085,-0.23551330673607865,0.034679380345830416,322.72392264067025
125,Rat_retail_Jeffrey,drift,-0.3179179451537336,-0.3137128812369908,0.3296080579414648,3683.3403690303307
125,Rat_retail_Jeffrey,schedule,-0.1793288878688731,-0.22825691468838608,0.3544610411390584,981.962425425242
125,Rat_retail_Jeffrey,spike,0.9010313110116999,1.0462641374830284,0.891148798030733,71.14463859529044
125,Rat_retail_Jeffrey,spike,1.4255414629371301,1.4179047370345725,1.1284680482081637,236.10275981052712
125,Rat_retail_Jeffrey,spike,2.408117107173244,2.1651362395489606,1.6859643645511362,160.34177061970212
125,Rat_retail_Jeffrey,spike,2.544738275482706,2.5893326229596654,3.473511823399641,139.4611817724224
125,Robin_education_Zenia,schedule,1.9197138590009923,2.506913411744515,2.0833726917446738,1221.8326744633548
125,Robin_education_Zenia,drift,2.637733610586252,3.3462350856422645,2.947176502115189,2100.1254110666678
125,Robin_education_Zenia,spike,7.098342299466528,8.198518554374772,6.87615201141802,391.44900124433565
125,Robin_education_Zenia,spike,9.445897092184016,10.758982648214289,9.154444041008736,202.65121879629663
125,Robin_education_Zenia,spike,6.590988642143847,7.14941898004973,6.520315504416641,651.8508931335659
125,Robin_education_Zenia,drift,3.0603293977278563,3.812084331765029,3.3372101684012043,7018.39135260816
125,Robin_office_Dina,spike,1.2518255846879354,1.3401708441159599,1.1433082640600083,39.1022694351812
125,Robin_office_Dina,spike,3.767586954285035,3.9035124658041487,3.0849912769946832,75.51796794738951
125,Robin_office_Dina,drift,1.699424013066996,1.9063142764842884,2.2139778003939075,2637.2662061178125
125,Robin_office_Dina,drift,0.3487974866368983,0.517743488858875,0.8281223602087363,1099.758793489123
125,Robin_office_Dina,spike,1.0882842604959166,1.0182665352666533,1.9036234826262965,34.19400504871101
125,Robin_office_Dina,spike,4.878157336777594,5.210101683205512,4.8271544866339315,94.67854658591658
125,Robin_office_Sammie,drift,-0.6394360058442784,-0.6693319752003782,-0.3471234395681452,841.9997581450713
125,Robin_office_Sammie,drift,1.379312690929289,1.5766478028249684,1.7563875166160303,9581.709311236431
125,Robin_office_Sammie,schedule,-0.1187124346799839,-0.02554598198543761,0.14981416779179002,1922.5757180762594
125,Robin_office_Sammie,drift,1.6675184508909102,1.638092723574534,1.8740437361431996,13932.256565202417
125,Robin_office_Sammie,drift,1.442095016957202,1.5654709317618394,1.682690943340241,3807.589248566563
125,Robin_office_Sammie,drift,1.7020733754439015,1.6779820078146999,1.8288297465211347,8953.762898788209
125,Shrew_office_Doris,spike,1.211713284817001,1.26534545477893,0.9374586752743729,438.4235387510678
125,Shrew_office_Doris,drift,1.0286118581431194,1.1624296773696525,1.3303144753705554,16799.09479739034
125,Shrew_office_Doris,drift,0.6129111305073449,0.762456822237356,0.9487633736788461,8622.393010842425
125,Shrew_office_Doris,spike,2.993065635401911,3.5458660026777844,3.484544563941896,524.0467404579867
125,Shrew_office_Doris,spike,2.0315886465866337,1.904040965254999,2.824182045423382,613.3828341873266
125,Shrew_office_Doris,spike,2.9865812576675457,3.0384291804695165,2.872448826879669,817.4530199935923
125,Shrew_office_Ila,drift,1.1777741016066283,1.2274717757319575,1.4813532075177585,8092.2630891555
125,Shrew_office_Ila,drift,1.6855282781748335,1.7943452452545154,1.8724183273190462,12037.258840181286
125,Shrew_office_Ila,spike,2.2797495528188425,2.1101149483648025,2.043343333265251,363.82611180846686
125,Shrew_office_Ila,drift,0.8327106117239537,0.874576292323539,1.1164135589688096,12957.90945118457
125,Shrew_office_Ila,schedule,0.04901993070822534,0.24825455867157953,0.4123045284808221,421.3858559237735
125,Shrew_office_Ila,schedule,0.2262732036871187,0.4122999054271661,0.4923225250735938,965.7284850764911
125,Shrew_office_Kenneth,spike,0.6806272100880162,0.7202921938374058,1.6729955750548644,37.49559363344386
125,Shrew_office_Kenneth,spike,3.84748057923899,3.775988562923529,4.4125966731572674,107.92377169233482
125,Shrew_office_Kenneth,spike,3.1017616059954323,3.4695908058757934,3.672237598157988,176.82601251107485
125,Shrew_office_Kenneth,drift,0.25964537377542357,0.3171439176756395,0.6838054251933322,1280.2181063696082
125,Shrew_office_Kenneth,spike,3.2068485692507407,3.4340405539042136,3.492677348650217,32.97755570930851
125,Shrew_office_Kenneth,drift,-0.44729006170916163,-0.4792026269404848,-0.0011191139665268242,2128.875852557867
125,Shrew_office_Nora,spike,1.1982917637389943,1.4294424206775471,1.7560351507306522,533.0891825585595
125,Shrew_office_Nora,schedule,-0.26434506043991507,-0.15739764039138768,0.14574931531721866,2981.023794672533
125,Shrew_office_Nora,spike,0.1578975918671414,0.05574493435829133,1.1961525924182368,512.4936999745446
125,Shrew_office_Nora,drift,0.7337038777090683,0.8143169949601994,0.8877643099678287,8720.76403198205
125,Shrew_office_Nora,drift,0.2079672508204027,0.29900927073013334,0.39038686964137986,5538.294768080046
125,Shrew_office_Nora,spike,0.857453379890957,0.8017576554036523,1.852138878271878,584.0091646070908
125,Shrew_office_Sherill,drift,-0.06442634046896534,-0.008429585139056036,0.14475641942489967,6154.903042607274
125,Shrew_office_Sherill,drift,0.06401698745463226,0.11426690975883154,0.291066137261436,15584.728581219393
125,Shrew_office_Sherill,spike,3.4112804403720514,3.889917599242749,3.6847205359849453,1659.3641878329586
125,Shrew_office_Sherill,drift,0.08850293578399256,0.1926021416472407,0.395411218968986,12838.608090591768
125,Shrew_office_Sherill,spike,1.4587609290852144,1.427679565526445,1.7800995217228823,742.7763700713136
125,Shrew_office_Sherill,spike,1.274248301150455,1.089265603981469,3.604381100269028,1192.8569303110821
125,Wolf_office_Darleen,spike,2.542805566858962,2.8564099179920697,2.5351999762729034,99.16450495826523
125,Wolf_office_Darleen,spike,0.8030637994668316,0.6462207809350322,2.2660277836063254,246.32410982455139
125,Wolf_office_Darleen,drift,-0.1782889450217819,-0.03188871219138663,0.2561352595308591,603.1866924908074
125,Wolf_office_Darleen,drift,0.6241729775431963,0.658998093706316,0.8474327490642412,4447.357799361156
125,Wolf_office_Darleen,spike,3.4984015824534866,3.617830932352778,4.226902425501582,83.50141860992213
125,Wolf_office_Darleen,drift,-0.35898721716342724,-0.3328089974973436,0.12574005662273025,653.5756699963993
125,Wolf_retail_Harriett,drift,-0.2806505992481837,-0.1750353627621859,0.09014601015718751,407.38698679316815
125,Wolf_retail_Harriett,spike,1.7330084463451636,2.4286273092522555,1.7811000356819553,113.73908092832042
125,Wolf_retail_Harriett,spike,4.584765856704556,4.061014915745897,3.6370026266011632,241.54507678752975
125,Wolf_retail_Harriett,drift,1.0346496805791563,1.1809152263744136,1.352672683610246,2813.4429861476005
125,Wolf_retail_Harriett,spike,9.643503710425467,9.113334968484015,10.225932928802866,188.35812793738017
125,Wolf_retail_Harriett,spike,2.677458335239356,2.7343355310744695,3.2014792233001623,68.3812415627187
125,Wolf_retail_Marcella,schedule,0.03468634578260117,0.24865768428131774,0.5787432162361157,54.16335719103934
125,Wolf_retail_Marcella,drift,0.4215383840881388,0.42183958188023174,0.844858429903742,849.5865120107323
125,Wolf_retail_Marcella,schedule,0.03268980889418255,0.212468272943993,0.46015468833646594,52.692329457659355
125,Wolf_retail_Marcella,spike,5.9478939184667174,5.762307346773298,6.631088602658249,74.93968467220296
125,Wolf_retail_Marcella,drift,-0.49923042043557847,-0.5286920766448373,-0.1422511348678826,127.71859867087753
125,Wolf_retail_Marcella,schedule,-0.17399224553580955,-0.05255503525660311,0.21222913848102964,39.65172435042676
125,Wolf_retail_Toshia,spike,3.478702883692142,3.300103287668582,2.7004063880408586,436.4490351587483
125,Wolf_retail_Toshia,spike,0.9203810384391133,0.7760077169059101,1.5840808408916938,447.8777360003793
125,Wolf_retail_Toshia,drift,0.02733920621528783,0.1164014142589653,0.32220675026524986,3069.4324441058966
125,Wolf_retail_Toshia,drift,-0.2787530038223174,-0.154130480425731,0.17281930017961453,939.2136099106452
125,Wolf_retail_Toshia,drift,-0.0616421106280769,0.04957314628038811,0.22043391602767382,842.5686690004807
125,Wolf_retail_Toshia,drift,-0.037696373951313575,0.05939947228167905,0.4191360313874778,5010.699309011548
