est_kwh,true_kwh,delta_kwh,matched_err_kwh,false_add_kwh,unmatched_ev_flagged_kwh,missed_kwh,frac_events_matched,model,building_id,seed
942.0283222366622,2373.369318511601,-1431.3409962749386,-2059.000729715002,715.6429547730495,0.0,87.98322133298653,0.6666666666666666,PatchTST-SSL(HoW-cond),Fox_education_Henrietta,123
6867.236819478156,9988.54459407402,-3121.3077745958635,-5245.631533070528,2633.071108152469,0.0,508.74734967780324,0.5,PatchTST-SSL(HoW-cond),Fox_retail_Manie,123
30068.43810159043,54401.37673466893,-24332.9386330785,-24917.62070584577,584.682072767273,0.0,0.0,1.0,PatchTST-SSL(HoW-cond),Hog_education_Bruno,123
68799.91377317741,194402.84155505014,-125602.92778187273,-139534.52798629066,16361.429725477365,0.0,2429.8295210594533,0.6666666666666666,PatchTST-SSL(HoW-cond),Hog_education_Caridad,123
3155.5131173381433,74708.30184247419,-71552.78872513605,-34662.22536592364,1111.8233335266123,0.0,38002.38669273902,0.6666666666666666,PatchTST-SSL(HoW-cond),Hog_education_Luvenia,123
4659.407343875326,9417.311027781248,-4757.903683905923,-5120.526454266076,362.62277036015246,0.0,0.0,1.0,PatchTST-SSL(HoW-cond),Hog_office_Almeda,123
3687.5890246783256,13863.27034193821,-10175.681317259885,-10063.540978433768,565.5733203304396,0.0,677.7136591565569,0.8333333333333334,PatchTST-SSL(HoW-cond),Hog_office_Cortney,123
4842.007454974453,22167.1395612787,-17325.132106304245,-17511.778380522857,186.6462742186113,0.0,0.0,1.0,PatchTST-SSL(HoW-cond),Hog_office_Denita,123
21347.564958604107,74761.55072201448,-53413.98576341037,-55714.27133071105,2973.3970193187565,0.0,673.1114520180763,0.8333333333333334,PatchTST-SSL(HoW-cond),Hog_office_Garrett,123
28700.472311883408,43327.82005139158,-14627.347739508172,7680.989957314388,8205.255830481607,0.0,30513.593527304172,0.6666666666666666,PatchTST-SSL(HoW-cond),Hog_office_Lavon,123
353.3972144823437,3404.8623827046636,-3051.46516822232,-3125.6374858155204,74.17231759320042,0.0,0.0,1.0,PatchTST-SSL(HoW-cond),Hog_office_Merilyn,123
1610.4062611441304,2733.19612771947,-1122.7898665753396,-1175.594240471236,52.80437389589603,0.0,0.0,1.0,PatchTST-SSL(HoW-cond),Hog_office_Miriam,123
6060.361766348884,13164.94391405967,-7104.582147710786,-6034.036028292027,170.2623643272936,0.0,1240.808483746051,0.8333333333333334,PatchTST-SSL(HoW-cond),Hog_office_Napoleon,123
4871.952463022633,6758.17610943246,-1886.2236464098269,-4458.476092706753,2947.792836690441,0.0,375.54039039351596,0.8333333333333334,PatchTST-SSL(HoW-cond),Hog_office_Shawna,123
30972.17709491079,125372.16791342666,-94399.99081851587,-94542.66109413472,142.67027561884876,0.0,0.0,1.0,PatchTST-SSL(HoW-cond),Hog_office_Shawnna,123
1268.8990840763968,4999.540930113644,-3730.6418460372474,-4127.0087432506125,398.68117649921726,0.0,2.3142792858528196,0.8333333333333334,PatchTST-SSL(HoW-cond),Hog_office_Sherrie,123
4339.557015713295,7850.146933398892,-3510.5899176855964,-4011.9561963231768,501.36627863757997,0.0,0.0,1.0,PatchTST-SSL(HoW-cond),Hog_office_Shon,123
19459.318811811703,35688.41172784455,-16229.092916032845,-16044.00273483578,85.03608384102546,0.0,270.126265038092,0.8333333333333334,PatchTST-SSL(HoW-cond),Hog_office_Sydney,123
837.4241281235569,2589.0456041595153,-1751.6214760359585,-1866.774097338382,228.81517252268947,0.0,113.66255122026587,0.8333333333333334,PatchTST-SSL(HoW-cond),Hog_office_Valda,123
1166.585497764294,3934.357376597145,-2767.771878832851,-1447.521325276548,73.5303797401309,0.0,1393.7809332964346,0.6666666666666666,PatchTST-SSL(HoW-cond),Lamb_education_Armando,123
204.7994057066802,281.50345907383456,-76.70405336715436,-185.63655812762948,108.93250476047511,0.0,0.0,1.0,PatchTST-SSL(HoW-cond),Lamb_education_Eula,123
4093.196453007038,2732.2174995928317,1360.9789534142064,1126.127139517258,234.85181389694787,0.0,0.0,1.0,PatchTST-SSL(HoW-cond),Lamb_education_Lazaro,123
529.5382001083256,689.9874148777225,-160.44921476939692,-357.0742888698689,196.62507410047215,0.0,0.0,1.0,PatchTST-SSL(HoW-cond),Lamb_education_Lucas,123
4244.617143238074,9386.55849108594,-5141.9413478478655,-7377.00166166158,2235.0603138137144,0.0,0.0,1.0,PatchTST-SSL(HoW-cond),Lamb_education_Mae,123
2.769891893731004e-05,0.0,2.769891893731004e-05,0.0,2.769891893731004e-05,0.0,0.0,,PatchTST-SSL(HoW-cond),Lamb_education_Willetta,123
1388.3612305235688,4340.983674226856,-2952.6224437032874,-3111.129994527834,893.4002350058638,0.0,734.8926841813179,0.3333333333333333,PatchTST-SSL(HoW-cond),Lamb_education_Williams,123
2287.1147693468693,2334.791275192391,-47.67650584552166,-1235.9704171971232,1312.9365259375022,0.0,124.64261458590028,0.6666666666666666,PatchTST-SSL(HoW-cond),Lamb_office_Caitlin,123
4651.411544729768,9813.136828809173,-5161.725284079404,-7579.417973739074,2417.6926896596688,0.0,0.0,1.0,PatchTST-SSL(HoW-cond),Lamb_office_Velma,123
3327.6389309795113,13741.885133980677,-10414.246203001167,-10531.305604722296,306.33836859924213,0.0,189.2789668781123,0.8333333333333334,PatchTST-SSL(HoW-cond),Rat_retail_Jeffrey,123
25015.361909043822,33588.96758583762,-8573.605676793799,-14612.46699129312,6038.861314499323,0.0,0.0,1.0,PatchTST-SSL(HoW-cond),Robin_education_Zenia,123
2766.134473692809,6397.499952015792,-3631.3654783229827,-3530.95526185846,10.05991158571043,0.0,110.4701280502336,0.8333333333333334,PatchTST-SSL(HoW-cond),Robin_office_Dina,123
7227.455194029437,28638.901961943724,-21411.446767914287,-21391.223348566666,15.646374007452085,0.0,35.86979335507271,0.8333333333333334,PatchTST-SSL(HoW-cond),Robin_office_Sammie,123
4358.000779605778,37713.79795495542,-33355.797175349646,-33676.70149986692,320.90432451727384,0.0,0.0,1.0,PatchTST-SSL(HoW-cond),Shrew_office_Doris,123
19467.233586498558,56475.608029300376,-37008.37444280182,-37103.004080361556,94.62963755973796,0.0,0.0,1.0,PatchTST-SSL(HoW-cond),Shrew_office_Ila,123
1849.8463122107273,5626.082519954916,-3776.236207744189,-3776.2362077441894,0.0,0.0,0.0,1.0,PatchTST-SSL(HoW-cond),Shrew_office_Kenneth,123
3140.549401710595,14394.2638131671,-11253.714411456505,-10001.781627810138,164.61322472133082,0.0,1416.5460083676978,0.8333333333333334,PatchTST-SSL(HoW-cond),Shrew_office_Nora,123
3207.6021128545935,3431.345055613974,-223.74294275938064,-642.5262961982799,1168.783445847109,0.0,750.0000924082099,0.6666666666666666,PatchTST-SSL(HoW-cond),Shrew_office_Sherill,123
1643.4450570184995,833.1804513129612,810.2646057055383,89.12106763320844,721.1435380723301,0.0,0.0,1.0,PatchTST-SSL(HoW-cond),Wolf_office_Darleen,123
4015.855923920116,18955.973709227597,-14940.11778530748,-15154.24319308704,214.12540777956002,0.0,0.0,1.0,PatchTST-SSL(HoW-cond),Wolf_retail_Harriett,123
303.76545380406867,240.8112086307441,62.95424517332458,15.80183900499162,47.15240616833289,0.0,0.0,1.0,PatchTST-SSL(HoW-cond),Wolf_retail_Marcella,123
2920.6369696187116,1497.2236255203593,1423.4133440983524,582.4925084756951,1129.665844361154,0.0,288.7450087384966,0.8333333333333334,PatchTST-SSL(HoW-cond),Wolf_retail_Toshia,123
799.8685563052954,2373.369318511601,-1573.5007622063054,-2069.767540873319,584.25,0.0,87.98322133298653,0.6666666666666666,HOW-profile(HoW-cond),Fox_education_Henrietta,123
14562.680137133691,9988.54459407402,4574.135543059672,-1950.2771072625264,7033.160000000001,0.0,508.74734967780324,0.5,HOW-profile(HoW-cond),Fox_retail_Manie,123
31878.872116407994,54401.37673466893,-22522.504618260933,-23187.436618260934,664.9320000000004,0.0,0.0,1.0,HOW-profile(HoW-cond),Hog_education_Bruno,123
119836.79772427783,194402.84155505014,-74566.04383077231,-91284.51730971286,19148.303000000004,0.0,2429.8295210594533,0.6666666666666666,HOW-profile(HoW-cond),Hog_education_Caridad,123
4577.728156114697,74708.30184247419,-70130.5736863595,-70370.53372014247,1100.1305000000004,0.0,860.1704662170247,0.6666666666666666,HOW-profile(HoW-cond),Hog_education_Luvenia,123
7675.823982462366,9417.311027781248,-1741.4870453188823,-3327.4300453188835,1585.9430000000002,0.0,0.0,1.0,HOW-profile(HoW-cond),Hog_office_Almeda,123
7306.278461669479,13863.27034193821,-6556.991880268732,-6467.317221112175,588.0390000000002,0.0,677.7136591565569,0.8333333333333334,HOW-profile(HoW-cond),Hog_office_Cortney,123
8355.183141678637,22167.1395612787,-13811.956419600061,-13939.08441960006,127.128,0.0,0.0,1.0,HOW-profile(HoW-cond),Hog_office_Denita,123
36114.230696630635,74761.55072201448,-38647.320025383844,-39908.10757336577,1933.8990000000001,0.0,673.1114520180763,0.8333333333333334,HOW-profile(HoW-cond),Hog_office_Garrett,123
42807.6880101995,43327.82005139158,-520.1320411920824,12813.829486112081,17179.631999999998,0.0,30513.593527304172,0.6666666666666666,HOW-profile(HoW-cond),Hog_office_Lavon,123
346.7739829020855,3404.8623827046636,-3058.088399802578,-3110.344399802578,52.256,0.0,0.0,1.0,HOW-profile(HoW-cond),Hog_office_Merilyn,123
1474.5316245480399,2733.19612771947,-1258.6645031714302,-1246.4057398880282,6.4510000000000005,0.0,18.70976328340205,0.8333333333333334,HOW-profile(HoW-cond),Hog_office_Miriam,123
8827.264891300076,13164.94391405967,-4337.679022759594,-3468.8095390135404,371.93899999999996,0.0,1240.808483746051,0.8333333333333334,HOW-profile(HoW-cond),Hog_office_Napoleon,123
6658.6585744905315,6758.17610943246,-99.51753494192872,-3539.1680349419285,3439.6504999999997,0.0,0.0,1.0,HOW-profile(HoW-cond),Hog_office_Shawna,123
41629.966433604,125372.16791342666,-83742.20147982266,-84619.06947982268,876.8680000000002,0.0,0.0,1.0,HOW-profile(HoW-cond),Hog_office_Shawnna,123
1535.8318603869589,4999.540930113644,-3463.7090697266854,-3867.5693443978234,501.53200000000004,0.0,97.67172532886167,0.6666666666666666,HOW-profile(HoW-cond),Hog_office_Sherrie,123
4962.597496457617,7850.146933398892,-2887.5494369412745,-3765.1854369412754,877.6359999999999,0.0,0.0,1.0,HOW-profile(HoW-cond),Hog_office_Shon,123
21393.906543235473,35688.41172784455,-14294.505184609076,-14166.569419570988,142.19050000000001,0.0,270.126265038092,0.8333333333333334,HOW-profile(HoW-cond),Hog_office_Sydney,123
1142.6440303980007,2589.0456041595153,-1446.4015737615146,-1615.4505225412486,282.71149999999994,0.0,113.66255122026587,0.8333333333333334,HOW-profile(HoW-cond),Hog_office_Valda,123
2675.9925904557667,3934.357376597145,-1258.3647861413783,-527.217101651207,651.3500000000001,0.0,1382.4976844901717,0.8333333333333334,HOW-profile(HoW-cond),Lamb_education_Armando,123
349.98811955844275,281.50345907383456,68.48466048460818,-190.76023951539182,259.24490000000003,0.0,0.0,1.0,HOW-profile(HoW-cond),Lamb_education_Eula,123
2968.1787745986016,2732.2174995928317,235.96127500576995,352.13837048315236,347.5,0.0,463.6770954773831,0.8333333333333334,HOW-profile(HoW-cond),Lamb_education_Lazaro,123
904.2959490717606,689.9874148777225,214.3085341940381,-89.40296580596157,303.71149999999994,0.0,0.0,1.0,HOW-profile(HoW-cond),Lamb_education_Lucas,123
6898.730079476711,9386.55849108594,-2487.828411609229,-7058.274218723225,4575.700000000001,0.0,5.25419288600467,0.8333333333333334,HOW-profile(HoW-cond),Lamb_education_Mae,123
0.0,0.0,0.0,0.0,0.0,0.0,0.0,,HOW-profile(HoW-cond),Lamb_education_Willetta,123
3119.4173531278057,4340.983674226856,-1221.5663210990506,-1626.1736369177333,1139.5,0.0,734.8926841813179,0.3333333333333333,HOW-profile(HoW-cond),Lamb_education_Williams,123
4572.9266456146015,2334.791275192391,2238.1353704222106,-146.32201499189023,2509.1000000000004,0.0,124.64261458590028,0.6666666666666666,HOW-profile(HoW-cond),Lamb_office_Caitlin,123
6355.612831868983,9813.136828809173,-3457.523996940189,-5278.093489335619,2937.7999999999997,0.0,1117.230507604571,0.8333333333333334,HOW-profile(HoW-cond),Lamb_office_Velma,123
10084.464700307979,13741.885133980677,-3657.420433672698,-5497.461466794587,2029.32,0.0,189.2789668781123,0.8333333333333334,HOW-profile(HoW-cond),Rat_retail_Jeffrey,123
29429.288301985354,33588.96758583762,-4159.679283852267,-13713.298734152704,9678.18565,0.0,124.56619969956976,0.8333333333333334,HOW-profile(HoW-cond),Robin_education_Zenia,123
4856.316017446328,6397.499952015792,-1541.1839345694634,-1639.0966065192306,208.38280000000003,0.0,110.4701280502336,0.8333333333333334,HOW-profile(HoW-cond),Robin_office_Dina,123
7306.123485983682,28638.901961943724,-21332.77847596004,-21415.20343260497,118.29475,0.0,35.86979335507271,0.8333333333333334,HOW-profile(HoW-cond),Robin_office_Sammie,123
12183.623003949877,37713.79795495542,-25530.174951005545,-25754.574951005547,224.4,0.0,0.0,1.0,HOW-profile(HoW-cond),Shrew_office_Doris,123
28909.06283571986,56475.608029300376,-27566.545193580518,-27727.545193580518,160.99999999999997,0.0,0.0,1.0,HOW-profile(HoW-cond),Shrew_office_Ila,123
2340.9805635438943,5626.082519954916,-3285.101956411022,-3294.801956411022,9.7,0.0,0.0,1.0,HOW-profile(HoW-cond),Shrew_office_Kenneth,123
10260.19832427146,14394.2638131671,-4134.06548889564,-5363.165488895636,1229.1,0.0,0.0,1.0,HOW-profile(HoW-cond),Shrew_office_Nora,123
5188.944963205764,3431.345055613974,1757.5999075917898,-29.500000000000455,2537.1,0.0,750.0000924082099,0.6666666666666666,HOW-profile(HoW-cond),Shrew_office_Sherill,123
3149.7652120049174,833.1804513129612,2316.584760691956,19.084760691956262,2297.5,0.0,0.0,1.0,HOW-profile(HoW-cond),Wolf_office_Darleen,123
7087.277968291002,18955.973709227597,-11868.695740936595,-12435.140490936596,566.44475,0.0,0.0,1.0,HOW-profile(HoW-cond),Wolf_retail_Harriett,123
611.9391240400568,240.8112086307441,371.12791540931266,246.8704218873174,173.31875,0.0,49.06125647800477,0.8333333333333334,HOW-profile(HoW-cond),Wolf_retail_Marcella,123
5835.528263884465,1497.2236255203593,4338.304638364105,1915.051090026571,2837.2312500000003,0.0,413.9777016624653,0.6666666666666666,HOW-profile(HoW-cond),Wolf_retail_Toshia,123
1602.497718131599,2373.369318511601,-770.8716003800018,-1815.6711082137308,1132.7827291667152,0.0,87.98322133298653,0.6666666666666666,TOWT(HoW-cond),Fox_education_Henrietta,123
11800.174248384898,9988.54459407402,1811.6296543108783,-3344.243003421322,5664.620007410003,0.0,508.74734967780324,0.5,TOWT(HoW-cond),Fox_retail_Manie,123
31638.934892101606,54401.37673466893,-22762.44184256732,-23265.03641937009,502.59457680276785,0.0,0.0,1.0,TOWT(HoW-cond),Hog_education_Bruno,123
45199.574770671155,194402.84155505014,-149203.26678437897,-156238.45523404572,8403.176799480652,0.0,1367.9883498139122,0.8333333333333334,TOWT(HoW-cond),Hog_education_Caridad,123
3602.89370919589,74708.30184247419,-71105.4081332783,-33953.499837630014,1189.7191829136427,0.0,38341.62747856193,0.5,TOWT(HoW-cond),Hog_education_Luvenia,123
6602.067699855463,9417.311027781248,-2815.2433279257857,-3910.9802166048394,1095.7368886790525,0.0,0.0,1.0,TOWT(HoW-cond),Hog_office_Almeda,123
6313.858095217338,13863.27034193821,-7549.412246720873,-7386.9991324562125,515.3005448918967,0.0,677.7136591565569,0.8333333333333334,TOWT(HoW-cond),Hog_office_Cortney,123
8117.270742336339,22167.1395612787,-14049.86881894236,-14140.276845265369,90.40802632301116,0.0,0.0,1.0,TOWT(HoW-cond),Hog_office_Denita,123
15856.763986117614,74761.55072201448,-58904.786735896865,-43626.12887334203,209.1821782654948,0.0,15487.840040820329,0.6666666666666666,TOWT(HoW-cond),Hog_office_Garrett,123
10611.759372450451,43327.82005139158,-32716.06067894113,-23790.48176629489,1652.003502534737,0.0,10577.582415180976,0.5,TOWT(HoW-cond),Hog_office_Lavon,123
758.6239605812963,3404.8623827046636,-2646.2384221233674,-2828.8264998410455,182.5880777176783,0.0,0.0,1.0,TOWT(HoW-cond),Hog_office_Merilyn,123
1768.29410671269,2733.19612771947,-964.9020210067799,-1035.4336299855765,70.53160897879677,0.0,0.0,1.0,TOWT(HoW-cond),Hog_office_Miriam,123
8673.994872173273,13164.94391405967,-4490.949041886397,-3595.2342328974937,345.0936747571477,0.0,1240.808483746051,0.8333333333333334,TOWT(HoW-cond),Hog_office_Napoleon,123
5690.791277766313,6758.17610943246,-1067.384831666147,-4120.928110379016,3053.5432787128716,0.0,0.0,1.0,TOWT(HoW-cond),Hog_office_Shawna,123
17689.649346014576,125372.16791342666,-107682.51856741209,-108016.0309655486,333.51239813652006,0.0,0.0,1.0,TOWT(HoW-cond),Hog_office_Shawnna,123
1670.169088444805,4999.540930113644,-3329.371841668839,-3801.8781647157157,570.1780483757384,0.0,97.67172532886167,0.6666666666666666,TOWT(HoW-cond),Hog_office_Sherrie,123
4987.691443992589,7850.146933398892,-2862.455489406303,-3494.690301649317,632.2348122430137,0.0,0.0,1.0,TOWT(HoW-cond),Hog_office_Shon,123
20152.607039963634,35688.41172784455,-15535.804687880915,-15372.066279339622,106.38785649679556,0.0,270.126265038092,0.8333333333333334,TOWT(HoW-cond),Hog_office_Sydney,123
1506.9818503412848,2589.0456041595153,-1082.0637538182305,-1170.8413439223536,202.4401413243887,0.0,113.66255122026587,0.8333333333333334,TOWT(HoW-cond),Hog_office_Valda,123
1270.8937109004007,3934.357376597145,-2663.463665696744,-1349.4701448862643,170.8082772128146,0.0,1484.8017980232953,0.6666666666666666,TOWT(HoW-cond),Lamb_education_Armando,123
334.6559888275268,281.50345907383456,53.15252975369225,-192.10574676410278,245.25827651779497,0.0,0.0,1.0,TOWT(HoW-cond),Lamb_education_Eula,123
4129.819913043526,2732.2174995928317,1397.6024134506943,1084.974760295695,312.62765315499837,0.0,0.0,1.0,TOWT(HoW-cond),Lamb_education_Lazaro,123
607.2857774819603,689.9874148777225,-82.70163739576219,-318.8823055276316,236.18066813186937,0.0,0.0,1.0,TOWT(HoW-cond),Lamb_education_Lucas,123
1130.4497112809227,9386.55849108594,-8256.108779805018,-4506.502355733013,47.31637371638579,0.0,3796.92279778839,0.6666666666666666,TOWT(HoW-cond),Lamb_education_Mae,123
1.6472787154806303e-05,0.0,1.6472787154806303e-05,0.0,1.6472787154806303e-05,0.0,0.0,,TOWT(HoW-cond),Lamb_education_Willetta,123
1932.0999164918005,4340.983674226856,-2408.883757735056,-2749.7226034870846,1075.7315299333466,0.0,734.8926841813179,0.3333333333333333,TOWT(HoW-cond),Lamb_education_Williams,123
3500.583426247561,2334.791275192391,1165.79215105517,732.114922030438,2062.268892634908,0.0,1628.591663610175,0.5,TOWT(HoW-cond),Lamb_office_Caitlin,123
4193.831655987265,9813.136828809173,-5619.305172821908,-6664.045149300825,2161.970484083488,0.0,1117.230507604571,0.8333333333333334,TOWT(HoW-cond),Lamb_office_Velma,123
9998.851304816988,13741.885133980677,-3743.033829163689,-2705.9699839648383,1218.7373913845092,0.0,2255.801236583361,0.5,TOWT(HoW-cond),Rat_retail_Jeffrey,123
36938.75408090583,33588.96758583762,3349.786495068205,-10576.235615394056,13926.022110462265,0.0,0.0,1.0,TOWT(HoW-cond),Robin_education_Zenia,123
4072.654374682007,6397.499952015792,-2324.8455773337846,-2346.0483777930767,131.67292850952572,0.0,110.4701280502336,0.8333333333333334,TOWT(HoW-cond),Robin_office_Dina,123
5894.137637815805,28638.901961943724,-22744.76432412792,-22708.894530772846,0.0,0.0,35.86979335507271,0.8333333333333334,TOWT(HoW-cond),Robin_office_Sammie,123
9494.411030931458,37713.79795495542,-28219.386924023966,-28513.372070940604,293.9851469166408,0.0,0.0,1.0,TOWT(HoW-cond),Shrew_office_Doris,123
23421.345919107676,56475.608029300376,-33054.2621101927,-33267.46657996281,213.20446977011426,0.0,0.0,1.0,TOWT(HoW-cond),Shrew_office_Ila,123
1866.3946510051624,5626.082519954916,-3759.687868949754,-1715.3089719177979,0.0,0.0,2044.3788970319556,0.6666666666666666,TOWT(HoW-cond),Shrew_office_Kenneth,123
10659.044339269261,14394.2638131671,-3735.219473897838,-4952.973009539817,1217.7535356419785,0.0,0.0,1.0,TOWT(HoW-cond),Shrew_office_Nora,123
4706.235855118364,3431.345055613974,1274.89079950439,17.429145781632997,2007.4617461309665,0.0,750.0000924082099,0.6666666666666666,TOWT(HoW-cond),Shrew_office_Sherill,123
2709.5636316560663,833.1804513129612,1876.383180343105,16.983960801208696,1867.3144588499401,0.0,7.9152393080438666,0.8333333333333334,TOWT(HoW-cond),Wolf_office_Darleen,123
5703.741774735614,18955.973709227597,-13252.231934491983,-13576.530053348615,324.2981188566333,0.0,0.0,1.0,TOWT(HoW-cond),Wolf_retail_Harriett,123
609.5181349455047,240.8112086307441,368.7069263147606,232.41598157841233,185.35220121435293,0.0,49.06125647800477,0.8333333333333334,TOWT(HoW-cond),Wolf_retail_Marcella,123
4921.722279233878,1497.2236255203593,3424.4986537135187,904.1337474364511,2809.1099150155655,0.0,288.7450087384966,0.8333333333333334,TOWT(HoW-cond),Wolf_retail_Toshia,123
878.6550709594246,1107.4806002254224,-228.82552926599783,22.169873795194235,62.78886449603006,0.0,313.7842675572221,0.6666666666666666,PatchTST-SSL(HoW-cond),Fox_education_Henrietta,124
5167.5576142781,3626.3112078834088,1541.2464063946913,-1321.1694047409796,2862.415811135671,0.0,0.0,1.0,PatchTST-SSL(HoW-cond),Fox_retail_Manie,124
37044.41372283826,70905.57536670782,-33861.161643869564,-23623.834499441124,0.0,0.0,10237.327144428455,0.5,PatchTST-SSL(HoW-cond),Hog_education_Bruno,124
28107.910906631765,56272.62225551479,-28164.711348883025,-43469.92921748931,20562.909753496344,0.0,5257.691884890048,0.5,PatchTST-SSL(HoW-cond),Hog_education_Caridad,124
54239.24789341666,59142.887731973824,-4903.6398385571665,-5140.797049319313,1270.9688766688384,0.0,1033.8116659066873,0.6666666666666666,PatchTST-SSL(HoW-cond),Hog_education_Luvenia,124
8762.177967555133,26347.14394521596,-17584.965977660828,-13836.925334744452,528.2197801889878,0.0,4276.260423105365,0.5,PatchTST-SSL(HoW-cond),Hog_office_Almeda,124
2083.8569104318112,5763.154084636514,-3679.297174204703,-2309.961022759494,273.78839419627377,0.0,1643.1245456414822,0.8333333333333334,PatchTST-SSL(HoW-cond),Hog_office_Cortney,124
2276.842985760002,1957.7320670309248,319.1109187290774,15.63057381322642,303.480344915851,0.0,0.0,1.0,PatchTST-SSL(HoW-cond),Hog_office_Denita,124
7668.210268557381,4905.220974570065,2762.989293987316,1410.8416054019567,2502.3670073624226,0.0,1150.2193187770629,0.8333333333333334,PatchTST-SSL(HoW-cond),Hog_office_Garrett,124
35323.814120441835,77630.38289868446,-42306.568778242625,-21617.334808184212,1313.1044703788637,0.0,22002.338440437285,0.6666666666666666,PatchTST-SSL(HoW-cond),Hog_office_Lavon,124
152.56726076120896,2475.5146315287707,-2322.9473707675616,-2150.4177771434393,11.049039492638286,0.0,183.57863311676067,0.6666666666666666,PatchTST-SSL(HoW-cond),Hog_office_Merilyn,124
244.9813615350433,3018.017875718827,-2773.0365141837838,-2820.3932501502627,47.356735966479256,0.0,0.0,1.0,PatchTST-SSL(HoW-cond),Hog_office_Miriam,124
5021.420099036597,7939.414743740277,-2917.99464470368,-2488.7865954011495,156.72788796128017,0.0,585.9359372638103,0.6666666666666666,PatchTST-SSL(HoW-cond),Hog_office_Napoleon,124
4789.293710246731,21745.98594262971,-16956.69223238298,-17111.654342199632,936.6327409163246,0.0,781.6706310996688,0.8333333333333334,PatchTST-SSL(HoW-cond),Hog_office_Shawna,124
38696.16094872398,146378.57176457968,-107682.4108158557,-107760.27452166876,77.86370581306576,0.0,0.0,1.0,PatchTST-SSL(HoW-cond),Hog_office_Shawnna,124
2106.5534092028706,4885.453478772886,-2778.9000695700156,-3127.6492661179977,348.74919654798265,0.0,0.0,1.0,PatchTST-SSL(HoW-cond),Hog_office_Sherrie,124
11538.597645851496,26788.902373174722,-15250.304727323226,-14762.860351344854,219.777336407701,0.0,707.2217123860731,0.8333333333333334,PatchTST-SSL(HoW-cond),Hog_office_Shon,124
1502.4384928384516,5659.770485979846,-4157.331993141394,-4682.3238362289985,619.9166025633266,0.0,94.92475947572255,0.8333333333333334,PatchTST-SSL(HoW-cond),Hog_office_Sydney,124
789.4845672317456,3235.1808664736077,-2445.696299241862,-2402.9288770145763,168.01467436692187,0.0,210.78209659420787,0.8333333333333334,PatchTST-SSL(HoW-cond),Hog_office_Valda,124
1896.3520875071426,5435.352705326311,-3539.000617819168,-3368.6999121548033,65.06825308544488,0.0,235.3689587498103,0.8333333333333334,PatchTST-SSL(HoW-cond),Lamb_education_Armando,124
92.80503572363756,495.683569918793,-402.87853419515545,-400.23069363772817,22.181341357907222,0.0,24.829181915334505,0.8333333333333334,PatchTST-SSL(HoW-cond),Lamb_education_Eula,124
2672.579353347659,3911.7728013481587,-1239.1934480004998,-2812.8997317854564,1749.1887309637568,0.0,175.4824471788012,0.8333333333333334,PatchTST-SSL(HoW-cond),Lamb_education_Lazaro,124
532.0460035609038,828.5473526716132,-296.5013491107094,-447.56259369926175,151.06124458855237,0.0,0.0,1.0,PatchTST-SSL(HoW-cond),Lamb_education_Lucas,124
8705.778876897477,12530.660011929125,-3824.8811350316482,-5990.944499965661,2166.063364934014,0.0,0.0,1.0,PatchTST-SSL(HoW-cond),Lamb_education_Mae,124
2.769891893731004e-05,0.0,2.769891893731004e-05,0.0,2.769891893731004e-05,0.0,0.0,,PatchTST-SSL(HoW-cond),Lamb_education_Willetta,124
1753.8200730110116,3389.4907512393693,-1635.6706782283577,-2241.812635618916,773.6384302772863,0.0,167.49647288672838,0.8333333333333334,PatchTST-SSL(HoW-cond),Lamb_education_Williams,124
2299.9968433018475,2476.678899597335,-176.68205629548766,-1635.730272029625,1459.0482157341373,0.0,0.0,1.0,PatchTST-SSL(HoW-cond),Lamb_office_Caitlin,124
5599.183363696186,2192.5150835093805,3406.668280186805,-35.428805890051535,3777.342008807146,0.0,335.24492273029006,0.6666666666666666,PatchTST-SSL(HoW-cond),Lamb_office_Velma,124
2094.5413220558794,9401.103471177124,-7306.562149121245,-7534.460974673193,444.75831303668474,0.0,216.859487484736,0.6666666666666666,PatchTST-SSL(HoW-cond),Rat_retail_Jeffrey,124
41541.11084050754,96598.2212980391,-55057.11045753156,-57751.80004096314,3465.2789761296012,0.0,770.5893926980148,0.6666666666666666,PatchTST-SSL(HoW-cond),Robin_education_Zenia,124
3612.253084352946,8183.486186309855,-4571.233101956908,-4511.809834267353,44.42797024899483,0.0,103.85123793855118,0.8333333333333334,PatchTST-SSL(HoW-cond),Robin_office_Dina,124
1770.5372303100855,8038.4596903316215,-6267.922460021536,-6102.275645294192,79.4101363496723,0.0,245.05695107701519,0.8333333333333334,PatchTST-SSL(HoW-cond),Robin_office_Sammie,124
1977.6368909722053,13481.714723603747,-11504.077832631541,-11272.584870949911,320.90432451727384,0.0,552.3972861989043,0.8333333333333334,PatchTST-SSL(HoW-cond),Shrew_office_Doris,124
11164.874442309516,43987.54832713803,-32822.67388482852,-33106.5797225718,283.90583774328667,0.0,0.0,1.0,PatchTST-SSL(HoW-cond),Shrew_office_Ila,124
2465.8484380852105,9362.96485472773,-6897.11641664252,-6912.812469127557,15.696052485036404,0.0,0.0,1.0,PatchTST-SSL(HoW-cond),Shrew_office_Kenneth,124
2682.3243110244066,3625.8417730065985,-943.5174619821919,-862.5155646236435,471.9744514682073,0.0,552.9763488267555,0.8333333333333334,PatchTST-SSL(HoW-cond),Shrew_office_Nora,124
13322.185691367737,40670.41259053998,-27348.22689917224,-24977.45278220797,753.2258920644452,0.0,3124.000009028708,0.6666666666666666,PatchTST-SSL(HoW-cond),Shrew_office_Sherill,124
1574.1121513162325,3533.560887216791,-1959.4487359005584,-2131.737903192653,569.628109346132,0.0,397.33894205403715,0.8333333333333334,PatchTST-SSL(HoW-cond),Wolf_office_Darleen,124
962.9880255854998,1612.224977001204,-649.2369514157042,-793.8586759990117,522.8569845643367,0.0,378.23525998102906,0.6666666666666666,PatchTST-SSL(HoW-cond),Wolf_retail_Harriett,124
394.52050015685376,987.5867578599267,-593.066257703073,-712.1026307373309,178.8904879000219,0.0,59.85411486576385,0.8333333333333334,PatchTST-SSL(HoW-cond),Wolf_retail_Marcella,124
4045.3622775143785,8115.615163571036,-4070.252886056657,-5776.684531646122,2499.6304859139445,0.0,793.1988403244793,0.6666666666666666,PatchTST-SSL(HoW-cond),Wolf_retail_Toshia,124
748.2673196219537,1107.4806002254224,-359.2132806034688,-180.93650494315943,90.095,0.0,268.37177566030937,0.8333333333333334,HOW-profile(HoW-cond),Fox_education_Henrietta,124
11941.223855161239,3626.3112078834088,8314.91264727783,1019.1626472778285,7295.750000000001,0.0,0.0,1.0,HOW-profile(HoW-cond),Fox_retail_Manie,124
37732.99835435124,70905.57536670782,-33172.57701235658,-22956.612867928132,21.363000000000028,0.0,10237.327144428455,0.5,HOW-profile(HoW-cond),Hog_education_Bruno,124
38474.52814187898,56272.62225551479,-17798.09411363581,-39171.25922874575,26630.857,0.0,5257.691884890048,0.5,HOW-profile(HoW-cond),Hog_education_Caridad,124
59222.75974079868,59142.887731973824,79.87200882485922,-1577.411825268442,2691.0955000000004,0.0,1033.8116659066873,0.6666666666666666,HOW-profile(HoW-cond),Hog_education_Luvenia,124
11762.080366633454,26347.14394521596,-14585.063578582507,-12095.594155477142,1786.7910000000002,0.0,4276.260423105365,0.5,HOW-profile(HoW-cond),Hog_office_Almeda,124
3323.3166542487456,5763.154084636514,-2439.8374303877686,-1222.0738420056095,572.5520000000002,0.0,1790.3155883821585,0.6666666666666666,HOW-profile(HoW-cond),Hog_office_Cortney,124
2368.866067030924,1957.7320670309248,411.13399999999933,25.711500000000115,385.42249999999996,0.0,0.0,1.0,HOW-profile(HoW-cond),Hog_office_Denita,124
7716.828485445897,4905.220974570065,2811.6075108758323,-613.1592391241684,3424.76675,0.0,0.0,1.0,HOW-profile(HoW-cond),Hog_office_Garrett,124
69074.81777381503,77630.38289868446,-8555.565124869434,5735.08406556784,7711.689250000001,0.0,22002.338440437285,0.6666666666666666,HOW-profile(HoW-cond),Hog_office_Lavon,124
179.52783435588475,2475.5146315287707,-2295.986797172886,-1757.621171915826,16.126,0.0,554.4916252570599,0.5,HOW-profile(HoW-cond),Hog_office_Merilyn,124
279.93406224256495,3018.017875718827,-2738.083813476262,-2749.9953965528734,50.022499999999994,0.0,38.11091692338832,0.8333333333333334,HOW-profile(HoW-cond),Hog_office_Miriam,124
7270.513809500682,7939.414743740277,-668.9009342395948,-998.2099969757828,915.2450000000001,0.0,585.9359372638103,0.6666666666666666,HOW-profile(HoW-cond),Hog_office_Napoleon,124
11689.69234920351,21745.98594262971,-10056.293593426202,-11547.530462326531,2272.9075000000003,0.0,781.6706310996688,0.8333333333333334,HOW-profile(HoW-cond),Hog_office_Shawna,124
50155.94424722087,146378.57176457968,-96222.62751735881,-96751.25551735882,528.628,0.0,0.0,1.0,HOW-profile(HoW-cond),Hog_office_Shawnna,124
1464.2758002622074,4885.453478772886,-3421.1776785106786,-3756.7976785106785,335.62,0.0,0.0,1.0,HOW-profile(HoW-cond),Hog_office_Sherrie,124
13400.507550200891,26788.902373174722,-13388.39482297383,-13557.506822973834,169.11199999999994,0.0,0.0,1.0,HOW-profile(HoW-cond),Hog_office_Shon,124
1748.7997732998238,5659.770485979846,-3910.970712680022,-4560.775953204299,744.7299999999999,0.0,94.92475947572255,0.8333333333333334,HOW-profile(HoW-cond),Hog_office_Sydney,124
1106.7428326863665,3235.1808664736077,-2128.4380337872412,-2099.467937193034,181.81199999999995,0.0,210.78209659420787,0.8333333333333334,HOW-profile(HoW-cond),Hog_office_Valda,124
4652.567784500943,5435.352705326311,-782.7849208253674,-1237.5159620755576,690.1,0.0,235.3689587498103,0.8333333333333334,HOW-profile(HoW-cond),Lamb_education_Armando,124
190.75220376005083,495.683569918793,-304.9313661587422,-342.29708424340765,62.1949,0.0,24.829181915334505,0.8333333333333334,HOW-profile(HoW-cond),Lamb_education_Eula,124
1456.5172576370312,3911.7728013481587,-2455.2555437111278,-2919.8230965323264,640.0500000000001,0.0,175.4824471788012,0.8333333333333334,HOW-profile(HoW-cond),Lamb_education_Lazaro,124
854.1742444284381,828.5473526716132,25.626891756824875,-314.3446082431751,339.9714999999999,0.0,0.0,1.0,HOW-profile(HoW-cond),Lamb_education_Lucas,124
14956.348785515482,12530.660011929125,2425.6887735863565,-2565.2112264136413,4990.899999999999,0.0,0.0,1.0,HOW-profile(HoW-cond),Lamb_education_Mae,124
0.0,0.0,0.0,0.0,0.0,0.0,0.0,,HOW-profile(HoW-cond),Lamb_education_Willetta,124
3559.8416759756856,3389.4907512393693,170.3509247363163,-935.7526023769556,1273.6,0.0,167.49647288672838,0.8333333333333334,HOW-profile(HoW-cond),Lamb_education_Williams,124
4600.574500090699,2476.678899597335,2123.895600493364,1122.0868131465447,1796.35,0.0,794.5412126531814,0.8333333333333334,HOW-profile(HoW-cond),Lamb_office_Caitlin,124
6744.961542808064,2192.5150835093805,4552.446459298684,90.44138202897352,4797.250000000001,0.0,335.24492273029006,0.6666666666666666,HOW-profile(HoW-cond),Lamb_office_Velma,124
5850.1652593486815,9401.103471177124,-3550.938211828443,-5391.1337243437065,2057.0550000000003,0.0,216.859487484736,0.6666666666666666,HOW-profile(HoW-cond),Rat_retail_Jeffrey,124
55804.4254081559,96598.2212980391,-40793.79588988321,-45988.047247185175,5964.840749999999,0.0,770.5893926980148,0.6666666666666666,HOW-profile(HoW-cond),Robin_education_Zenia,124
4630.637187978189,8183.486186309855,-3552.848998331666,-3504.170710393114,55.17295000000001,0.0,103.85123793855118,0.8333333333333334,HOW-profile(HoW-cond),Robin_office_Dina,124
2987.2342388643456,8038.4596903316215,-5051.225451467276,-5304.90800039026,498.73949999999996,0.0,245.05695107701519,0.8333333333333334,HOW-profile(HoW-cond),Robin_office_Sammie,124
3504.495878209067,13481.714723603747,-9977.21884539468,-9649.221559195776,224.4,0.0,552.3972861989043,0.8333333333333334,HOW-profile(HoW-cond),Shrew_office_Doris,124
17601.723408209156,43987.54832713803,-26385.824918928873,-24316.356029144692,792.1999999999999,0.0,2861.668889784182,0.8333333333333334,HOW-profile(HoW-cond),Shrew_office_Ila,124
3070.1019740902766,9362.96485472773,-6292.862880637454,-6332.762880637454,39.900000000000006,0.0,0.0,1.0,HOW-profile(HoW-cond),Shrew_office_Kenneth,124
4807.606386124372,3625.8417730065985,1181.7646131177735,138.09096194452968,1596.65,0.0,552.9763488267555,0.8333333333333334,HOW-profile(HoW-cond),Shrew_office_Nora,124
27754.429097673245,40670.41259053998,-12915.983492866733,-11431.333483838025,1639.3500000000001,0.0,3124.000009028708,0.6666666666666666,HOW-profile(HoW-cond),Shrew_office_Sherill,124
3395.661346461428,3533.560887216791,-137.89954075536298,-1811.3995407553632,1673.5,0.0,0.0,1.0,HOW-profile(HoW-cond),Wolf_office_Darleen,124
2121.606869592975,1612.224977001204,509.3818925917708,-497.800821881965,1239.6842499999998,0.0,232.50153552626406,0.8333333333333334,HOW-profile(HoW-cond),Wolf_retail_Harriett,124
615.6739027758969,987.5867578599267,-371.91285508402984,-785.2778550840299,413.365,0.0,0.0,1.0,HOW-profile(HoW-cond),Wolf_retail_Marcella,124
9087.766376074813,8115.615163571036,972.1512125037771,-3535.9128525700553,4960.652499999999,0.0,452.5884349261682,0.8333333333333334,HOW-profile(HoW-cond),Wolf_retail_Toshia,124
1563.0746307773863,1107.4806002254224,455.5940305519639,453.80876962280763,270.15703658946563,0.0,268.37177566030937,0.8333333333333334,TOWT(HoW-cond),Fox_education_Henrietta,124
10382.540399365167,3626.3112078834088,6756.229191481758,435.88490430071806,6320.344287181042,0.0,0.0,1.0,TOWT(HoW-cond),Fox_retail_Manie,124
34925.414600741846,70905.57536670782,-35980.16076596598,-27079.81572854094,1336.982107003412,0.0,10237.327144428455,0.5,TOWT(HoW-cond),Hog_education_Bruno,124
11756.987843556733,56272.62225551479,-44515.63441195806,317.3433968014524,9105.13303816631,0.0,53938.11084692582,0.16666666666666666,TOWT(HoW-cond),Hog_education_Caridad,124
58924.61699399311,59142.887731973824,-218.2707379807107,-1484.428979844044,2299.969907770036,0.0,1033.8116659066873,0.6666666666666666,TOWT(HoW-cond),Hog_education_Luvenia,124
12416.995380006534,26347.14394521596,-13930.148565209427,-12876.248599217639,1900.662422992356,0.0,2954.5623889841436,0.6666666666666666,TOWT(HoW-cond),Hog_office_Almeda,124
3226.9828081210776,5763.154084636514,-2536.1712765154366,-1369.396260778466,623.5405726451886,0.0,1790.3155883821585,0.6666666666666666,TOWT(HoW-cond),Hog_office_Cortney,124
2177.9632483800215,1957.7320670309248,220.2311813490967,14.345609003588834,205.88557234550757,0.0,0.0,1.0,TOWT(HoW-cond),Hog_office_Denita,124
2789.1924593115114,4905.220974570065,-2116.0285152585534,373.47820504190713,0.0,0.0,2489.506720300461,0.6666666666666666,TOWT(HoW-cond),Hog_office_Garrett,124
10396.515434567506,77630.38289868446,-67233.86746411695,-46186.403625496416,954.8746018167299,0.0,22002.338440437285,0.6666666666666666,TOWT(HoW-cond),Hog_office_Lavon,124
451.3724159092894,2475.5146315287707,-2024.1422156194812,-2019.7216782206895,179.1580957179687,0.0,183.57863311676067,0.6666666666666666,TOWT(HoW-cond),Hog_office_Merilyn,124
489.1545845654669,3018.017875718827,-2528.86329115336,-2609.000504515896,80.13721336253586,0.0,0.0,1.0,TOWT(HoW-cond),Hog_office_Miriam,124
7118.364940807726,7939.414743740277,-821.0498029325508,-1100.0560546318284,864.9421889630867,0.0,585.9359372638103,0.6666666666666666,TOWT(HoW-cond),Hog_office_Napoleon,124
10227.80516739428,21745.98594262971,-11518.180775235433,-12420.653871683757,1684.143727547994,0.0,781.6706310996688,0.8333333333333334,TOWT(HoW-cond),Hog_office_Shawna,124
61086.164691858154,146378.57176457968,-85292.40707272153,-74549.95755814035,0.0,0.0,10742.449514581145,0.6666666666666666,TOWT(HoW-cond),Hog_office_Shawnna,124
1960.0173148582908,4885.453478772886,-2925.4361639145955,-3281.2541336889576,355.8179697743622,0.0,0.0,1.0,TOWT(HoW-cond),Hog_office_Sherrie,124
10686.687557893467,26788.902373174722,-16102.214815281255,-15445.989456691092,50.99635379590735,0.0,707.2217123860731,0.8333333333333334,TOWT(HoW-cond),Hog_office_Shon,124
1693.8224834648568,5659.770485979846,-3965.948002514989,-4578.730674217213,707.7074311779468,0.0,94.92475947572255,0.8333333333333334,TOWT(HoW-cond),Hog_office_Sydney,124
943.7387152850687,3235.1808664736077,-2291.442151188539,-2145.592664905596,64.93261031126464,0.0,210.78209659420787,0.8333333333333334,TOWT(HoW-cond),Hog_office_Valda,124
1964.0281261831087,5435.352705326311,-3471.324579143202,-3543.280874805494,307.3252544121022,0.0,235.3689587498103,0.8333333333333334,TOWT(HoW-cond),Lamb_education_Armando,124
225.4569292273087,495.683569918793,-270.2266406914843,-311.10059371796444,65.70313494181462,0.0,24.829181915334505,0.8333333333333334,TOWT(HoW-cond),Lamb_education_Eula,124
2733.4767141437706,3911.7728013481587,-1178.2960872043882,-2862.1153294067735,1859.3016893811862,0.0,175.4824471788012,0.8333333333333334,TOWT(HoW-cond),Lamb_education_Lazaro,124
626.7294346574332,828.5473526716132,-201.81791801418,-417.7994417474193,215.98152373323933,0.0,0.0,1.0,TOWT(HoW-cond),Lamb_education_Lucas,124
8700.635886922446,12530.660011929125,-3830.0241250066792,-3584.729689205871,191.48445996430587,0.0,436.7788957651129,0.8333333333333334,TOWT(HoW-cond),Lamb_education_Mae,124
1.6472787154806303e-05,0.0,1.6472787154806303e-05,0.0,1.6472787154806303e-05,0.0,0.0,,TOWT(HoW-cond),Lamb_education_Willetta,124
3039.802850670587,3389.4907512393693,-349.6879005687824,-1261.1864467724972,1264.657708275346,0.0,353.1591620716319,0.6666666666666666,TOWT(HoW-cond),Lamb_education_Williams,124
2896.1391709501936,2476.678899597335,419.4602713528584,626.0205012465549,1528.0398626415938,0.0,1734.6000925352905,0.5,TOWT(HoW-cond),Lamb_office_Caitlin,124
4664.273661440671,2192.5150835093805,2471.758577931291,88.73739292471419,2718.2661077368675,0.0,335.24492273029006,0.6666666666666666,TOWT(HoW-cond),Lamb_office_Velma,124
2314.439723286718,9401.103471177124,-7086.663747890407,-8140.3795399561595,1195.5443522918479,0.0,141.82856022609417,0.8333333333333334,TOWT(HoW-cond),Rat_retail_Jeffrey,124
50942.7546799282,96598.2212980391,-45655.466618110906,-53023.051233877566,8138.174008464669,0.0,770.5893926980148,0.6666666666666666,TOWT(HoW-cond),Robin_education_Zenia,124
4383.313032713092,8183.486186309855,-3800.173153596763,-3876.7780226982877,76.60486910152636,0.0,0.0,1.0,TOWT(HoW-cond),Robin_office_Dina,124
1735.3102511113177,8038.4596903316215,-6303.149439220304,-6232.943954051301,174.85146590801304,0.0,245.05695107701519,0.8333333333333334,TOWT(HoW-cond),Robin_office_Sammie,124
2933.444818366728,13481.714723603747,-10548.269905237019,-10289.857765954755,293.9851469166408,0.0,552.3972861989043,0.8333333333333334,TOWT(HoW-cond),Shrew_office_Doris,124
13231.549943469197,43987.54832713803,-30755.998383668833,-28198.73143274658,304.4019388619288,0.0,2861.668889784182,0.8333333333333334,TOWT(HoW-cond),Shrew_office_Ila,124
514.6229826549427,9362.96485472773,-8848.341872072788,-8848.341872072788,0.0,0.0,0.0,1.0,TOWT(HoW-cond),Shrew_office_Kenneth,124
4960.578478651815,3625.8417730065985,1334.7367056452167,277.76705991809695,1609.9459945538756,0.0,552.9763488267555,0.8333333333333334,TOWT(HoW-cond),Shrew_office_Nora,124
28179.826415525567,40670.41259053998,-12490.58617501441,-10302.870762001843,936.2845960161483,0.0,3124.000009028708,0.6666666666666666,TOWT(HoW-cond),Shrew_office_Sherill,124
2812.998783585109,3533.560887216791,-720.562103631682,-2075.284734541021,1354.7226309093387,0.0,0.0,1.0,TOWT(HoW-cond),Wolf_office_Darleen,124
2167.803565186726,1612.224977001204,555.5785881855218,-505.6100868757802,1293.690210587566,0.0,232.50153552626406,0.8333333333333334,TOWT(HoW-cond),Wolf_retail_Harriett,124
679.7221959385517,987.5867578599267,-307.86456192137496,-763.696699479262,455.8321375578868,0.0,0.0,1.0,TOWT(HoW-cond),Wolf_retail_Marcella,124
8265.358823013996,8115.615163571036,149.74365944296005,-3159.1242553928314,3761.45634976196,0.0,452.5884349261682,0.8333333333333334,TOWT(HoW-cond),Wolf_retail_Toshia,124
1735.9446580517726,3694.9906478493317,-1959.045989797559,-1670.2274394326366,407.484974993857,0.0,696.3035253587796,0.3333333333333333,PatchTST-SSL(HoW-cond),Fox_education_Henrietta,125
4275.369162655322,9155.738379378796,-4880.369216723474,-7321.519276303262,2847.0807427437267,0.0,405.93068316393874,0.8333333333333334,PatchTST-SSL(HoW-cond),Fox_retail_Manie,125
27163.55943977726,31479.852552345856,-4316.293112568597,-5790.85432039883,1491.3289603167195,0.0,16.76775248648599,0.8333333333333334,PatchTST-SSL(HoW-cond),Hog_education_Bruno,125
32501.88555565355,85136.90640907052,-52635.02085341697,-41402.77189921106,17007.762904925123,0.0,28240.01185913104,0.6666666666666666,PatchTST-SSL(HoW-cond),Hog_education_Caridad,125
41935.94160320574,57301.60804579975,-15365.66644259401,-14408.173264496232,349.882168988228,0.0,1307.3753470860104,0.8333333333333334,PatchTST-SSL(HoW-cond),Hog_education_Luvenia,125
2412.8480311382646,4337.220297571744,-1924.3722664334791,-2692.7245502281457,844.0440813977148,0.0,75.69179760304814,0.8333333333333334,PatchTST-SSL(HoW-cond),Hog_office_Almeda,125
3042.4330020687958,7041.146683197066,-3998.71368112827,-3702.996526345791,145.71740618801056,0.0,441.43456097049,0.6666666666666666,PatchTST-SSL(HoW-cond),Hog_office_Cortney,125
4813.30753632712,8319.749503782794,-3506.441967455674,-3225.1209621266553,91.44912082642549,0.0,372.7701261554439,0.8333333333333334,PatchTST-SSL(HoW-cond),Hog_office_Denita,125
25618.441009935224,68276.98973603806,-42658.54872610283,-42732.213096179425,1165.4557792049086,0.0,1091.7914091283226,0.8333333333333334,PatchTST-SSL(HoW-cond),Hog_office_Garrett,125
27981.76155598186,28205.801421711414,-224.03986572955546,-1661.2424613541057,23901.915677610657,0.0,22464.71308198611,0.5,PatchTST-SSL(HoW-cond),Hog_office_Lavon,125
201.86658162837614,223.9682659583033,-22.101684329927167,-29.968901047264296,50.60718137682855,0.0,42.739964659491385,0.8333333333333334,PatchTST-SSL(HoW-cond),Hog_office_Merilyn,125
1925.6043572746185,4952.39762782504,-3026.7932705504218,-2777.5558245816433,25.59245874383319,0.0,274.8299047126119,0.8333333333333334,PatchTST-SSL(HoW-cond),Hog_office_Miriam,125
2119.629536201318,4053.084496278672,-1933.454960077354,-1543.0195038035308,392.771398380344,0.0,783.2068546541666,0.8333333333333334,PatchTST-SSL(HoW-cond),Hog_office_Napoleon,125
5564.444473122672,10064.748618129255,-4500.304145006583,-6372.05840326504,1871.754258258458,0.0,0.0,1.0,PatchTST-SSL(HoW-cond),Hog_office_Shawna,125
2622.356725553068,5702.316601369376,-3079.9598758163083,-1904.75069302245,525.815003974576,0.0,1701.0241867684344,0.6666666666666666,PatchTST-SSL(HoW-cond),Hog_office_Shawnna,125
1981.8319679099236,1861.3228985736177,120.50906933630586,-65.18369486940833,397.9376949671679,0.0,212.24493076145416,0.8333333333333334,PatchTST-SSL(HoW-cond),Hog_office_Sherrie,125
17970.80897757498,38584.6731595557,-20613.86418198072,-17573.644502474854,106.10924382200898,0.0,3146.3289233278756,0.6666666666666666,PatchTST-SSL(HoW-cond),Hog_office_Shon,125
15890.322573513953,36208.74372073834,-20318.421147224388,-20581.83185375414,454.8443808910762,0.0,191.4336743613265,0.8333333333333334,PatchTST-SSL(HoW-cond),Hog_office_Sydney,125
1802.3601000563197,4370.366337318555,-2568.006237262236,-2600.2987023900696,32.292465127833594,0.0,0.0,1.0,PatchTST-SSL(HoW-cond),Hog_office_Valda,125
2010.8881032783258,6423.818931766165,-4412.93082848784,-4048.352721948893,156.03726601694942,0.0,520.6153725558952,0.8333333333333334,PatchTST-SSL(HoW-cond),Lamb_education_Armando,125
203.642538103517,152.55021472214582,51.09232338137119,9.365014098029377,41.72730928334179,0.0,0.0,1.0,PatchTST-SSL(HoW-cond),Lamb_education_Eula,125
664.1501711640984,3560.667444770663,-2896.5172736065647,-2036.2612807852322,313.67416632084246,0.0,1173.9301591421752,0.5,PatchTST-SSL(HoW-cond),Lamb_education_Lazaro,125
473.79426520727634,888.1822435421024,-414.387978334826,-537.8493503287293,123.46137199390337,0.0,0.0,1.0,PatchTST-SSL(HoW-cond),Lamb_education_Lucas,125
4136.097604759824,5651.747395291096,-1515.6497905312717,-3120.6474748935543,1604.9976843622824,0.0,0.0,1.0,PatchTST-SSL(HoW-cond),Lamb_education_Mae,125
2.769891893731004e-05,0.0,2.769891893731004e-05,0.0,2.769891893731004e-05,0.0,0.0,,PatchTST-SSL(HoW-cond),Lamb_education_Willetta,125
1453.8095496140736,3993.9243071204255,-2540.114757506352,-3295.023677414599,754.908919908247,0.0,0.0,1.0,PatchTST-SSL(HoW-cond),Lamb_education_Williams,125
2273.243419296253,1485.8833082739716,787.3601110222812,-158.40019318317567,2135.7009628099495,0.0,1189.9406586044922,0.3333333333333333,PatchTST-SSL(HoW-cond),Lamb_office_Caitlin,125
8725.835998972449,40802.928400161436,-32077.092401188987,-33639.058342308825,1561.965941119835,0.0,0.0,1.0,PatchTST-SSL(HoW-cond),Lamb_office_Velma,125
2421.2359054178432,5272.353145253515,-2851.117239835672,-4048.710317160475,1197.5930773248026,0.0,0.0,1.0,PatchTST-SSL(HoW-cond),Rat_retail_Jeffrey,125
11093.394934214431,11586.30055131238,-492.9056170979493,-4365.289513716374,3872.3838966184258,0.0,0.0,1.0,PatchTST-SSL(HoW-cond),Robin_education_Zenia,125
1828.1312035913136,3980.517788624134,-2152.38658503282,-2219.69040360597,67.3038185731493,0.0,0.0,1.0,PatchTST-SSL(HoW-cond),Robin_office_Dina,125
3954.301649545183,39039.89350001495,-35085.59185046977,-28513.427125681872,0.0,0.0,6572.164724787894,0.5,PatchTST-SSL(HoW-cond),Robin_office_Sammie,125
11634.18554390643,27814.793941622735,-16180.608397716305,-16372.337768858273,191.7293711419684,0.0,0.0,1.0,PatchTST-SSL(HoW-cond),Shrew_office_Doris,125
10712.640543694848,34838.371833330086,-24125.731289635238,-24304.108118878372,178.37682924313435,0.0,0.0,1.0,PatchTST-SSL(HoW-cond),Shrew_office_Ila,125
457.5813765080158,3764.3168924736374,-3306.7355159656217,-3393.8327595419432,87.09724357632189,0.0,0.0,1.0,PatchTST-SSL(HoW-cond),Shrew_office_Kenneth,125
3650.118263659767,18869.674641874823,-15219.556378215057,-15468.675566440328,249.11918822527218,0.0,0.0,1.0,PatchTST-SSL(HoW-cond),Shrew_office_Nora,125
4767.501004843385,38173.23720263379,-33405.73619779041,-33862.67460157145,456.93840378104596,0.0,0.0,1.0,PatchTST-SSL(HoW-cond),Shrew_office_Sherill,125
2319.674836713518,6133.110195241102,-3813.435358527584,-3106.798697309527,550.1257012691495,0.0,1256.7623624872067,0.6666666666666666,PatchTST-SSL(HoW-cond),Wolf_office_Darleen,125
2199.2253162402435,3832.8535001567175,-1633.628183916474,-2270.1730770336935,636.5448931172198,0.0,0.0,1.0,PatchTST-SSL(HoW-cond),Wolf_retail_Harriett,125
302.8875009641681,1198.7522063529384,-895.8647053887703,-814.1863558218405,138.38430291203395,0.0,220.06265247896363,0.5,PatchTST-SSL(HoW-cond),Wolf_retail_Marcella,125
3798.524708571381,10746.240803187698,-6947.716094616318,-8234.963596200898,1735.12523758496,0.0,447.8777360003793,0.8333333333333334,PatchTST-SSL(HoW-cond),Wolf_retail_Toshia,125
1482.5659994713267,3694.9906478493317,-2212.4246483780053,-1849.4313061329794,294.895,0.0,657.8883422450255,0.5,HOW-profile(HoW-cond),Fox_education_Henrietta,125
10290.204338168543,9155.738379378796,1134.4659587897477,-5586.653358046316,7127.050000000001,0.0,405.93068316393874,0.8333333333333334,HOW-profile(HoW-cond),Fox_retail_Manie,125
29081.831129821596,31479.852552345856,-2398.02142252426,-3695.5891700377797,1314.3355000000008,0.0,16.76775248648599,0.8333333333333334,HOW-profile(HoW-cond),Hog_education_Bruno,125
40150.93068078803,85136.90640907052,-44985.975728282494,-32648.35136915146,15902.3875,0.0,28240.01185913104,0.6666666666666666,HOW-profile(HoW-cond),Hog_education_Caridad,125
46815.10030162099,57301.60804579975,-10486.507744178765,-9803.684397092758,624.5519999999999,0.0,1307.3753470860104,0.8333333333333334,HOW-profile(HoW-cond),Hog_education_Luvenia,125
4332.6828800573785,4337.220297571744,-4.537417514365188,-1936.5791199113164,2007.7335000000003,0.0,75.69179760304814,0.8333333333333334,HOW-profile(HoW-cond),Hog_office_Almeda,125
4632.085638133818,7041.146683197066,-2409.0610450632475,-3003.858038505737,603.2760000000002,0.0,8.479006557511866,0.8333333333333334,HOW-profile(HoW-cond),Hog_office_Cortney,125
4992.987134221425,8319.749503782794,-3326.7623695613693,-3159.7027434059255,205.71049999999994,0.0,372.7701261554439,0.8333333333333334,HOW-profile(HoW-cond),Hog_office_Denita,125
41955.37017677605,68276.98973603806,-26321.619559262006,-26551.541650133688,1321.7135000000003,0.0,1091.7914091283226,0.8333333333333334,HOW-profile(HoW-cond),Hog_office_Garrett,125
39899.36310029118,28205.801421711414,11693.561678579765,-434.4847394341232,34592.75949999999,0.0,22464.71308198611,0.5,HOW-profile(HoW-cond),Hog_office_Lavon,125
174.4020600465003,223.9682659583033,-49.566205911802996,-32.15523424415717,52.256,0.0,69.66697166764581,0.6666666666666666,HOW-profile(HoW-cond),Hog_office_Merilyn,125
2315.572503381083,4952.39762782504,-2636.825124443957,-2373.275219731345,11.280000000000001,0.0,274.8299047126119,0.8333333333333334,HOW-profile(HoW-cond),Hog_office_Miriam,125
4091.2149600186362,4053.084496278672,38.1304637399644,-915.9386816058686,1737.276,0.0,783.2068546541666,0.8333333333333334,HOW-profile(HoW-cond),Hog_office_Napoleon,125
10009.554633575322,10064.748618129255,-55.19398455393275,-4753.100984553932,4697.906999999999,0.0,0.0,1.0,HOW-profile(HoW-cond),Hog_office_Shawna,125
5828.817786359916,5702.316601369376,126.50118499053951,-1082.4592503097601,2049.0815,0.0,840.1210646996985,0.8333333333333334,HOW-profile(HoW-cond),Hog_office_Shawnna,125
1730.848464589617,1861.3228985736177,-130.47443398400083,-267.20871270041107,362.437,0.0,225.70272128359017,0.6666666666666666,HOW-profile(HoW-cond),Hog_office_Sherrie,125
21953.200714705858,38584.6731595557,-16631.472444849842,-13598.739521521962,113.59599999999993,0.0,3146.3289233278756,0.6666666666666666,HOW-profile(HoW-cond),Hog_office_Shon,125
17341.34647902127,36208.74372073834,-18867.39724171707,-19245.861317355746,569.89775,0.0,191.4336743613265,0.8333333333333334,HOW-profile(HoW-cond),Hog_office_Sydney,125
1832.1010349307785,4370.366337318555,-2538.265302387777,-2538.2653023877765,0.0,0.0,0.0,1.0,HOW-profile(HoW-cond),Hog_office_Valda,125
4025.1276163100056,6423.818931766165,-2398.69131545616,-2634.0259429002635,755.95,0.0,520.6153725558952,0.8333333333333334,HOW-profile(HoW-cond),Lamb_education_Armando,125
369.2918465851536,152.55021472214582,216.7416318630078,56.696731863007784,160.0449,0.0,0.0,1.0,HOW-profile(HoW-cond),Lamb_education_Eula,125
563.6103264442125,3560.667444770663,-2997.0571183264506,-160.12304199693784,285.2,0.0,3122.134076329513,0.16666666666666666,HOW-profile(HoW-cond),Lamb_education_Lazaro,125
854.6689652316668,888.1822435421024,-33.51327831043557,-221.33627831043555,187.82299999999998,0.0,0.0,1.0,HOW-profile(HoW-cond),Lamb_education_Lucas,125
6050.375599127906,5651.747395291096,398.6282038368099,-2203.82179616319,2602.45,0.0,0.0,1.0,HOW-profile(HoW-cond),Lamb_education_Mae,125
0.0,0.0,0.0,0.0,0.0,0.0,0.0,,HOW-profile(HoW-cond),Lamb_education_Willetta,125
2627.363838830432,3993.9243071204255,-1366.5604682899934,-1822.2819951249442,916.3,0.0,460.5784731650495,0.8333333333333334,HOW-profile(HoW-cond),Lamb_education_Williams,125
4194.2065021221315,1485.8833082739716,2708.32319384816,17.700000000000017,4054.35,0.0,1363.7268061518403,0.16666666666666666,HOW-profile(HoW-cond),Lamb_office_Caitlin,125
19171.00916201083,40802.928400161436,-21631.919238150607,-23628.369238150608,1996.4499999999998,0.0,0.0,1.0,HOW-profile(HoW-cond),Lamb_office_Velma,125
7195.869058028724,5272.353145253515,1923.5159127752086,-1947.4540872247912,3870.9700000000003,0.0,0.0,1.0,HOW-profile(HoW-cond),Rat_retail_Jeffrey,125
14244.419296632595,11586.30055131238,2658.1187453202147,-4569.150854679785,7227.2696000000005,0.0,0.0,1.0,HOW-profile(HoW-cond),Robin_education_Zenia,125
3059.4863207886256,3980.517788624134,-921.0314678355085,-1174.822849888119,329.30935,0.0,75.51796794738951,0.8333333333333334,HOW-profile(HoW-cond),Robin_office_Dina,125
5747.259930954089,39039.89350001495,-33292.63356906086,-26846.51884427297,126.05000000000001,0.0,6572.164724787894,0.5,HOW-profile(HoW-cond),Robin_office_Sammie,125
21044.79109237516,27814.793941622735,-6770.002849247576,-7197.179310496507,865.5999999999998,0.0,438.4235387510678,0.8333333333333334,HOW-profile(HoW-cond),Shrew_office_Doris,125
13685.366770173187,34838.371833330086,-21153.0050631569,-8647.895611972332,452.80000000000007,0.0,12957.90945118457,0.8333333333333334,HOW-profile(HoW-cond),Shrew_office_Ila,125
983.854968897732,3764.3168924736374,-2780.4619235759055,-3006.4119235759053,225.95000000000005,0.0,0.0,1.0,HOW-profile(HoW-cond),Shrew_office_Kenneth,125
10524.734819821562,18869.674641874823,-8344.93982205326,-9192.989822053261,848.0500000000001,0.0,0.0,1.0,HOW-profile(HoW-cond),Shrew_office_Nora,125
14625.752880668777,38173.23720263379,-23547.484321965014,-24248.234321965014,700.75,0.0,0.0,1.0,HOW-profile(HoW-cond),Shrew_office_Sherill,125
5371.1558215256555,6133.110195241102,-761.9543737154463,-1186.1920112282392,1681.0,0.0,1256.7623624872067,0.6666666666666666,HOW-profile(HoW-cond),Wolf_office_Darleen,125
3993.7141171667017,3832.8535001567175,160.86061700998425,-1544.9538829900152,1705.8145000000002,0.0,0.0,1.0,HOW-profile(HoW-cond),Wolf_retail_Harriett,125
493.2589690641875,1198.7522063529384,-705.4932372887508,-866.7210591602139,341.63875,0.0,180.41092812853688,0.6666666666666666,HOW-profile(HoW-cond),Wolf_retail_Marcella,125
9703.53049465234,10746.240803187698,-1042.7103085353592,-4802.04882253498,4207.2162499999995,0.0,447.8777360003793,0.8333333333333334,HOW-profile(HoW-cond),Wolf_retail_Toshia,125
2422.4535323569917,3694.9906478493317,-1272.53711549234,-1179.2086691203758,564.5598958730609,0.0,657.8883422450255,0.5,TOWT(HoW-cond),Fox_education_Henrietta,125
8556.572493591952,9155.738379378796,-599.1658857868442,-6236.396858677878,6043.161656054974,0.0,405.93068316393874,0.8333333333333334,TOWT(HoW-cond),Fox_retail_Manie,125
28560.396088515998,31479.852552345856,-2919.456463829858,-4169.72282913838,1267.034117795008,0.0,16.76775248648599,0.8333333333333334,TOWT(HoW-cond),Hog_education_Bruno,125
25859.391205591848,85136.90640907052,-59277.51520347867,-15346.33076252702,9105.13303816631,0.0,53036.317479117955,0.5,TOWT(HoW-cond),Hog_education_Caridad,125
45866.98788626486,57301.60804579975,-11434.62015953489,-11917.778199869157,483.158040334281,0.0,0.0,1.0,TOWT(HoW-cond),Hog_education_Luvenia,125
3961.3255680377415,4337.220297571744,-375.8947295340022,-1915.2684500338023,1615.0655181028483,0.0,75.69179760304814,0.8333333333333334,TOWT(HoW-cond),Hog_office_Almeda,125
4440.148671302727,7041.146683197066,-2600.9980118943386,-2932.803518312287,773.2400673884381,0.0,441.43456097049,0.6666666666666666,TOWT(HoW-cond),Hog_office_Cortney,125
4608.984371180462,8319.749503782794,-3710.7651326023315,-3424.9364254091242,86.94141896223718,0.0,372.7701261554439,0.8333333333333334,TOWT(HoW-cond),Hog_office_Denita,125
28214.038333325527,68276.98973603806,-40062.951402712526,-39180.342171849705,209.1821782654948,0.0,1091.7914091283226,0.8333333333333334,TOWT(HoW-cond),Hog_office_Garrett,125
7189.032658832314,28205.801421711414,-21016.7687628791,-13857.440444233136,1921.7134640879879,0.0,9081.041782733952,0.5,TOWT(HoW-cond),Hog_office_Lavon,125
433.0526497979887,223.9682659583033,209.0843838396854,30.090632160913202,221.7337163382636,0.0,42.739964659491385,0.8333333333333334,TOWT(HoW-cond),Hog_office_Merilyn,125
2561.764285915842,4952.39762782504,-2390.6333419091984,-2126.796915920659,10.993478724072762,0.0,274.8299047126119,0.8333333333333334,TOWT(HoW-cond),Hog_office_Miriam,125
4033.045239578048,4053.084496278672,-20.03925670062381,-881.7222964916082,1644.8898944451514,0.0,783.2068546541666,0.8333333333333334,TOWT(HoW-cond),Hog_office_Napoleon,125
8482.108894775758,10064.748618129255,-1582.6397233534972,-5489.096648206392,3906.4569248528937,0.0,0.0,1.0,TOWT(HoW-cond),Hog_office_Shawna,125
3013.24824166791,5702.316601369376,-2689.0683597014663,-1176.485549000659,1087.2661990524757,0.0,2599.849009753283,0.6666666666666666,TOWT(HoW-cond),Hog_office_Shawnna,125
1865.8745725965737,1861.3228985736177,4.551674022955922,-304.11030085206016,534.3646961586064,0.0,225.70272128359017,0.6666666666666666,TOWT(HoW-cond),Hog_office_Sherrie,125
18415.882141025082,38584.6731595557,-20168.791018530617,-17022.462095202736,0.0,0.0,3146.3289233278756,0.6666666666666666,TOWT(HoW-cond),Hog_office_Shon,125
16101.750204627897,36208.74372073834,-20106.993516110444,-20279.839873264475,364.2800315153558,0.0,191.4336743613265,0.8333333333333334,TOWT(HoW-cond),Hog_office_Sydney,125
1714.5122318132064,4370.366337318555,-2655.8541055053493,-2667.1852127854227,11.331107280073825,0.0,0.0,1.0,TOWT(HoW-cond),Hog_office_Valda,125
2773.328967395512,6423.818931766165,-3650.4899643706535,-3231.925515248767,102.05092343400969,0.0,520.6153725558952,0.8333333333333334,TOWT(HoW-cond),Lamb_education_Armando,125
313.07567058381073,152.55021472214582,160.5254558616649,61.48290396090832,105.79237060928362,0.0,6.7498187085270915,0.8333333333333334,TOWT(HoW-cond),Lamb_education_Eula,125
693.0127237657385,3560.667444770663,-2867.654721004925,-74.20494349835718,328.68429882294527,0.0,3122.134076329513,0.16666666666666666,TOWT(HoW-cond),Lamb_education_Lazaro,125
598.0330189837707,888.1822435421024,-290.14922455833164,-482.6985321923416,192.54930763401012,0.0,0.0,1.0,TOWT(HoW-cond),Lamb_education_Lucas,125
2046.1579461282352,5651.747395291096,-3605.5894491628605,-3839.73410085193,240.83716447009124,0.0,6.69251278102152,0.8333333333333334,TOWT(HoW-cond),Lamb_education_Mae,125
1.6472787154806303e-05,0.0,1.6472787154806303e-05,0.0,1.6472787154806303e-05,0.0,0.0,,TOWT(HoW-cond),Lamb_education_Willetta,125
2378.8212122712844,3993.9243071204255,-1615.1030948491411,-1904.4323493255288,749.9077276414365,0.0,460.5784731650495,0.8333333333333334,TOWT(HoW-cond),Lamb_education_Williams,125
3268.5233088855066,1485.8833082739716,1782.640000611535,8.886076633796108,3137.480730129579,0.0,1363.7268061518403,0.16666666666666666,TOWT(HoW-cond),Lamb_office_Caitlin,125
12288.631603476386,40802.928400161436,-28514.29679668505,-29602.534326699748,1410.9614526553646,0.0,322.72392264067025,0.8333333333333334,TOWT(HoW-cond),Lamb_office_Velma,125
3936.8734917213083,5272.353145253515,-1335.479653532207,-3862.9821116583244,2527.502458126117,0.0,0.0,1.0,TOWT(HoW-cond),Rat_retail_Jeffrey,125
19933.753011988265,11586.30055131238,8347.452460675884,-1955.4376808796442,10302.89014155553,0.0,0.0,1.0,TOWT(HoW-cond),Robin_education_Zenia,125
2595.9180723175587,3980.517788624134,-1384.5997163065754,-1548.9749013883438,239.893153029158,0.0,75.51796794738951,0.8333333333333334,TOWT(HoW-cond),Robin_office_Dina,125
5341.6643469382325,39039.89350001495,-33698.22915307672,-27126.064428288824,0.0,0.0,6572.164724787894,0.5,TOWT(HoW-cond),Robin_office_Sammie,125
20059.795695243476,27814.793941622735,-7754.9982463792585,-8300.5770907906,984.0023831624062,0.0,438.4235387510678,0.8333333333333334,TOWT(HoW-cond),Shrew_office_Doris,125
13922.025413892872,34838.371833330086,-20916.346419437214,-20770.395444847367,275.43488133392265,0.0,421.3858559237735,0.8333333333333334,TOWT(HoW-cond),Shrew_office_Ila,125
356.952363166288,3764.3168924736374,-3407.3645293073496,-2129.1045105662897,34.935643337857066,0.0,1313.1956620789167,0.6666666666666666,TOWT(HoW-cond),Shrew_office_Kenneth,125
10411.304921176394,18869.674641874823,-8458.369720698429,-9341.760929286236,883.3912085878073,0.0,0.0,1.0,TOWT(HoW-cond),Shrew_office_Nora,125
13546.720354059165,38173.23720263379,-24626.516848574625,-25039.5353798618,413.0185312871743,0.0,0.0,1.0,TOWT(HoW-cond),Shrew_office_Sherill,125
5075.263350754273,6133.110195241102,-1057.8468444868286,-1075.908413615768,1358.3253502260684,0.0,1340.2637810971287,0.5,TOWT(HoW-cond),Wolf_office_Darleen,125
4136.430726234429,3832.8535001567175,303.57722607771166,-1259.1381513489282,1562.7153774266408,0.0,0.0,1.0,TOWT(HoW-cond),Wolf_retail_Harriett,125
568.6453646680189,1198.7522063529384,-630.1068416849195,-825.2026829047898,322.81443989074774,0.0,127.71859867087753,0.8333333333333334,TOWT(HoW-cond),Wolf_retail_Marcella,125
8665.63980781184,10746.240803187698,-2080.6009953758585,-4840.367133579029,3207.6438742035516,0.0,447.8777360003793,0.8333333333333334,TOWT(HoW-cond),Wolf_retail_Toshia,125
