metric,family,contrast,n,n_sites,estimate,ci95_lo,ci95_hi,p_t,p_perm,boot_lo,boot_hi,cluster_lo,cluster_hi,mixed_est,p_mixed,wins,losses,holm_p,p_tost,ci90_lo,ci90_hi,ci_excludes_margin,ci_inside_margin,sd_buildings
f1,primary,backbone main effect,41.0,7.0,0.015735364923110506,-0.002899177214235448,0.034369907060456464,0.09564333932979266,0.10018998100189981,-0.0020433947533779672,0.03340336812345427,-0.0014321229012954175,0.026725893254848858,0.015734711057759945,0.19119439012536277,23.0,18.0,0.19128667865958532,,,,,,
f1,primary,scoring main effect,41.0,7.0,0.06157840200679232,0.0320044799846919,0.09115232402889274,0.00014127215227698815,0.00039996000399960006,0.03329952300840557,0.08994961758163203,0.03785027686417984,0.07802518152279322,0.061536742809213604,1.4761591458391969e-05,29.0,12.0,0.0004238164568309645,,,,,,
f1,primary,interaction (scoring effect: PatchTST - HOW),41.0,7.0,-0.019572546954720507,-0.053725215462921125,0.01458012155348011,0.2536277754482006,0.2585741425857414,-0.051977152404426165,0.011653328002495598,-0.05110990552706437,0.0474067479977617,-0.002978213024539485,0.9132654692806323,19.0,22.0,0.2536277754482006,,,,,,
f1,simple,PatchTST(HoW) - HOW(HoW)  [backbone | HoW],41.0,7.0,0.005949091445750256,-0.014636261250564844,0.026534444142065357,0.5624439307570336,0.5595440455954405,-0.01401805563859903,0.025218280224390197,-0.009280644838283177,0.04257561949696633,0.010615580101364722,0.4766538736286686,22.0,19.0,0.5624439307570336,,,,,,
f1,simple,PatchTST(global) - HOW(global)  [backbone | global],41.0,7.0,0.025521638400470757,-0.0037005784699324085,0.05474385527087392,0.08517506386926404,0.08689131086891311,-0.002152133303984389,0.05404911864260485,-0.014441312683067633,0.04579312420784438,0.021458851549801206,0.2534611291582073,20.0,21.0,0.1703501277385281,,,,,,
f1,simple,PatchTST(HoW) - PatchTST(global)  [scoring | PatchTST],41.0,7.0,0.05179212852943206,0.018002175871219002,0.08558208118764513,0.0035577227810704424,0.0035996400359964,0.0177060934661573,0.08247001381511107,0.02870016124006517,0.08738952722096638,0.051792129675015654,0.00573675745297947,29.0,12.0,0.010673168343211328,,,,,,
f1,simple,HOW(HoW) - HOW(global)  [scoring | HOW],41.0,7.0,0.07136467548415257,0.0368585135705205,0.10587083739778463,0.0001540525388100758,0.00019998000199980003,0.03758034653101321,0.10402757293341902,0.019224537847020405,0.08959126069629374,0.0713646753918714,0.0021619298263335866,32.0,9.0,0.0006162101552403032,,,,,,
f1,tost,PatchTST(HoW) - HOW(HoW)  TOST +-0.03,41.0,,0.005949091445750256,,,,,,,,,,,,,,0.01158431888173915,-0.011201514199054127,0.02309969709055464,False,True,
f1,cell,PatchTST-SSL(HoW-cond),,,0.6464978200519602,,,,,,,,,,,,,,,,,,,0.1298620409768465
f1,cell,PatchTST-SSL(global-MAD),,,0.5947056915225282,,,,,,,,,,,,,,,,,,,0.1095678243800773
f1,cell,HOW-profile(HoW-cond),,,0.64054872860621,,,,,,,,,,,,,,,,,,,0.11691883675406903
f1,cell,HOW-profile(global-MAD),,,0.5691840531220574,,,,,,,,,,,,,,,,,,,0.12595020755768707
range_f1,primary,backbone main effect,41.0,7.0,-0.025396538132419683,-0.039692175083408526,-0.01110090118143084,0.0008921222751766805,0.0007999200079992001,-0.03910976188096293,-0.01169679713104121,-0.04836458924544094,-0.013870917585665521,-0.029856113629820796,0.010156672083256569,10.0,31.0,0.001784244550353361,,,,,,
range_f1,primary,scoring main effect,41.0,7.0,0.046369367861740014,0.03024677613320066,0.06249195959027937,8.666114565902919e-07,9.999000099990002e-05,0.030390985545929113,0.06135579258600264,0.03909482107145617,0.05554330548763803,0.046401525156582094,2.6003482353398043e-09,35.0,6.0,2.599834369770876e-06,,,,,,
range_f1,primary,interaction (scoring effect: PatchTST - HOW),41.0,7.0,0.01147469912921881,-0.014061166070837381,0.037010564329275006,0.3692211051711481,0.3748625137486251,-0.013798274091173674,0.03558610556192353,-0.010474494077202344,0.06627954712370465,0.02264144210842768,0.2679481274917943,20.0,21.0,0.3692211051711481,,,,,,
range_f1,simple,PatchTST(HoW) - HOW(HoW)  [backbone | HoW],41.0,7.0,-0.019659188567810276,-0.03341433876971564,-0.005904038365904913,0.006218980530847322,0.004899510048995101,-0.03290540680793153,-0.006752153077627261,-0.02888323504785735,-0.010475095146587371,-0.01965998489785349,0.0037498861310553,15.0,26.0,0.012437961061694643,,,,,,
range_f1,simple,PatchTST(global) - HOW(global)  [backbone | global],41.0,7.0,-0.031133887697029083,-0.05449125313814204,-0.007776522255916119,0.010269420757450047,0.008999100089991,-0.052992074635577265,-0.008322731271110865,-0.07996360690221682,-0.00998721509078632,-0.04111402591946741,0.024894989404890572,13.0,28.0,0.012437961061694643,,,,,,
range_f1,simple,PatchTST(HoW) - PatchTST(global)  [scoring | PatchTST],41.0,7.0,0.05210671742634942,0.0301754367528165,0.07403799809988233,2.221179916124431e-05,0.00019998000199980003,0.030400512720046072,0.07247553120426341,0.03705554673984352,0.08499447521313466,0.05701711906621141,0.0004016804831600431,35.0,6.0,8.884719664497724e-05,,,,,,
range_f1,simple,HOW(HoW) - HOW(global)  [scoring | HOW],41.0,7.0,0.04063201829713061,0.02152874470680654,0.05973529188745468,0.00010699633229038929,0.00029997000299970003,0.02192131383188428,0.05868571374002532,0.017365906950571434,0.05197960381792926,0.040632018166107835,0.00709723339940339,32.0,9.0,0.0003209889968711679,,,,,,
range_f1,tost,PatchTST(HoW) - HOW(HoW)  TOST +-0.03,41.0,,-0.019659188567810276,,,,,,,,,,,,,,0.06826386193175638,-0.03111923786490876,-0.008199139270711791,False,False,
range_f1,cell,PatchTST-SSL(HoW-cond),,,0.39879825502330696,,,,,,,,,,,,,,,,,,,0.07021143156155915
range_f1,cell,PatchTST-SSL(global-MAD),,,0.34669153759695764,,,,,,,,,,,,,,,,,,,0.06216700083770856
range_f1,cell,HOW-profile(HoW-cond),,,0.4184574435911174,,,,,,,,,,,,,,,,,,,0.07996326538520712
range_f1,cell,HOW-profile(global-MAD),,,0.3778254252939867,,,,,,,,,,,,,,,,,,,0.07283945791648022
false_alarm_rate,primary,backbone main effect,41.0,7.0,-0.010777281385285787,-0.015078129248026907,-0.006476433522544667,9.637631100431899e-06,9.999000099990002e-05,-0.01521477542154241,-0.006816965059096262,-0.015490525743248778,-0.006768535511254455,-0.010777281421224848,3.6264765188641086e-07,9.0,32.0,2.8912893301295697e-05,,,,,,
false_alarm_rate,primary,scoring main effect,41.0,7.0,-0.007195471029238922,-0.014771396103832206,0.00038045404535436145,0.06206376546899372,0.0585941405859414,-0.014654853576205787,8.952271570760841e-05,-0.017741932425366005,0.003483179349703112,-0.004946725345546558,0.44097403457177453,17.0,24.0,0.12412753093798744,,,,,,
false_alarm_rate,primary,interaction (scoring effect: PatchTST - HOW),41.0,7.0,0.007235582914090235,-0.0006760758658271842,0.015147241694007654,0.07195144267925621,0.07269273072692731,-0.00024233882189892322,0.014900790476319379,-0.006957121952007786,0.016273275491691296,0.004321192587366375,0.4769637531893641,24.0,17.0,0.12412753093798744,,,,,,
false_alarm_rate,simple,PatchTST(HoW) - HOW(HoW)  [backbone | HoW],41.0,7.0,-0.00715948992824067,-0.010261593378609738,-0.004057386477871601,3.4256068272319546e-05,9.999000099990002e-05,-0.01019350027844549,-0.004247335370413096,-0.012700171470479516,-0.0039126653000143,-0.009096434871689249,0.00017981175245832394,7.0,34.0,0.00013702427308927818,,,,,,
false_alarm_rate,simple,PatchTST(global) - HOW(global)  [backbone | global],41.0,7.0,-0.014395072842330905,-0.022054623167579786,-0.006735522517082025,0.0004855358967261851,0.00029997000299970003,-0.021928963178051757,-0.007452700036634949,-0.021741061180417808,-0.003613661691952141,-0.013516749426183477,0.011191471715280074,13.0,28.0,0.0014566076901785553,,,,,,
false_alarm_rate,simple,PatchTST(HoW) - PatchTST(global)  [scoring | PatchTST],41.0,7.0,-0.0035776795721938048,-0.011695366197824037,0.004540007053436428,0.3783944774596549,0.38686131386861317,-0.011575696492313868,0.004026571672241877,-0.0203872024574507,0.008145505898568543,-0.0001624618551719165,0.985595197580233,21.0,20.0,0.3783944774596549,,,,,,
false_alarm_rate,simple,HOW(HoW) - HOW(global)  [scoring | HOW],41.0,7.0,-0.01081326248628404,-0.019768128071243354,-0.001858396901324725,0.019190148062316774,0.018098190180981903,-0.019673609370323166,-0.0025859766594436167,-0.01671350468469715,0.0019240555307198622,-0.010813262471877059,0.17362118550496186,15.0,26.0,0.03838029612463355,,,,,,
false_alarm_rate,tost,PatchTST(HoW) - HOW(HoW)  TOST +-0.03,41.0,,-0.00715948992824067,,,,,,,,,,,,,,8.293639824380931e-26,-0.00974399521855763,-0.004574984637923709,False,True,
false_alarm_rate,cell,PatchTST-SSL(HoW-cond),,,0.020531559886306658,,,,,,,,,,,,,,,,,,,0.015400990560732096
false_alarm_rate,cell,PatchTST-SSL(global-MAD),,,0.024109239458500464,,,,,,,,,,,,,,,,,,,0.02568652992359392
false_alarm_rate,cell,HOW-profile(HoW-cond),,,0.027691049814547328,,,,,,,,,,,,,,,,,,,0.021885218507568895
false_alarm_rate,cell,HOW-profile(global-MAD),,,0.03850431230083137,,,,,,,,,,,,,,,,,,,0.030754846646556314
