type,severity,accepted,reason,building_id,seed
spike,3,True,,Fox_education_Henrietta,123
spike,1,True,,Fox_education_Henrietta,123
drift,3,True,,Fox_education_Henrietta,123
schedule,3,True,,Fox_education_Henrietta,123
spike,3,True,,Fox_education_Henrietta,123
spike,2,True,,Fox_education_Henrietta,123
schedule,3,True,,Fox_retail_Manie,123
spike,1,False,overlap,Fox_retail_Manie,123
drift,1,True,,Fox_retail_Manie,123
spike,3,True,,Fox_retail_Manie,123
drift,3,True,,Fox_retail_Manie,123
spike,3,True,,Fox_retail_Manie,123
drift,3,False,overlap,Fox_retail_Manie,123
drift,2,False,overlap,Fox_retail_Manie,123
schedule,1,False,overlap,Fox_retail_Manie,123
schedule,1,False,overlap,Fox_retail_Manie,123
drift,2,False,overlap,Fox_retail_Manie,123
spike,1,True,,Fox_retail_Manie,123
drift,2,True,,Hog_education_Bruno,123
spike,2,True,,Hog_education_Bruno,123
drift,2,True,,Hog_education_Bruno,123
schedule,2,False,overlap,Hog_education_Bruno,123
drift,2,True,,Hog_education_Bruno,123
drift,2,False,overlap,Hog_education_Bruno,123
drift,2,False,overlap,Hog_education_Bruno,123
schedule,2,False,overlap,Hog_education_Bruno,123
spike,2,True,,Hog_education_Bruno,123
schedule,3,True,,Hog_education_Bruno,123
schedule,1,False,peak<0.5kW,Hog_education_Caridad,123
spike,1,True,,Hog_education_Caridad,123
drift,3,True,,Hog_education_Caridad,123
schedule,1,False,peak<0.5kW,Hog_education_Caridad,123
spike,1,True,,Hog_education_Caridad,123
schedule,1,False,peak<0.5kW,Hog_education_Caridad,123
spike,3,True,,Hog_education_Caridad,123
drift,2,False,overlap,Hog_education_Caridad,123
schedule,3,False,overlap,Hog_education_Caridad,123
drift,1,True,,Hog_education_Caridad,123
drift,2,False,overlap,Hog_education_Caridad,123
drift,2,False,overlap,Hog_education_Caridad,123
drift,3,True,,Hog_education_Caridad,123
drift,3,True,,Hog_education_Josh,123
spike,2,True,,Hog_education_Josh,123
drift,1,False,overlap,Hog_education_Josh,123
spike,1,True,,Hog_education_Josh,123
drift,3,True,,Hog_education_Josh,123
drift,1,True,,Hog_education_Josh,123
schedule,1,False,peak<0.5kW,Hog_education_Josh,123
schedule,1,False,peak<0.5kW,Hog_education_Josh,123
drift,2,False,overlap,Hog_education_Josh,123
spike,1,True,,Hog_education_Josh,123
spike,1,True,,Hog_education_Luvenia,123
drift,2,True,,Hog_education_Luvenia,123
schedule,3,False,overlap,Hog_education_Luvenia,123
spike,1,True,,Hog_education_Luvenia,123
spike,3,True,,Hog_education_Luvenia,123
schedule,1,False,peak<0.5kW,Hog_education_Luvenia,123
schedule,2,False,peak<0.5kW,Hog_education_Luvenia,123
drift,3,True,,Hog_education_Luvenia,123
schedule,3,True,,Hog_education_Luvenia,123
schedule,2,True,,Hog_office_Almeda,123
schedule,1,False,peak<0.5kW,Hog_office_Almeda,123
schedule,1,False,peak<0.5kW,Hog_office_Almeda,123
schedule,2,True,,Hog_office_Almeda,123
drift,3,True,,Hog_office_Almeda,123
drift,1,True,,Hog_office_Almeda,123
spike,1,True,,Hog_office_Almeda,123
drift,1,False,overlap,Hog_office_Almeda,123
spike,1,True,,Hog_office_Almeda,123
schedule,3,True,,Hog_office_Cortney,123
spike,2,True,,Hog_office_Cortney,123
drift,3,True,,Hog_office_Cortney,123
spike,1,False,overlap,Hog_office_Cortney,123
spike,3,True,,Hog_office_Cortney,123
drift,3,False,overlap,Hog_office_Cortney,123
drift,3,True,,Hog_office_Cortney,123
drift,2,False,overlap,Hog_office_Cortney,123
spike,3,True,,Hog_office_Cortney,123
spike,2,True,,Hog_office_Denita,123
schedule,2,True,,Hog_office_Denita,123
drift,3,True,,Hog_office_Denita,123
schedule,1,False,peak<0.5kW,Hog_office_Denita,123
drift,2,True,,Hog_office_Denita,123
schedule,2,True,,Hog_office_Denita,123
drift,2,False,overlap,Hog_office_Denita,123
spike,2,False,overlap,Hog_office_Denita,123
spike,3,True,,Hog_office_Denita,123
spike,1,True,,Hog_office_Garrett,123
drift,1,True,,Hog_office_Garrett,123
schedule,3,True,,Hog_office_Garrett,123
drift,3,False,overlap,Hog_office_Garrett,123
spike,3,False,overlap,Hog_office_Garrett,123
drift,1,False,overlap,Hog_office_Garrett,123
drift,2,False,overlap,Hog_office_Garrett,123
drift,1,True,,Hog_office_Garrett,123
schedule,1,False,peak<0.5kW,Hog_office_Garrett,123
drift,3,True,,Hog_office_Garrett,123
schedule,3,False,overlap,Hog_office_Garrett,123
spike,3,True,,Hog_office_Garrett,123
schedule,3,False,peak<0.5kW,Hog_office_Lavon,123
spike,1,True,,Hog_office_Lavon,123
spike,2,True,,Hog_office_Lavon,123
drift,2,True,,Hog_office_Lavon,123
spike,3,True,,Hog_office_Lavon,123
schedule,2,False,overlap,Hog_office_Lavon,123
schedule,1,False,peak<0.5kW,Hog_office_Lavon,123
schedule,2,False,overlap,Hog_office_Lavon,123
spike,1,True,,Hog_office_Lavon,123
spike,3,True,,Hog_office_Lavon,123
spike,3,True,,Hog_office_Merilyn,123
spike,3,True,,Hog_office_Merilyn,123
drift,3,True,,Hog_office_Merilyn,123
schedule,2,True,,Hog_office_Merilyn,123
drift,3,True,,Hog_office_Merilyn,123
schedule,3,True,,Hog_office_Merilyn,123
schedule,1,False,peak<0.5kW,Hog_office_Miriam,123
schedule,1,False,peak<0.5kW,Hog_office_Miriam,123
spike,2,True,,Hog_office_Miriam,123
drift,1,False,overlap,Hog_office_Miriam,123
drift,1,True,,Hog_office_Miriam,123
spike,2,True,,Hog_office_Miriam,123
drift,1,True,,Hog_office_Miriam,123
drift,2,False,overlap,Hog_office_Miriam,123
schedule,3,False,overlap,Hog_office_Miriam,123
spike,1,False,overlap,Hog_office_Miriam,123
drift,2,False,overlap,Hog_office_Miriam,123
spike,3,False,overlap,Hog_office_Miriam,123
spike,2,False,overlap,Hog_office_Miriam,123
schedule,1,False,peak<0.5kW,Hog_office_Miriam,123
schedule,1,False,overlap,Hog_office_Miriam,123
spike,1,True,,Hog_office_Miriam,123
drift,3,False,overlap,Hog_office_Miriam,123
schedule,2,False,overlap,Hog_office_Miriam,123
schedule,3,False,overlap,Hog_office_Miriam,123
schedule,2,False,overlap,Hog_office_Miriam,123
drift,3,False,overlap,Hog_office_Miriam,123
schedule,3,False,overlap,Hog_office_Miriam,123
schedule,2,True,,Hog_office_Miriam,123
drift,3,True,,Hog_office_Napoleon,123
schedule,1,False,peak<0.5kW,Hog_office_Napoleon,123
drift,2,True,,Hog_office_Napoleon,123
schedule,3,True,,Hog_office_Napoleon,123
spike,2,False,overlap,Hog_office_Napoleon,123
schedule,1,False,peak<0.5kW,Hog_office_Napoleon,123
drift,3,False,overlap,Hog_office_Napoleon,123
drift,3,False,overlap,Hog_office_Napoleon,123
schedule,3,True,,Hog_office_Napoleon,123
spike,3,True,,Hog_office_Napoleon,123
spike,3,False,overlap,Hog_office_Napoleon,123
spike,3,True,,Hog_office_Napoleon,123
schedule,2,True,,Hog_office_Shawna,123
schedule,3,True,,Hog_office_Shawna,123
spike,2,True,,Hog_office_Shawna,123
spike,1,True,,Hog_office_Shawna,123
spike,1,True,,Hog_office_Shawna,123
drift,2,True,,Hog_office_Shawna,123
spike,2,True,,Hog_office_Shawnna,123
drift,1,True,,Hog_office_Shawnna,123
drift,2,False,overlap,Hog_office_Shawnna,123
schedule,3,False,overlap,Hog_office_Shawnna,123
drift,1,False,overlap,Hog_office_Shawnna,123
schedule,2,True,,Hog_office_Shawnna,123
schedule,3,True,,Hog_office_Shawnna,123
schedule,3,False,overlap,Hog_office_Shawnna,123
schedule,1,False,peak<0.5kW,Hog_office_Shawnna,123
drift,2,False,overlap,Hog_office_Shawnna,123
spike,3,True,,Hog_office_Shawnna,123
schedule,1,False,peak<0.5kW,Hog_office_Shawnna,123
spike,1,True,,Hog_office_Shawnna,123
schedule,1,False,peak<0.5kW,Hog_office_Sherrie,123
drift,1,True,,Hog_office_Sherrie,123
drift,3,True,,Hog_office_Sherrie,123
spike,3,True,,Hog_office_Sherrie,123
spike,2,True,,Hog_office_Sherrie,123
drift,2,False,overlap,Hog_office_Sherrie,123
drift,2,True,,Hog_office_Sherrie,123
spike,2,True,,Hog_office_Sherrie,123
drift,3,True,,Hog_office_Shon,123
spike,2,True,,Hog_office_Shon,123
schedule,2,False,peak<0.5kW,Hog_office_Shon,123
drift,2,True,,Hog_office_Shon,123
drift,3,True,,Hog_office_Shon,123
spike,3,False,overlap,Hog_office_Shon,123
drift,2,True,,Hog_office_Shon,123
schedule,2,False,overlap,Hog_office_Shon,123
spike,3,True,,Hog_office_Shon,123
schedule,1,False,peak<0.5kW,Hog_office_Sydney,123
schedule,1,False,peak<0.5kW,Hog_office_Sydney,123
spike,2,True,,Hog_office_Sydney,123
schedule,3,True,,Hog_office_Sydney,123
schedule,2,False,peak<0.5kW,Hog_office_Sydney,123
spike,2,True,,Hog_office_Sydney,123
drift,1,True,,Hog_office_Sydney,123
schedule,3,True,,Hog_office_Sydney,123
drift,2,True,,Hog_office_Sydney,123
spike,2,True,,Hog_office_Valda,123
spike,2,True,,Hog_office_Valda,123
schedule,3,True,,Hog_office_Valda,123
spike,2,False,overlap,Hog_office_Valda,123
spike,2,True,,Hog_office_Valda,123
drift,1,False,overlap,Hog_office_Valda,123
spike,1,True,,Hog_office_Valda,123
spike,2,True,,Hog_office_Valda,123
schedule,2,True,,Lamb_education_Armando,123
schedule,1,True,,Lamb_education_Armando,123
schedule,2,False,overlap,Lamb_education_Armando,123
drift,1,False,overlap,Lamb_education_Armando,123
spike,3,True,,Lamb_education_Armando,123
drift,3,True,,Lamb_education_Armando,123
spike,2,True,,Lamb_education_Armando,123
schedule,3,False,overlap,Lamb_education_Armando,123
schedule,2,False,overlap,Lamb_education_Armando,123
spike,2,True,,Lamb_education_Armando,123
spike,3,True,,Lamb_education_Eula,123
spike,1,True,,Lamb_education_Eula,123
drift,1,False,peak<0.5kW,Lamb_education_Eula,123
spike,3,True,,Lamb_education_Eula,123
drift,2,False,peak<0.5kW,Lamb_education_Eula,123
drift,1,False,peak<0.5kW,Lamb_education_Eula,123
spike,1,True,,Lamb_education_Eula,123
schedule,1,False,overlap,Lamb_education_Eula,123
spike,1,True,,Lamb_education_Eula,123
spike,3,True,,Lamb_education_Eula,123
spike,2,True,,Lamb_education_Lazaro,123
drift,1,True,,Lamb_education_Lazaro,123
spike,2,True,,Lamb_education_Lazaro,123
drift,3,True,,Lamb_education_Lazaro,123
spike,3,True,,Lamb_education_Lazaro,123
drift,1,True,,Lamb_education_Lazaro,123
schedule,3,True,,Lamb_education_Lucas,123
drift,1,False,overlap,Lamb_education_Lucas,123
schedule,2,False,peak<0.5kW,Lamb_education_Lucas,123
spike,3,True,,Lamb_education_Lucas,123
schedule,3,True,,Lamb_education_Lucas,123
spike,2,True,,Lamb_education_Lucas,123
spike,1,True,,Lamb_education_Lucas,123
drift,2,True,,Lamb_education_Lucas,123
drift,1,True,,Lamb_education_Mae,123
drift,3,True,,Lamb_education_Mae,123
drift,2,True,,Lamb_education_Mae,123
spike,2,False,overlap,Lamb_education_Mae,123
schedule,2,False,overlap,Lamb_education_Mae,123
spike,1,True,,Lamb_education_Mae,123
schedule,3,True,,Lamb_education_Mae,123
schedule,2,False,overlap,Lamb_education_Mae,123
spike,2,True,,Lamb_education_Mae,123
spike,3,True,,Lamb_education_Williams,123
spike,1,True,,Lamb_education_Williams,123
schedule,2,True,,Lamb_education_Williams,123
schedule,2,False,peak<0.5kW,Lamb_education_Williams,123
spike,3,True,,Lamb_education_Williams,123
schedule,2,False,overlap,Lamb_education_Williams,123
drift,2,False,overlap,Lamb_education_Williams,123
schedule,2,False,peak<0.5kW,Lamb_education_Williams,123
spike,2,True,,Lamb_education_Williams,123
drift,3,False,overlap,Lamb_education_Williams,123
spike,1,True,,Lamb_education_Williams,123
drift,2,True,,Lamb_office_Caitlin,123
spike,3,True,,Lamb_office_Caitlin,123
drift,3,False,overlap,Lamb_office_Caitlin,123
drift,1,True,,Lamb_office_Caitlin,123
spike,1,True,,Lamb_office_Caitlin,123
spike,2,True,,Lamb_office_Caitlin,123
schedule,2,False,overlap,Lamb_office_Caitlin,123
spike,2,True,,Lamb_office_Caitlin,123
spike,2,True,,Lamb_office_Velma,123
drift,1,True,,Lamb_office_Velma,123
schedule,3,True,,Lamb_office_Velma,123
schedule,3,True,,Lamb_office_Velma,123
drift,2,False,overlap,Lamb_office_Velma,123
drift,3,False,overlap,Lamb_office_Velma,123
drift,2,True,,Lamb_office_Velma,123
spike,2,False,overlap,Lamb_office_Velma,123
spike,1,True,,Lamb_office_Velma,123
spike,1,True,,Rat_retail_Jeffrey,123
drift,2,True,,Rat_retail_Jeffrey,123
drift,3,True,,Rat_retail_Jeffrey,123
schedule,1,False,peak<0.5kW,Rat_retail_Jeffrey,123
drift,3,True,,Rat_retail_Jeffrey,123
drift,1,False,overlap,Rat_retail_Jeffrey,123
spike,2,True,,Rat_retail_Jeffrey,123
schedule,3,False,overlap,Rat_retail_Jeffrey,123
spike,2,False,overlap,Rat_retail_Jeffrey,123
schedule,3,False,overlap,Rat_retail_Jeffrey,123
drift,1,False,overlap,Rat_retail_Jeffrey,123
schedule,2,False,peak<0.5kW,Rat_retail_Jeffrey,123
spike,1,True,,Rat_retail_Jeffrey,123
drift,3,True,,Robin_education_Zenia,123
drift,2,True,,Robin_education_Zenia,123
drift,1,False,overlap,Robin_education_Zenia,123
schedule,3,False,peak<0.5kW,Robin_education_Zenia,123
spike,3,False,overlap,Robin_education_Zenia,123
spike,2,True,,Robin_education_Zenia,123
schedule,2,False,overlap,Robin_education_Zenia,123
drift,1,True,,Robin_education_Zenia,123
spike,2,True,,Robin_education_Zenia,123
drift,1,False,overlap,Robin_education_Zenia,123
schedule,2,False,peak<0.5kW,Robin_education_Zenia,123
spike,1,True,,Robin_education_Zenia,123
schedule,2,False,peak<0.5kW,Robin_office_Dina,123
schedule,2,False,peak<0.5kW,Robin_office_Dina,123
spike,1,True,,Robin_office_Dina,123
spike,2,True,,Robin_office_Dina,123
spike,2,True,,Robin_office_Dina,123
schedule,2,False,peak<0.5kW,Robin_office_Dina,123
drift,1,True,,Robin_office_Dina,123
drift,3,True,,Robin_office_Dina,123
drift,2,False,overlap,Robin_office_Dina,123
spike,3,False,overlap,Robin_office_Dina,123
spike,2,True,,Robin_office_Dina,123
schedule,2,True,,Robin_office_Sammie,123
spike,2,False,overlap,Robin_office_Sammie,123
schedule,3,True,,Robin_office_Sammie,123
drift,1,True,,Robin_office_Sammie,123
spike,3,True,,Robin_office_Sammie,123
schedule,3,False,overlap,Robin_office_Sammie,123
schedule,3,True,,Robin_office_Sammie,123
schedule,1,False,peak<0.5kW,Robin_office_Sammie,123
drift,2,False,overlap,Robin_office_Sammie,123
schedule,1,False,overlap,Robin_office_Sammie,123
spike,3,True,,Robin_office_Sammie,123
drift,3,True,,Shrew_office_Doris,123
spike,1,True,,Shrew_office_Doris,123
schedule,3,True,,Shrew_office_Doris,123
schedule,3,True,,Shrew_office_Doris,123
schedule,3,True,,Shrew_office_Doris,123
spike,3,True,,Shrew_office_Doris,123
drift,2,True,,Shrew_office_Ila,123
schedule,3,True,,Shrew_office_Ila,123
drift,3,False,overlap,Shrew_office_Ila,123
drift,1,True,,Shrew_office_Ila,123
spike,3,False,overlap,Shrew_office_Ila,123
spike,2,True,,Shrew_office_Ila,123
schedule,2,False,peak<0.5kW,Shrew_office_Ila,123
schedule,2,False,overlap,Shrew_office_Ila,123
drift,2,False,overlap,Shrew_office_Ila,123
spike,1,False,overlap,Shrew_office_Ila,123
schedule,3,True,,Shrew_office_Ila,123
drift,2,False,overlap,Shrew_office_Ila,123
drift,2,False,overlap,Shrew_office_Ila,123
drift,3,True,,Shrew_office_Ila,123
schedule,1,False,peak<0.5kW,Shrew_office_Kenneth,123
spike,3,True,,Shrew_office_Kenneth,123
spike,2,True,,Shrew_office_Kenneth,123
drift,3,True,,Shrew_office_Kenneth,123
drift,3,True,,Shrew_office_Kenneth,123
drift,2,True,,Shrew_office_Kenneth,123
drift,3,False,overlap,Shrew_office_Kenneth,123
spike,3,False,overlap,Shrew_office_Kenneth,123
spike,2,True,,Shrew_office_Kenneth,123
spike,1,True,,Shrew_office_Nora,123
schedule,3,True,,Shrew_office_Nora,123
spike,3,True,,Shrew_office_Nora,123
drift,1,False,overlap,Shrew_office_Nora,123
spike,2,True,,Shrew_office_Nora,123
schedule,3,True,,Shrew_office_Nora,123
spike,1,True,,Shrew_office_Nora,123
spike,3,True,,Shrew_office_Sherill,123
schedule,3,True,,Shrew_office_Sherill,123
schedule,2,False,overlap,Shrew_office_Sherill,123
schedule,1,False,peak<0.5kW,Shrew_office_Sherill,123
schedule,2,True,,Shrew_office_Sherill,123
drift,1,False,overlap,Shrew_office_Sherill,123
schedule,3,False,overlap,Shrew_office_Sherill,123
drift,3,True,,Shrew_office_Sherill,123
drift,2,False,overlap,Shrew_office_Sherill,123
spike,3,True,,Shrew_office_Sherill,123
drift,1,False,overlap,Shrew_office_Sherill,123
spike,1,True,,Shrew_office_Sherill,123
drift,2,True,,Wolf_office_Darleen,123
drift,2,True,,Wolf_office_Darleen,123
drift,3,True,,Wolf_office_Darleen,123
schedule,2,False,peak<0.5kW,Wolf_office_Darleen,123
schedule,1,False,overlap,Wolf_office_Darleen,123
spike,2,True,,Wolf_office_Darleen,123
drift,1,True,,Wolf_office_Darleen,123
drift,1,False,overlap,Wolf_office_Darleen,123
schedule,2,True,,Wolf_office_Darleen,123
schedule,2,True,,Wolf_retail_Harriett,123
schedule,2,True,,Wolf_retail_Harriett,123
spike,2,True,,Wolf_retail_Harriett,123
spike,2,True,,Wolf_retail_Harriett,123
drift,1,True,,Wolf_retail_Harriett,123
schedule,2,False,peak<0.5kW,Wolf_retail_Harriett,123
schedule,1,False,overlap,Wolf_retail_Harriett,123
drift,3,True,,Wolf_retail_Harriett,123
spike,1,True,,Wolf_retail_Marcella,123
drift,3,True,,Wolf_retail_Marcella,123
drift,2,True,,Wolf_retail_Marcella,123
spike,3,True,,Wolf_retail_Marcella,123
spike,1,True,,Wolf_retail_Marcella,123
drift,2,False,overlap,Wolf_retail_Marcella,123
spike,2,True,,Wolf_retail_Marcella,123
spike,1,True,,Wolf_retail_Toshia,123
spike,1,True,,Wolf_retail_Toshia,123
schedule,2,True,,Wolf_retail_Toshia,123
spike,2,True,,Wolf_retail_Toshia,123
spike,3,True,,Wolf_retail_Toshia,123
schedule,2,True,,Wolf_retail_Toshia,123
schedule,3,True,,Fox_education_Henrietta,124
spike,3,True,,Fox_education_Henrietta,124
spike,1,True,,Fox_education_Henrietta,124
schedule,2,False,peak<0.5kW,Fox_education_Henrietta,124
schedule,3,True,,Fox_education_Henrietta,124
drift,2,False,overlap,Fox_education_Henrietta,124
drift,1,True,,Fox_education_Henrietta,124
schedule,1,False,peak<0.5kW,Fox_education_Henrietta,124
schedule,1,False,peak<0.5kW,Fox_education_Henrietta,124
drift,2,False,overlap,Fox_education_Henrietta,124
schedule,1,False,peak<0.5kW,Fox_education_Henrietta,124
spike,2,True,,Fox_education_Henrietta,124
spike,3,True,,Fox_retail_Manie,124
schedule,3,True,,Fox_retail_Manie,124
spike,3,True,,Fox_retail_Manie,124
drift,1,False,overlap,Fox_retail_Manie,124
drift,2,True,,Fox_retail_Manie,124
drift,1,False,overlap,Fox_retail_Manie,124
spike,1,True,,Fox_retail_Manie,124
schedule,2,False,overlap,Fox_retail_Manie,124
schedule,3,True,,Fox_retail_Manie,124
drift,3,True,,Hog_education_Bruno,124
drift,1,True,,Hog_education_Bruno,124
drift,3,False,overlap,Hog_education_Bruno,124
drift,2,True,,Hog_education_Bruno,124
schedule,2,False,peak<0.5kW,Hog_education_Bruno,124
drift,3,False,overlap,Hog_education_Bruno,124
schedule,2,False,overlap,Hog_education_Bruno,124
schedule,2,False,overlap,Hog_education_Bruno,124
drift,2,False,overlap,Hog_education_Bruno,124
drift,3,False,overlap,Hog_education_Bruno,124
drift,1,False,overlap,Hog_education_Bruno,124
schedule,1,False,overlap,Hog_education_Bruno,124
drift,3,False,overlap,Hog_education_Bruno,124
schedule,1,False,overlap,Hog_education_Bruno,124
spike,1,True,,Hog_education_Bruno,124
spike,1,False,overlap,Hog_education_Bruno,124
schedule,1,False,peak<0.5kW,Hog_education_Bruno,124
drift,1,True,,Hog_education_Bruno,124
schedule,1,False,peak<0.5kW,Hog_education_Bruno,124
drift,1,False,overlap,Hog_education_Bruno,124
drift,2,False,overlap,Hog_education_Bruno,124
spike,1,True,,Hog_education_Bruno,124
drift,2,True,,Hog_education_Caridad,124
schedule,2,True,,Hog_education_Caridad,124
drift,1,True,,Hog_education_Caridad,124
drift,3,False,overlap,Hog_education_Caridad,124
schedule,1,False,peak<0.5kW,Hog_education_Caridad,124
spike,1,True,,Hog_education_Caridad,124
schedule,3,True,,Hog_education_Caridad,124
schedule,2,False,overlap,Hog_education_Caridad,124
drift,3,False,overlap,Hog_education_Caridad,124
schedule,1,False,overlap,Hog_education_Caridad,124
spike,2,False,overlap,Hog_education_Caridad,124
drift,2,False,overlap,Hog_education_Caridad,124
schedule,2,False,overlap,Hog_education_Caridad,124
drift,1,False,overlap,Hog_education_Caridad,124
spike,3,False,overlap,Hog_education_Caridad,124
drift,3,False,overlap,Hog_education_Caridad,124
spike,1,True,,Hog_education_Caridad,124
spike,1,True,,Hog_education_Josh,124
schedule,1,False,peak<0.5kW,Hog_education_Josh,124
schedule,2,True,,Hog_education_Josh,124
drift,3,True,,Hog_education_Josh,124
spike,3,True,,Hog_education_Josh,124
drift,2,False,overlap,Hog_education_Josh,124
spike,3,True,,Hog_education_Josh,124
schedule,2,False,peak<0.5kW,Hog_education_Josh,124
drift,1,True,,Hog_education_Josh,124
drift,3,True,,Hog_education_Luvenia,124
drift,1,True,,Hog_education_Luvenia,124
drift,3,True,,Hog_education_Luvenia,124
drift,3,True,,Hog_education_Luvenia,124
schedule,1,False,overlap,Hog_education_Luvenia,124
spike,3,False,overlap,Hog_education_Luvenia,124
spike,2,True,,Hog_education_Luvenia,124
schedule,3,False,peak<0.5kW,Hog_education_Luvenia,124
schedule,3,False,overlap,Hog_education_Luvenia,124
spike,2,False,overlap,Hog_education_Luvenia,124
drift,3,True,,Hog_education_Luvenia,124
schedule,2,False,peak<0.5kW,Hog_office_Almeda,124
schedule,3,True,,Hog_office_Almeda,124
schedule,2,True,,Hog_office_Almeda,124
drift,1,True,,Hog_office_Almeda,124
drift,1,False,overlap,Hog_office_Almeda,124
drift,3,False,overlap,Hog_office_Almeda,124
spike,3,True,,Hog_office_Almeda,124
spike,1,False,overlap,Hog_office_Almeda,124
spike,3,False,overlap,Hog_office_Almeda,124
spike,3,True,,Hog_office_Almeda,124
spike,2,True,,Hog_office_Almeda,124
schedule,2,False,peak<0.5kW,Hog_office_Cortney,124
spike,2,True,,Hog_office_Cortney,124
spike,3,True,,Hog_office_Cortney,124
spike,1,True,,Hog_office_Cortney,124
spike,2,True,,Hog_office_Cortney,124
schedule,3,True,,Hog_office_Cortney,124
spike,1,True,,Hog_office_Cortney,124
schedule,3,True,,Hog_office_Denita,124
schedule,2,True,,Hog_office_Denita,124
schedule,1,False,overlap,Hog_office_Denita,124
schedule,1,False,peak<0.5kW,Hog_office_Denita,124
drift,1,True,,Hog_office_Denita,124
spike,3,False,overlap,Hog_office_Denita,124
schedule,2,True,,Hog_office_Denita,124
drift,2,False,overlap,Hog_office_Denita,124
spike,1,False,overlap,Hog_office_Denita,124
schedule,1,False,overlap,Hog_office_Denita,124
schedule,2,False,overlap,Hog_office_Denita,124
drift,3,False,overlap,Hog_office_Denita,124
drift,3,True,,Hog_office_Denita,124
schedule,1,False,overlap,Hog_office_Denita,124
drift,2,False,overlap,Hog_office_Denita,124
schedule,1,False,overlap,Hog_office_Denita,124
spike,3,True,,Hog_office_Denita,124
drift,1,True,,Hog_office_Garrett,124
schedule,3,True,,Hog_office_Garrett,124
drift,1,True,,Hog_office_Garrett,124
schedule,1,False,overlap,Hog_office_Garrett,124
schedule,1,False,overlap,Hog_office_Garrett,124
spike,3,True,,Hog_office_Garrett,124
schedule,2,False,overlap,Hog_office_Garrett,124
drift,1,False,overlap,Hog_office_Garrett,124
schedule,1,False,peak<0.5kW,Hog_office_Garrett,124
drift,1,True,,Hog_office_Garrett,124
spike,1,True,,Hog_office_Garrett,124
schedule,1,False,peak<0.5kW,Hog_office_Lavon,124
drift,1,True,,Hog_office_Lavon,124
schedule,3,False,peak<0.5kW,Hog_office_Lavon,124
drift,3,True,,Hog_office_Lavon,124
schedule,3,False,peak<0.5kW,Hog_office_Lavon,124
spike,3,True,,Hog_office_Lavon,124
drift,2,True,,Hog_office_Lavon,124
schedule,1,False,peak<0.5kW,Hog_office_Lavon,124
spike,1,True,,Hog_office_Lavon,124
schedule,1,False,peak<0.5kW,Hog_office_Lavon,124
schedule,2,False,peak<0.5kW,Hog_office_Lavon,124
schedule,2,False,overlap,Hog_office_Lavon,124
spike,2,False,overlap,Hog_office_Lavon,124
schedule,1,False,overlap,Hog_office_Lavon,124
spike,2,True,,Hog_office_Lavon,124
spike,2,True,,Hog_office_Merilyn,124
schedule,3,True,,Hog_office_Merilyn,124
drift,3,True,,Hog_office_Merilyn,124
spike,3,False,overlap,Hog_office_Merilyn,124
spike,2,True,,Hog_office_Merilyn,124
spike,3,True,,Hog_office_Merilyn,124
schedule,3,True,,Hog_office_Merilyn,124
spike,3,True,,Hog_office_Miriam,124
drift,2,True,,Hog_office_Miriam,124
drift,2,True,,Hog_office_Miriam,124
drift,1,False,overlap,Hog_office_Miriam,124
schedule,2,True,,Hog_office_Miriam,124
spike,1,True,,Hog_office_Miriam,124
schedule,2,False,overlap,Hog_office_Miriam,124
schedule,3,False,overlap,Hog_office_Miriam,124
drift,3,True,,Hog_office_Miriam,124
drift,2,True,,Hog_office_Napoleon,124
schedule,1,False,peak<0.5kW,Hog_office_Napoleon,124
spike,3,True,,Hog_office_Napoleon,124
drift,3,True,,Hog_office_Napoleon,124
drift,2,False,overlap,Hog_office_Napoleon,124
drift,2,False,overlap,Hog_office_Napoleon,124
spike,2,False,overlap,Hog_office_Napoleon,124
spike,3,True,,Hog_office_Napoleon,124
drift,3,False,overlap,Hog_office_Napoleon,124
spike,3,True,,Hog_office_Napoleon,124
spike,3,True,,Hog_office_Napoleon,124
spike,3,True,,Hog_office_Shawna,124
spike,2,True,,Hog_office_Shawna,124
drift,2,True,,Hog_office_Shawna,124
drift,1,True,,Hog_office_Shawna,124
drift,2,True,,Hog_office_Shawna,124
drift,3,True,,Hog_office_Shawna,124
schedule,2,True,,Hog_office_Shawnna,124
schedule,2,True,,Hog_office_Shawnna,124
spike,3,True,,Hog_office_Shawnna,124
spike,2,True,,Hog_office_Shawnna,124
drift,2,True,,Hog_office_Shawnna,124
drift,2,False,overlap,Hog_office_Shawnna,124
drift,3,True,,Hog_office_Shawnna,124
drift,1,True,,Hog_office_Sherrie,124
drift,1,True,,Hog_office_Sherrie,124
drift,3,True,,Hog_office_Sherrie,124
schedule,2,True,,Hog_office_Sherrie,124
schedule,1,False,overlap,Hog_office_Sherrie,124
drift,3,False,overlap,Hog_office_Sherrie,124
schedule,3,True,,Hog_office_Sherrie,124
spike,3,False,overlap,Hog_office_Sherrie,124
spike,1,True,,Hog_office_Sherrie,124
drift,1,True,,Hog_office_Shon,124
spike,2,True,,Hog_office_Shon,124
schedule,3,True,,Hog_office_Shon,124
spike,3,False,overlap,Hog_office_Shon,124
schedule,3,True,,Hog_office_Shon,124
drift,2,True,,Hog_office_Shon,124
schedule,1,False,peak<0.5kW,Hog_office_Shon,124
drift,2,False,overlap,Hog_office_Shon,124
drift,1,False,overlap,Hog_office_Shon,124
drift,1,False,overlap,Hog_office_Shon,124
drift,1,False,overlap,Hog_office_Shon,124
schedule,2,False,overlap,Hog_office_Shon,124
schedule,1,False,overlap,Hog_office_Shon,124
schedule,2,False,peak<0.5kW,Hog_office_Shon,124
drift,2,False,overlap,Hog_office_Shon,124
spike,2,False,overlap,Hog_office_Shon,124
drift,2,True,,Hog_office_Shon,124
drift,1,True,,Hog_office_Sydney,124
spike,1,True,,Hog_office_Sydney,124
spike,1,True,,Hog_office_Sydney,124
spike,2,True,,Hog_office_Sydney,124
schedule,2,False,peak<0.5kW,Hog_office_Sydney,124
spike,2,True,,Hog_office_Sydney,124
drift,1,False,overlap,Hog_office_Sydney,124
spike,2,True,,Hog_office_Sydney,124
drift,2,True,,Hog_office_Valda,124
spike,3,True,,Hog_office_Valda,124
drift,3,True,,Hog_office_Valda,124
spike,2,True,,Hog_office_Valda,124
drift,3,False,overlap,Hog_office_Valda,124
schedule,3,True,,Hog_office_Valda,124
schedule,3,True,,Hog_office_Valda,124
schedule,3,True,,Lamb_education_Armando,124
schedule,2,False,overlap,Lamb_education_Armando,124
drift,2,True,,Lamb_education_Armando,124
drift,2,True,,Lamb_education_Armando,124
drift,3,True,,Lamb_education_Armando,124
schedule,1,False,overlap,Lamb_education_Armando,124
spike,2,True,,Lamb_education_Armando,124
drift,2,False,overlap,Lamb_education_Armando,124
drift,1,False,overlap,Lamb_education_Armando,124
drift,2,False,overlap,Lamb_education_Armando,124
schedule,1,False,overlap,Lamb_education_Armando,124
drift,1,False,overlap,Lamb_education_Armando,124
schedule,3,True,,Lamb_education_Armando,124
drift,3,True,,Lamb_education_Eula,124
spike,2,False,overlap,Lamb_education_Eula,124
spike,2,False,overlap,Lamb_education_Eula,124
schedule,2,False,peak<0.5kW,Lamb_education_Eula,124
spike,1,True,,Lamb_education_Eula,124
schedule,1,False,peak<0.5kW,Lamb_education_Eula,124
drift,2,True,,Lamb_education_Eula,124
spike,2,True,,Lamb_education_Eula,124
schedule,2,False,peak<0.5kW,Lamb_education_Eula,124
drift,2,False,overlap,Lamb_education_Eula,124
drift,1,False,peak<0.5kW,Lamb_education_Eula,124
spike,3,True,,Lamb_education_Eula,124
drift,2,True,,Lamb_education_Eula,124
drift,1,True,,Lamb_education_Lazaro,124
schedule,1,False,peak<0.5kW,Lamb_education_Lazaro,124
spike,3,True,,Lamb_education_Lazaro,124
schedule,3,False,peak<0.5kW,Lamb_education_Lazaro,124
drift,1,True,,Lamb_education_Lazaro,124
drift,3,False,overlap,Lamb_education_Lazaro,124
schedule,3,False,overlap,Lamb_education_Lazaro,124
schedule,2,False,peak<0.5kW,Lamb_education_Lazaro,124
drift,2,True,,Lamb_education_Lazaro,124
spike,2,True,,Lamb_education_Lazaro,124
spike,3,True,,Lamb_education_Lazaro,124
schedule,1,False,peak<0.5kW,Lamb_education_Lucas,124
drift,3,True,,Lamb_education_Lucas,124
schedule,3,True,,Lamb_education_Lucas,124
spike,3,True,,Lamb_education_Lucas,124
drift,3,True,,Lamb_education_Lucas,124
schedule,2,False,peak<0.5kW,Lamb_education_Lucas,124
drift,2,False,overlap,Lamb_education_Lucas,124
schedule,2,False,peak<0.5kW,Lamb_education_Lucas,124
drift,1,False,overlap,Lamb_education_Lucas,124
spike,2,False,overlap,Lamb_education_Lucas,124
schedule,1,False,peak<0.5kW,Lamb_education_Lucas,124
schedule,2,False,peak<0.5kW,Lamb_education_Lucas,124
spike,3,True,,Lamb_education_Lucas,124
drift,1,True,,Lamb_education_Lucas,124
spike,1,True,,Lamb_education_Mae,124
spike,2,True,,Lamb_education_Mae,124
drift,2,True,,Lamb_education_Mae,124
spike,2,True,,Lamb_education_Mae,124
drift,3,True,,Lamb_education_Mae,124
drift,2,False,overlap,Lamb_education_Mae,124
spike,1,True,,Lamb_education_Mae,124
drift,1,True,,Lamb_education_Williams,124
drift,3,False,overlap,Lamb_education_Williams,124
drift,1,True,,Lamb_education_Williams,124
drift,3,True,,Lamb_education_Williams,124
schedule,1,False,overlap,Lamb_education_Williams,124
schedule,3,True,,Lamb_education_Williams,124
drift,1,False,overlap,Lamb_education_Williams,124
spike,1,True,,Lamb_education_Williams,124
drift,1,False,overlap,Lamb_education_Williams,124
drift,2,False,overlap,Lamb_education_Williams,124
drift,3,False,overlap,Lamb_education_Williams,124
drift,3,False,overlap,Lamb_education_Williams,124
drift,1,False,overlap,Lamb_education_Williams,124
spike,2,False,overlap,Lamb_education_Williams,124
drift,1,False,overlap,Lamb_education_Williams,124
schedule,2,True,,Lamb_education_Williams,124
spike,2,True,,Lamb_office_Caitlin,124
schedule,1,False,peak<0.5kW,Lamb_office_Caitlin,124
schedule,3,False,peak<0.5kW,Lamb_office_Caitlin,124
schedule,2,False,peak<0.5kW,Lamb_office_Caitlin,124
drift,1,True,,Lamb_office_Caitlin,124
schedule,1,True,,Lamb_office_Caitlin,124
drift,3,True,,Lamb_office_Caitlin,124
schedule,3,False,peak<0.5kW,Lamb_office_Caitlin,124
schedule,1,False,peak<0.5kW,Lamb_office_Caitlin,124
schedule,2,False,overlap,Lamb_office_Caitlin,124
drift,1,False,overlap,Lamb_office_Caitlin,124
schedule,3,False,overlap,Lamb_office_Caitlin,124
spike,3,True,,Lamb_office_Caitlin,124
drift,1,False,overlap,Lamb_office_Caitlin,124
drift,3,False,overlap,Lamb_office_Caitlin,124
drift,1,False,overlap,Lamb_office_Caitlin,124
schedule,2,False,overlap,Lamb_office_Caitlin,124
spike,3,True,,Lamb_office_Caitlin,124
spike,2,True,,Lamb_office_Velma,124
schedule,2,True,,Lamb_office_Velma,124
spike,1,True,,Lamb_office_Velma,124
schedule,2,False,peak<0.5kW,Lamb_office_Velma,124
spike,2,True,,Lamb_office_Velma,124
schedule,1,False,peak<0.5kW,Lamb_office_Velma,124
drift,2,True,,Lamb_office_Velma,124
schedule,3,False,overlap,Lamb_office_Velma,124
schedule,3,False,overlap,Lamb_office_Velma,124
schedule,3,False,overlap,Lamb_office_Velma,124
drift,3,True,,Lamb_office_Velma,124
spike,1,True,,Rat_retail_Jeffrey,124
schedule,1,False,peak<0.5kW,Rat_retail_Jeffrey,124
spike,2,True,,Rat_retail_Jeffrey,124
drift,2,True,,Rat_retail_Jeffrey,124
spike,1,True,,Rat_retail_Jeffrey,124
drift,3,False,overlap,Rat_retail_Jeffrey,124
drift,1,True,,Rat_retail_Jeffrey,124
spike,3,True,,Rat_retail_Jeffrey,124
schedule,2,False,peak<0.5kW,Robin_education_Zenia,124
drift,1,True,,Robin_education_Zenia,124
drift,3,True,,Robin_education_Zenia,124
schedule,3,False,overlap,Robin_education_Zenia,124
spike,1,False,overlap,Robin_education_Zenia,124
drift,3,True,,Robin_education_Zenia,124
spike,1,False,overlap,Robin_education_Zenia,124
spike,3,True,,Robin_education_Zenia,124
drift,2,True,,Robin_education_Zenia,124
drift,3,False,overlap,Robin_education_Zenia,124
schedule,3,False,peak<0.5kW,Robin_education_Zenia,124
spike,3,False,overlap,Robin_education_Zenia,124
spike,3,False,overlap,Robin_education_Zenia,124
schedule,1,False,peak<0.5kW,Robin_education_Zenia,124
drift,1,False,overlap,Robin_education_Zenia,124
spike,1,True,,Robin_education_Zenia,124
drift,1,True,,Robin_office_Dina,124
spike,3,True,,Robin_office_Dina,124
schedule,2,False,peak<0.5kW,Robin_office_Dina,124
drift,2,True,,Robin_office_Dina,124
spike,1,True,,Robin_office_Dina,124
spike,3,True,,Robin_office_Dina,124
spike,2,True,,Robin_office_Dina,124
drift,2,True,,Robin_office_Sammie,124
spike,2,True,,Robin_office_Sammie,124
drift,2,True,,Robin_office_Sammie,124
spike,3,True,,Robin_office_Sammie,124
drift,3,False,overlap,Robin_office_Sammie,124
schedule,1,False,peak<0.5kW,Robin_office_Sammie,124
drift,1,False,overlap,Robin_office_Sammie,124
schedule,1,False,peak<0.5kW,Robin_office_Sammie,124
drift,3,True,,Robin_office_Sammie,124
schedule,3,False,overlap,Robin_office_Sammie,124
spike,3,False,overlap,Robin_office_Sammie,124
schedule,1,False,peak<0.5kW,Robin_office_Sammie,124
drift,3,False,overlap,Robin_office_Sammie,124
schedule,3,False,overlap,Robin_office_Sammie,124
schedule,2,True,,Robin_office_Sammie,124
schedule,2,False,peak<0.5kW,Shrew_office_Doris,124
schedule,1,False,peak<0.5kW,Shrew_office_Doris,124
spike,3,True,,Shrew_office_Doris,124
schedule,2,False,peak<0.5kW,Shrew_office_Doris,124
schedule,1,False,peak<0.5kW,Shrew_office_Doris,124
drift,2,True,,Shrew_office_Doris,124
drift,3,True,,Shrew_office_Doris,124
drift,2,True,,Shrew_office_Doris,124
drift,2,False,overlap,Shrew_office_Doris,124
spike,3,False,overlap,Shrew_office_Doris,124
spike,3,True,,Shrew_office_Doris,124
spike,1,True,,Shrew_office_Doris,124
drift,1,True,,Shrew_office_Ila,124
schedule,3,False,peak<0.5kW,Shrew_office_Ila,124
schedule,3,False,peak<0.5kW,Shrew_office_Ila,124
schedule,2,False,peak<0.5kW,Shrew_office_Ila,124
drift,3,True,,Shrew_office_Ila,124
spike,3,True,,Shrew_office_Ila,124
spike,1,True,,Shrew_office_Ila,124
drift,2,True,,Shrew_office_Ila,124
schedule,2,False,peak<0.5kW,Shrew_office_Ila,124
schedule,2,False,overlap,Shrew_office_Ila,124
schedule,1,False,overlap,Shrew_office_Ila,124
schedule,1,False,peak<0.5kW,Shrew_office_Ila,124
spike,3,True,,Shrew_office_Ila,124
drift,2,True,,Shrew_office_Kenneth,124
schedule,1,False,peak<0.5kW,Shrew_office_Kenneth,124
drift,3,True,,Shrew_office_Kenneth,124
spike,2,False,overlap,Shrew_office_Kenneth,124
spike,2,True,,Shrew_office_Kenneth,124
spike,1,True,,Shrew_office_Kenneth,124
spike,3,True,,Shrew_office_Kenneth,124
spike,1,True,,Shrew_office_Kenneth,124
drift,3,True,,Shrew_office_Nora,124
spike,1,True,,Shrew_office_Nora,124
drift,1,True,,Shrew_office_Nora,124
drift,3,True,,Shrew_office_Nora,124
spike,1,True,,Shrew_office_Nora,124
spike,2,True,,Shrew_office_Nora,124
spike,3,True,,Shrew_office_Sherill,124
drift,2,True,,Shrew_office_Sherill,124
schedule,2,False,peak<0.5kW,Shrew_office_Sherill,124
schedule,3,False,overlap,Shrew_office_Sherill,124
spike,1,False,overlap,Shrew_office_Sherill,124
spike,1,True,,Shrew_office_Sherill,124
drift,1,False,overlap,Shrew_office_Sherill,124
schedule,1,False,peak<0.5kW,Shrew_office_Sherill,124
drift,3,True,,Shrew_office_Sherill,124
spike,1,True,,Shrew_office_Sherill,124
spike,1,False,overlap,Shrew_office_Sherill,124
spike,3,True,,Shrew_office_Sherill,124
drift,3,True,,Wolf_office_Darleen,124
drift,3,True,,Wolf_office_Darleen,124
spike,3,True,,Wolf_office_Darleen,124
schedule,1,False,overlap,Wolf_office_Darleen,124
schedule,3,True,,Wolf_office_Darleen,124
drift,3,False,overlap,Wolf_office_Darleen,124
drift,2,False,overlap,Wolf_office_Darleen,124
spike,2,True,,Wolf_office_Darleen,124
drift,3,True,,Wolf_office_Darleen,124
spike,1,True,,Wolf_retail_Harriett,124
drift,2,True,,Wolf_retail_Harriett,124
spike,2,True,,Wolf_retail_Harriett,124
spike,2,True,,Wolf_retail_Harriett,124
drift,1,False,overlap,Wolf_retail_Harriett,124
drift,1,True,,Wolf_retail_Harriett,124
schedule,2,True,,Wolf_retail_Harriett,124
drift,1,True,,Wolf_retail_Marcella,124
spike,3,True,,Wolf_retail_Marcella,124
drift,3,True,,Wolf_retail_Marcella,124
schedule,1,False,peak<0.5kW,Wolf_retail_Marcella,124
drift,2,True,,Wolf_retail_Marcella,124
spike,1,True,,Wolf_retail_Marcella,124
drift,3,False,overlap,Wolf_retail_Marcella,124
drift,1,True,,Wolf_retail_Marcella,124
spike,3,True,,Wolf_retail_Toshia,124
schedule,2,False,peak<0.5kW,Wolf_retail_Toshia,124
spike,3,True,,Wolf_retail_Toshia,124
schedule,3,True,,Wolf_retail_Toshia,124
schedule,1,False,peak<0.5kW,Wolf_retail_Toshia,124
schedule,3,True,,Wolf_retail_Toshia,124
drift,3,False,overlap,Wolf_retail_Toshia,124
drift,1,True,,Wolf_retail_Toshia,124
schedule,3,False,overlap,Wolf_retail_Toshia,124
schedule,1,False,peak<0.5kW,Wolf_retail_Toshia,124
spike,1,True,,Wolf_retail_Toshia,124
drift,3,True,,Fox_education_Henrietta,125
schedule,1,False,peak<0.5kW,Fox_education_Henrietta,125
drift,3,True,,Fox_education_Henrietta,125
schedule,1,False,peak<0.5kW,Fox_education_Henrietta,125
spike,1,False,overlap,Fox_education_Henrietta,125
drift,1,True,,Fox_education_Henrietta,125
drift,2,False,overlap,Fox_education_Henrietta,125
spike,1,True,,Fox_education_Henrietta,125
spike,2,True,,Fox_education_Henrietta,125
schedule,2,False,overlap,Fox_education_Henrietta,125
drift,3,False,overlap,Fox_education_Henrietta,125
drift,2,False,overlap,Fox_education_Henrietta,125
schedule,3,False,overlap,Fox_education_Henrietta,125
drift,3,False,overlap,Fox_education_Henrietta,125
drift,1,False,overlap,Fox_education_Henrietta,125
spike,1,True,,Fox_education_Henrietta,125
schedule,3,True,,Fox_retail_Manie,125
spike,1,True,,Fox_retail_Manie,125
spike,2,True,,Fox_retail_Manie,125
drift,3,True,,Fox_retail_Manie,125
schedule,3,False,overlap,Fox_retail_Manie,125
schedule,3,False,overlap,Fox_retail_Manie,125
spike,1,True,,Fox_retail_Manie,125
schedule,3,True,,Fox_retail_Manie,125
spike,1,True,,Hog_education_Bruno,125
drift,3,False,overlap,Hog_education_Bruno,125
schedule,2,False,peak<0.5kW,Hog_education_Bruno,125
schedule,2,False,overlap,Hog_education_Bruno,125
schedule,1,False,peak<0.5kW,Hog_education_Bruno,125
drift,1,True,,Hog_education_Bruno,125
schedule,1,False,peak<0.5kW,Hog_education_Bruno,125
schedule,1,False,peak<0.5kW,Hog_education_Bruno,125
schedule,1,False,overlap,Hog_education_Bruno,125
drift,3,True,,Hog_education_Bruno,125
drift,2,False,overlap,Hog_education_Bruno,125
drift,1,False,overlap,Hog_education_Bruno,125
schedule,1,False,overlap,Hog_education_Bruno,125
schedule,3,False,overlap,Hog_education_Bruno,125
schedule,3,True,,Hog_education_Bruno,125
drift,2,False,overlap,Hog_education_Bruno,125
schedule,1,False,overlap,Hog_education_Bruno,125
spike,1,False,overlap,Hog_education_Bruno,125
schedule,2,False,peak<0.5kW,Hog_education_Bruno,125
spike,3,True,,Hog_education_Bruno,125
schedule,2,False,peak<0.5kW,Hog_education_Bruno,125
schedule,3,False,overlap,Hog_education_Bruno,125
spike,2,True,,Hog_education_Bruno,125
drift,1,True,,Hog_education_Caridad,125
schedule,2,False,peak<0.5kW,Hog_education_Caridad,125
schedule,1,False,peak<0.5kW,Hog_education_Caridad,125
schedule,2,False,overlap,Hog_education_Caridad,125
schedule,3,True,,Hog_education_Caridad,125
drift,2,True,,Hog_education_Caridad,125
spike,1,False,overlap,Hog_education_Caridad,125
spike,1,True,,Hog_education_Caridad,125
schedule,2,True,,Hog_education_Caridad,125
spike,3,True,,Hog_education_Caridad,125
drift,3,True,,Hog_education_Josh,125
drift,3,False,overlap,Hog_education_Josh,125
schedule,3,True,,Hog_education_Josh,125
spike,1,True,,Hog_education_Josh,125
drift,1,False,overlap,Hog_education_Josh,125
spike,1,True,,Hog_education_Josh,125
drift,2,True,,Hog_education_Josh,125
spike,1,True,,Hog_education_Josh,125
schedule,1,False,peak<0.5kW,Hog_education_Luvenia,125
schedule,3,True,,Hog_education_Luvenia,125
schedule,1,False,peak<0.5kW,Hog_education_Luvenia,125
spike,3,True,,Hog_education_Luvenia,125
spike,1,False,overlap,Hog_education_Luvenia,125
schedule,3,True,,Hog_education_Luvenia,125
schedule,2,False,peak<0.5kW,Hog_education_Luvenia,125
schedule,1,False,peak<0.5kW,Hog_education_Luvenia,125
drift,1,True,,Hog_education_Luvenia,125
schedule,2,False,overlap,Hog_education_Luvenia,125
drift,3,False,overlap,Hog_education_Luvenia,125
spike,1,True,,Hog_education_Luvenia,125
schedule,3,False,peak<0.5kW,Hog_education_Luvenia,125
spike,3,True,,Hog_education_Luvenia,125
schedule,3,True,,Hog_office_Almeda,125
spike,1,True,,Hog_office_Almeda,125
drift,3,True,,Hog_office_Almeda,125
drift,3,True,,Hog_office_Almeda,125
schedule,1,False,overlap,Hog_office_Almeda,125
drift,3,True,,Hog_office_Almeda,125
drift,3,False,overlap,Hog_office_Almeda,125
spike,2,True,,Hog_office_Almeda,125
spike,2,True,,Hog_office_Cortney,125
spike,3,True,,Hog_office_Cortney,125
schedule,1,False,peak<0.5kW,Hog_office_Cortney,125
drift,2,True,,Hog_office_Cortney,125
schedule,2,False,peak<0.5kW,Hog_office_Cortney,125
spike,3,True,,Hog_office_Cortney,125
spike,3,True,,Hog_office_Cortney,125
schedule,1,False,peak<0.5kW,Hog_office_Cortney,125
spike,1,True,,Hog_office_Cortney,125
spike,1,True,,Hog_office_Denita,125
spike,3,True,,Hog_office_Denita,125
schedule,1,False,peak<0.5kW,Hog_office_Denita,125
drift,3,True,,Hog_office_Denita,125
drift,3,True,,Hog_office_Denita,125
spike,3,True,,Hog_office_Denita,125
schedule,1,False,overlap,Hog_office_Denita,125
spike,2,True,,Hog_office_Denita,125
drift,1,True,,Hog_office_Garrett,125
spike,2,True,,Hog_office_Garrett,125
schedule,3,False,overlap,Hog_office_Garrett,125
spike,1,True,,Hog_office_Garrett,125
drift,1,True,,Hog_office_Garrett,125
spike,3,False,overlap,Hog_office_Garrett,125
drift,3,False,overlap,Hog_office_Garrett,125
drift,3,False,overlap,Hog_office_Garrett,125
drift,3,False,overlap,Hog_office_Garrett,125
drift,3,True,,Hog_office_Garrett,125
spike,1,True,,Hog_office_Garrett,125
spike,1,True,,Hog_office_Lavon,125
schedule,3,True,,Hog_office_Lavon,125
schedule,2,True,,Hog_office_Lavon,125
spike,1,True,,Hog_office_Lavon,125
spike,1,True,,Hog_office_Lavon,125
spike,2,True,,Hog_office_Lavon,125
schedule,3,True,,Hog_office_Merilyn,125
drift,3,False,overlap,Hog_office_Merilyn,125
schedule,1,False,overlap,Hog_office_Merilyn,125
drift,2,True,,Hog_office_Merilyn,125
spike,3,True,,Hog_office_Merilyn,125
drift,3,True,,Hog_office_Merilyn,125
schedule,1,False,overlap,Hog_office_Merilyn,125
drift,1,True,,Hog_office_Merilyn,125
spike,3,True,,Hog_office_Merilyn,125
schedule,3,True,,Hog_office_Miriam,125
schedule,1,False,peak<0.5kW,Hog_office_Miriam,125
spike,3,True,,Hog_office_Miriam,125
spike,1,True,,Hog_office_Miriam,125
schedule,3,True,,Hog_office_Miriam,125
drift,3,False,overlap,Hog_office_Miriam,125
schedule,1,False,overlap,Hog_office_Miriam,125
schedule,2,False,peak<0.5kW,Hog_office_Miriam,125
spike,2,True,,Hog_office_Miriam,125
schedule,1,False,peak<0.5kW,Hog_office_Miriam,125
schedule,2,False,overlap,Hog_office_Miriam,125
schedule,2,True,,Hog_office_Miriam,125
drift,2,True,,Hog_office_Napoleon,125
spike,1,True,,Hog_office_Napoleon,125
schedule,3,True,,Hog_office_Napoleon,125
spike,2,False,overlap,Hog_office_Napoleon,125
spike,3,True,,Hog_office_Napoleon,125
spike,3,True,,Hog_office_Napoleon,125
spike,1,True,,Hog_office_Napoleon,125
spike,1,True,,Hog_office_Shawna,125
schedule,1,True,,Hog_office_Shawna,125
schedule,3,False,overlap,Hog_office_Shawna,125
spike,2,True,,Hog_office_Shawna,125
schedule,3,True,,Hog_office_Shawna,125
schedule,2,True,,Hog_office_Shawna,125
spike,1,True,,Hog_office_Shawna,125
schedule,2,True,,Hog_office_Shawnna,125
spike,2,True,,Hog_office_Shawnna,125
schedule,1,False,overlap,Hog_office_Shawnna,125
spike,3,True,,Hog_office_Shawnna,125
drift,3,False,overlap,Hog_office_Shawnna,125
schedule,2,True,,Hog_office_Shawnna,125
spike,2,True,,Hog_office_Shawnna,125
schedule,2,False,overlap,Hog_office_Shawnna,125
schedule,3,True,,Hog_office_Shawnna,125
spike,1,True,,Hog_office_Sherrie,125
schedule,1,False,peak<0.5kW,Hog_office_Sherrie,125
drift,2,True,,Hog_office_Sherrie,125
drift,3,True,,Hog_office_Sherrie,125
drift,1,False,overlap,Hog_office_Sherrie,125
drift,3,False,overlap,Hog_office_Sherrie,125
drift,3,True,,Hog_office_Sherrie,125
drift,2,True,,Hog_office_Sherrie,125
spike,3,True,,Hog_office_Sherrie,125
spike,1,True,,Hog_office_Shon,125
drift,2,True,,Hog_office_Shon,125
schedule,2,False,peak<0.5kW,Hog_office_Shon,125
drift,3,True,,Hog_office_Shon,125
schedule,2,False,peak<0.5kW,Hog_office_Shon,125
schedule,2,False,peak<0.5kW,Hog_office_Shon,125
spike,3,True,,Hog_office_Shon,125
spike,2,False,overlap,Hog_office_Shon,125
spike,2,True,,Hog_office_Shon,125
spike,3,True,,Hog_office_Shon,125
drift,1,True,,Hog_office_Sydney,125
drift,3,True,,Hog_office_Sydney,125
spike,1,True,,Hog_office_Sydney,125
drift,1,True,,Hog_office_Sydney,125
schedule,2,False,overlap,Hog_office_Sydney,125
spike,1,True,,Hog_office_Sydney,125
spike,1,True,,Hog_office_Sydney,125
schedule,1,False,peak<0.5kW,Hog_office_Valda,125
drift,1,True,,Hog_office_Valda,125
spike,1,False,overlap,Hog_office_Valda,125
schedule,2,True,,Hog_office_Valda,125
spike,2,True,,Hog_office_Valda,125
drift,2,False,overlap,Hog_office_Valda,125
schedule,1,False,overlap,Hog_office_Valda,125
drift,2,True,,Hog_office_Valda,125
spike,1,True,,Hog_office_Valda,125
spike,3,True,,Hog_office_Valda,125
schedule,3,True,,Lamb_education_Armando,125
spike,3,True,,Lamb_education_Armando,125
spike,1,True,,Lamb_education_Armando,125
spike,2,True,,Lamb_education_Armando,125
drift,3,True,,Lamb_education_Armando,125
spike,2,True,,Lamb_education_Armando,125
schedule,1,False,peak<0.5kW,Lamb_education_Eula,125
schedule,2,False,peak<0.5kW,Lamb_education_Eula,125
spike,1,True,,Lamb_education_Eula,125
drift,2,True,,Lamb_education_Eula,125
schedule,1,False,peak<0.5kW,Lamb_education_Eula,125
schedule,2,False,peak<0.5kW,Lamb_education_Eula,125
spike,1,False,overlap,Lamb_education_Eula,125
drift,2,True,,Lamb_education_Eula,125
spike,1,True,,Lamb_education_Eula,125
schedule,2,False,peak<0.5kW,Lamb_education_Eula,125
drift,3,True,,Lamb_education_Eula,125
schedule,3,False,peak<0.5kW,Lamb_education_Eula,125
drift,2,False,overlap,Lamb_education_Eula,125
schedule,1,False,peak<0.5kW,Lamb_education_Eula,125
drift,2,False,overlap,Lamb_education_Eula,125
spike,3,True,,Lamb_education_Eula,125
schedule,2,False,peak<0.5kW,Lamb_education_Lazaro,125
drift,1,True,,Lamb_education_Lazaro,125
spike,1,True,,Lamb_education_Lazaro,125
spike,3,True,,Lamb_education_Lazaro,125
drift,2,True,,Lamb_education_Lazaro,125
drift,1,False,overlap,Lamb_education_Lazaro,125
drift,1,True,,Lamb_education_Lazaro,125
schedule,1,False,peak<0.5kW,Lamb_education_Lazaro,125
drift,1,False,overlap,Lamb_education_Lazaro,125
drift,1,True,,Lamb_education_Lazaro,125
schedule,2,False,peak<0.5kW,Lamb_education_Lucas,125
drift,2,True,,Lamb_education_Lucas,125
spike,2,True,,Lamb_education_Lucas,125
spike,3,True,,Lamb_education_Lucas,125
schedule,3,True,,Lamb_education_Lucas,125
schedule,3,False,overlap,Lamb_education_Lucas,125
drift,2,False,overlap,Lamb_education_Lucas,125
spike,1,False,overlap,Lamb_education_Lucas,125
schedule,2,False,peak<0.5kW,Lamb_education_Lucas,125
drift,1,True,,Lamb_education_Lucas,125
spike,3,True,,Lamb_education_Lucas,125
schedule,3,True,,Lamb_education_Mae,125
schedule,1,False,peak<0.5kW,Lamb_education_Mae,125
spike,2,True,,Lamb_education_Mae,125
drift,3,True,,Lamb_education_Mae,125
spike,1,True,,Lamb_education_Mae,125
schedule,2,False,peak<0.5kW,Lamb_education_Mae,125
drift,1,True,,Lamb_education_Mae,125
schedule,3,False,overlap,Lamb_education_Mae,125
drift,2,True,,Lamb_education_Mae,125
drift,2,True,,Lamb_education_Williams,125
spike,1,True,,Lamb_education_Williams,125
spike,2,True,,Lamb_education_Williams,125
schedule,3,False,overlap,Lamb_education_Williams,125
spike,3,True,,Lamb_education_Williams,125
schedule,3,True,,Lamb_education_Williams,125
spike,3,False,overlap,Lamb_education_Williams,125
schedule,2,False,overlap,Lamb_education_Williams,125
schedule,2,False,peak<0.5kW,Lamb_education_Williams,125
spike,2,True,,Lamb_education_Williams,125
schedule,3,True,,Lamb_office_Caitlin,125
drift,2,True,,Lamb_office_Caitlin,125
drift,3,True,,Lamb_office_Caitlin,125
drift,1,False,overlap,Lamb_office_Caitlin,125
drift,2,True,,Lamb_office_Caitlin,125
schedule,2,False,peak<0.5kW,Lamb_office_Caitlin,125
spike,2,True,,Lamb_office_Caitlin,125
spike,1,False,overlap,Lamb_office_Caitlin,125
spike,2,True,,Lamb_office_Caitlin,125
spike,3,True,,Lamb_office_Velma,125
spike,2,True,,Lamb_office_Velma,125
drift,1,True,,Lamb_office_Velma,125
drift,2,True,,Lamb_office_Velma,125
spike,2,True,,Lamb_office_Velma,125
spike,3,False,overlap,Lamb_office_Velma,125
spike,2,True,,Lamb_office_Velma,125
spike,1,True,,Rat_retail_Jeffrey,125
schedule,1,False,peak<0.5kW,Rat_retail_Jeffrey,125
drift,2,True,,Rat_retail_Jeffrey,125
spike,2,False,overlap,Rat_retail_Jeffrey,125
schedule,1,False,peak<0.5kW,Rat_retail_Jeffrey,125
drift,2,False,overlap,Rat_retail_Jeffrey,125
spike,2,True,,Rat_retail_Jeffrey,125
spike,1,True,,Rat_retail_Jeffrey,125
spike,3,True,,Rat_retail_Jeffrey,125
spike,2,True,,Rat_retail_Jeffrey,125
schedule,2,False,peak<0.5kW,Robin_education_Zenia,125
schedule,1,False,peak<0.5kW,Robin_education_Zenia,125
schedule,1,False,peak<0.5kW,Robin_education_Zenia,125
spike,2,True,,Robin_education_Zenia,125
drift,1,True,,Robin_education_Zenia,125
schedule,2,False,peak<0.5kW,Robin_education_Zenia,125
spike,1,True,,Robin_education_Zenia,125
schedule,2,False,peak<0.5kW,Robin_education_Zenia,125
schedule,1,False,peak<0.5kW,Robin_education_Zenia,125
spike,1,True,,Robin_education_Zenia,125
schedule,2,False,peak<0.5kW,Robin_education_Zenia,125
drift,1,True,,Robin_education_Zenia,125
schedule,3,False,peak<0.5kW,Robin_education_Zenia,125
schedule,1,False,overlap,Robin_education_Zenia,125
schedule,3,False,overlap,Robin_education_Zenia,125
spike,2,True,,Robin_education_Zenia,125
schedule,1,False,peak<0.5kW,Robin_office_Dina,125
schedule,2,False,peak<0.5kW,Robin_office_Dina,125
schedule,3,True,,Robin_office_Dina,125
schedule,2,False,peak<0.5kW,Robin_office_Dina,125
schedule,2,False,peak<0.5kW,Robin_office_Dina,125
schedule,2,False,peak<0.5kW,Robin_office_Dina,125
drift,3,True,,Robin_office_Dina,125
schedule,3,False,overlap,Robin_office_Dina,125
spike,3,True,,Robin_office_Dina,125
drift,1,True,,Robin_office_Dina,125
schedule,3,False,overlap,Robin_office_Dina,125
schedule,1,False,overlap,Robin_office_Dina,125
schedule,3,False,overlap,Robin_office_Dina,125
drift,3,False,overlap,Robin_office_Dina,125
spike,1,True,,Robin_office_Dina,125
schedule,2,False,peak<0.5kW,Robin_office_Dina,125
schedule,2,False,overlap,Robin_office_Dina,125
drift,2,False,overlap,Robin_office_Dina,125
drift,1,False,overlap,Robin_office_Dina,125
spike,2,False,overlap,Robin_office_Dina,125
drift,3,False,overlap,Robin_office_Dina,125
drift,3,False,overlap,Robin_office_Dina,125
schedule,2,False,overlap,Robin_office_Dina,125
schedule,2,False,overlap,Robin_office_Dina,125
schedule,3,True,,Robin_office_Dina,125
drift,3,True,,Robin_office_Sammie,125
schedule,2,True,,Robin_office_Sammie,125
schedule,1,False,overlap,Robin_office_Sammie,125
spike,3,True,,Robin_office_Sammie,125
drift,2,True,,Robin_office_Sammie,125
drift,2,False,overlap,Robin_office_Sammie,125
spike,2,False,overlap,Robin_office_Sammie,125
drift,1,False,overlap,Robin_office_Sammie,125
drift,2,True,,Robin_office_Sammie,125
spike,3,False,overlap,Robin_office_Sammie,125
drift,2,False,overlap,Robin_office_Sammie,125
schedule,2,False,overlap,Robin_office_Sammie,125
spike,1,True,,Robin_office_Sammie,125
drift,1,True,,Shrew_office_Doris,125
spike,3,True,,Shrew_office_Doris,125
spike,1,True,,Shrew_office_Doris,125
drift,2,True,,Shrew_office_Doris,125
schedule,3,True,,Shrew_office_Doris,125
schedule,3,True,,Shrew_office_Doris,125
drift,3,True,,Shrew_office_Ila,125
spike,1,False,overlap,Shrew_office_Ila,125
schedule,2,False,peak<0.5kW,Shrew_office_Ila,125
spike,3,True,,Shrew_office_Ila,125
drift,3,False,overlap,Shrew_office_Ila,125
drift,1,True,,Shrew_office_Ila,125
schedule,2,False,overlap,Shrew_office_Ila,125
schedule,1,False,overlap,Shrew_office_Ila,125
spike,1,True,,Shrew_office_Ila,125
schedule,1,False,overlap,Shrew_office_Ila,125
spike,2,True,,Shrew_office_Ila,125
drift,1,False,overlap,Shrew_office_Ila,125
drift,1,False,overlap,Shrew_office_Ila,125
schedule,2,False,overlap,Shrew_office_Ila,125
schedule,2,False,peak<0.5kW,Shrew_office_Ila,125
spike,1,True,,Shrew_office_Ila,125
schedule,2,True,,Shrew_office_Kenneth,125
schedule,2,False,overlap,Shrew_office_Kenneth,125
schedule,3,True,,Shrew_office_Kenneth,125
spike,1,True,,Shrew_office_Kenneth,125
drift,3,True,,Shrew_office_Kenneth,125
spike,3,False,overlap,Shrew_office_Kenneth,125
spike,1,True,,Shrew_office_Kenneth,125
drift,3,True,,Shrew_office_Kenneth,125
schedule,3,True,,Shrew_office_Nora,125
schedule,1,False,peak<0.5kW,Shrew_office_Nora,125
spike,1,True,,Shrew_office_Nora,125
spike,1,True,,Shrew_office_Nora,125
spike,1,True,,Shrew_office_Nora,125
schedule,1,False,peak<0.5kW,Shrew_office_Nora,125
drift,1,True,,Shrew_office_Nora,125
schedule,2,False,overlap,Shrew_office_Nora,125
schedule,1,False,peak<0.5kW,Shrew_office_Nora,125
spike,2,True,,Shrew_office_Nora,125
schedule,2,False,peak<0.5kW,Shrew_office_Sherill,125
spike,1,True,,Shrew_office_Sherill,125
schedule,2,False,peak<0.5kW,Shrew_office_Sherill,125
schedule,2,False,peak<0.5kW,Shrew_office_Sherill,125
drift,3,True,,Shrew_office_Sherill,125
schedule,2,False,overlap,Shrew_office_Sherill,125
spike,2,True,,Shrew_office_Sherill,125
spike,3,True,,Shrew_office_Sherill,125
schedule,1,False,peak<0.5kW,Shrew_office_Sherill,125
schedule,3,False,overlap,Shrew_office_Sherill,125
schedule,1,False,peak<0.5kW,Shrew_office_Sherill,125
schedule,2,False,overlap,Shrew_office_Sherill,125
spike,3,True,,Shrew_office_Sherill,125
schedule,1,False,overlap,Shrew_office_Sherill,125
schedule,2,False,peak<0.5kW,Shrew_office_Sherill,125
drift,1,True,,Shrew_office_Sherill,125
drift,2,True,,Wolf_office_Darleen,125
drift,2,True,,Wolf_office_Darleen,125
spike,1,True,,Wolf_office_Darleen,125
spike,3,False,overlap,Wolf_office_Darleen,125
schedule,1,False,overlap,Wolf_office_Darleen,125
spike,1,True,,Wolf_office_Darleen,125
spike,2,True,,Wolf_office_Darleen,125
schedule,3,True,,Wolf_office_Darleen,125
schedule,2,True,,Wolf_retail_Harriett,125
spike,1,False,overlap,Wolf_retail_Harriett,125
schedule,1,False,peak<0.5kW,Wolf_retail_Harriett,125
spike,2,True,,Wolf_retail_Harriett,125
spike,3,True,,Wolf_retail_Harriett,125
schedule,3,True,,Wolf_retail_Harriett,125
schedule,1,True,,Wolf_retail_Harriett,125
schedule,2,True,,Wolf_retail_Harriett,125
drift,2,True,,Wolf_retail_Marcella,125
drift,2,False,overlap,Wolf_retail_Marcella,125
spike,2,True,,Wolf_retail_Marcella,125
spike,3,True,,Wolf_retail_Marcella,125
drift,3,True,,Wolf_retail_Marcella,125
schedule,3,True,,Wolf_retail_Marcella,125
spike,3,False,overlap,Wolf_retail_Marcella,125
spike,1,True,,Wolf_retail_Marcella,125
schedule,1,False,peak<0.5kW,Wolf_retail_Toshia,125
schedule,1,False,peak<0.5kW,Wolf_retail_Toshia,125
spike,2,True,,Wolf_retail_Toshia,125
spike,3,True,,Wolf_retail_Toshia,125
drift,2,True,,Wolf_retail_Toshia,125
spike,1,True,,Wolf_retail_Toshia,125
schedule,2,False,peak<0.5kW,Wolf_retail_Toshia,125
drift,2,False,overlap,Wolf_retail_Toshia,125
schedule,3,True,,Wolf_retail_Toshia,125
drift,2,True,,Wolf_retail_Toshia,125
