building_id,idx
Robin_office_Dina,2065
Wolf_office_Darleen,2065
Hog_office_Sydney,1730
Hog_office_Sydney,8778
Hog_office_Sydney,8779
Hog_office_Sydney,8780
Hog_office_Sydney,8781
Hog_office_Sydney,8782
Hog_office_Sydney,8783
Hog_office_Valda,1730
Hog_office_Valda,8778
Hog_office_Valda,8779
Hog_office_Valda,8780
Hog_office_Valda,8781
Hog_office_Valda,8782
Hog_office_Valda,8783
Hog_office_Shawnna,1730
Hog_office_Shawnna,8778
Hog_office_Shawnna,8779
Hog_office_Shawnna,8780
Hog_office_Shawnna,8781
Hog_office_Shawnna,8782
Hog_office_Shawnna,8783
Hog_office_Merilyn,1730
Hog_office_Merilyn,8778
Hog_office_Merilyn,8779
Hog_office_Merilyn,8780
Hog_office_Merilyn,8781
Hog_office_Merilyn,8782
Hog_office_Merilyn,8783
Hog_office_Almeda,1730
Hog_office_Almeda,8778
Hog_office_Almeda,8779
Hog_office_Almeda,8780
Hog_office_Almeda,8781
Hog_office_Almeda,8782
Hog_office_Almeda,8783
Hog_office_Lavon,1730
Hog_office_Lavon,8778
Hog_office_Lavon,8779
Hog_office_Lavon,8780
Hog_office_Lavon,8781
Hog_office_Lavon,8782
Hog_office_Lavon,8783
Shrew_office_Kenneth,2065
Hog_office_Miriam,1730
Hog_office_Miriam,8778
Hog_office_Miriam,8779
Hog_office_Miriam,8780
Hog_office_Miriam,8781
Hog_office_Miriam,8782
Hog_office_Miriam,8783
Shrew_office_Doris,2065
Shrew_office_Ila,2065
Robin_office_Sammie,2065
Shrew_office_Nora,2065
Shrew_office_Sherill,2065
Lamb_office_Velma,2065
Hog_office_Shawna,1730
Hog_office_Shawna,8778
Hog_office_Shawna,8779
Hog_office_Shawna,8780
Hog_office_Shawna,8781
Hog_office_Shawna,8782
Hog_office_Shawna,8783
Hog_office_Napoleon,1730
Hog_office_Napoleon,8778
Hog_office_Napoleon,8779
Hog_office_Napoleon,8780
Hog_office_Napoleon,8781
Hog_office_Napoleon,8782
Hog_office_Napoleon,8783
Lamb_office_Caitlin,2065
Hog_office_Shon,1730
Hog_office_Shon,8778
Hog_office_Shon,8779
Hog_office_Shon,8780
Hog_office_Shon,8781
Hog_office_Shon,8782
Hog_office_Shon,8783
Hog_office_Denita,1730
Hog_office_Denita,8778
Hog_office_Denita,8779
Hog_office_Denita,8780
Hog_office_Denita,8781
Hog_office_Denita,8782
Hog_office_Denita,8783
Hog_office_Garrett,1730
Hog_office_Garrett,8778
Hog_office_Garrett,8779
Hog_office_Garrett,8780
Hog_office_Garrett,8781
Hog_office_Garrett,8782
Hog_office_Garrett,8783
Hog_office_Cortney,1730
Hog_office_Cortney,8778
Hog_office_Cortney,8779
Hog_office_Cortney,8780
Hog_office_Cortney,8781
Hog_office_Cortney,8782
Hog_office_Cortney,8783
Hog_office_Sherrie,1730
Hog_office_Sherrie,8778
Hog_office_Sherrie,8779
Hog_office_Sherrie,8780
Hog_office_Sherrie,8781
Hog_office_Sherrie,8782
Hog_office_Sherrie,8783
Robin_education_Zenia,2065
Hog_education_Caridad,1730
Hog_education_Caridad,8778
Hog_education_Caridad,8779
Hog_education_Caridad,8780
Hog_education_Caridad,8781
Hog_education_Caridad,8782
Hog_education_Caridad,8783
Lamb_education_Armando,2065
Lamb_education_Mae,2065
Hog_education_Bruno,1730
Hog_education_Bruno,8778
Hog_education_Bruno,8779
Hog_education_Bruno,8780
Hog_education_Bruno,8781
Hog_education_Bruno,8782
Hog_education_Bruno,8783
Lamb_education_Williams,2065
Lamb_education_Eula,2065
Lamb_education_Lazaro,2065
Hog_education_Luvenia,1730
Hog_education_Luvenia,8778
Hog_education_Luvenia,8779
Hog_education_Luvenia,8780
Hog_education_Luvenia,8781
Hog_education_Luvenia,8782
Hog_education_Luvenia,8783
Lamb_education_Lucas,2065
Fox_education_Henrietta,1730
Fox_education_Henrietta,8777
Fox_education_Henrietta,8778
Fox_education_Henrietta,8779
Fox_education_Henrietta,8780
Fox_education_Henrietta,8781
Fox_education_Henrietta,8782
Fox_education_Henrietta,8783
Hog_education_Josh,1730
Hog_education_Josh,8778
Hog_education_Josh,8779
Hog_education_Josh,8780
Hog_education_Josh,8781
Hog_education_Josh,8782
Hog_education_Josh,8783
Wolf_retail_Toshia,2065
Wolf_retail_Marcella,2065
Rat_retail_Jeffrey,1725
Rat_retail_Jeffrey,1730
Rat_retail_Jeffrey,7436
Rat_retail_Jeffrey,8779
Rat_retail_Jeffrey,8780
Rat_retail_Jeffrey,8781
Rat_retail_Jeffrey,8782
Rat_retail_Jeffrey,8783
Fox_retail_Manie,1730
Fox_retail_Manie,1978
Fox_retail_Manie,3136
Fox_retail_Manie,3137
Fox_retail_Manie,3138
Fox_retail_Manie,3139
Fox_retail_Manie,3140
Fox_retail_Manie,3141
Fox_retail_Manie,3142
Fox_retail_Manie,8777
Fox_retail_Manie,8778
Fox_retail_Manie,8779
Fox_retail_Manie,8780
Fox_retail_Manie,8781
Fox_retail_Manie,8782
Fox_retail_Manie,8783
Wolf_retail_Harriett,42
Wolf_retail_Harriett,43
Wolf_retail_Harriett,44
Wolf_retail_Harriett,85
Wolf_retail_Harriett,86
Wolf_retail_Harriett,87
Wolf_retail_Harriett,280
Wolf_retail_Harriett,281
Wolf_retail_Harriett,282
Wolf_retail_Harriett,283
Wolf_retail_Harriett,284
Wolf_retail_Harriett,285
Wolf_retail_Harriett,296
Wolf_retail_Harriett,297
Wolf_retail_Harriett,298
Wolf_retail_Harriett,299
Wolf_retail_Harriett,300
Wolf_retail_Harriett,301
Wolf_retail_Harriett,302
Wolf_retail_Harriett,303
Wolf_retail_Harriett,304
Wolf_retail_Harriett,305
Wolf_retail_Harriett,306
Wolf_retail_Harriett,307
Wolf_retail_Harriett,308
Wolf_retail_Harriett,309
Wolf_retail_Harriett,320
Wolf_retail_Harriett,321
Wolf_retail_Harriett,322
Wolf_retail_Harriett,323
Wolf_retail_Harriett,324
Wolf_retail_Harriett,325
Wolf_retail_Harriett,326
Wolf_retail_Harriett,327
Wolf_retail_Harriett,328
Wolf_retail_Harriett,329
Wolf_retail_Harriett,330
Wolf_retail_Harriett,331
Wolf_retail_Harriett,332
Wolf_retail_Harriett,333
Wolf_retail_Harriett,642
Wolf_retail_Harriett,643
Wolf_retail_Harriett,644
Wolf_retail_Harriett,777
Wolf_retail_Harriett,778
Wolf_retail_Harriett,779
Wolf_retail_Harriett,780
Wolf_retail_Harriett,781
Wolf_retail_Harriett,782
Wolf_retail_Harriett,783
Wolf_retail_Harriett,784
Wolf_retail_Harriett,785
Wolf_retail_Harriett,786
Wolf_retail_Harriett,787
Wolf_retail_Harriett,788
Wolf_retail_Harriett,1473
Wolf_retail_Harriett,1474
Wolf_retail_Harriett,1475
Wolf_retail_Harriett,1476
Wolf_retail_Harriett,1477
Wolf_retail_Harriett,1478
Wolf_retail_Harriett,1479
Wolf_retail_Harriett,1480
Wolf_retail_Harriett,1543
Wolf_retail_Harriett,1544
Wolf_retail_Harriett,1545
Wolf_retail_Harriett,1546
Wolf_retail_Harriett,1547
Wolf_retail_Harriett,1548
Wolf_retail_Harriett,1549
Wolf_retail_Harriett,1737
Wolf_retail_Harriett,1738
Wolf_retail_Harriett,1739
Wolf_retail_Harriett,1740
Wolf_retail_Harriett,1741
Wolf_retail_Harriett,1742
Wolf_retail_Harriett,1743
Wolf_retail_Harriett,1744
Wolf_retail_Harriett,2065
Wolf_retail_Harriett,2203
Wolf_retail_Harriett,2204
Wolf_retail_Harriett,2205
Wolf_retail_Harriett,2218
Wolf_retail_Harriett,2219
Wolf_retail_Harriett,2220
Wolf_retail_Harriett,2221
Wolf_retail_Harriett,2222
Wolf_retail_Harriett,2223
Wolf_retail_Harriett,2224
Wolf_retail_Harriett,2225
Wolf_retail_Harriett,2226
Wolf_retail_Harriett,2227
Wolf_retail_Harriett,2228
Wolf_retail_Harriett,2229
Wolf_retail_Harriett,2288
Wolf_retail_Harriett,2289
Wolf_retail_Harriett,2290
Wolf_retail_Harriett,2292
Wolf_retail_Harriett,2294
Wolf_retail_Harriett,3008
Wolf_retail_Harriett,3009
Wolf_retail_Harriett,3011
Wolf_retail_Harriett,3186
Wolf_retail_Harriett,3187
Wolf_retail_Harriett,3188
Wolf_retail_Harriett,3189
Wolf_retail_Harriett,3667
Wolf_retail_Harriett,3668
Wolf_retail_Harriett,3669
Wolf_retail_Harriett,3931
Wolf_retail_Harriett,3932
Wolf_retail_Harriett,3933
Wolf_retail_Harriett,3934
Wolf_retail_Harriett,3935
Wolf_retail_Harriett,4413
Wolf_retail_Harriett,4414
Wolf_retail_Harriett,4415
Wolf_retail_Harriett,4435
Wolf_retail_Harriett,4436
Wolf_retail_Harriett,4437
Wolf_retail_Harriett,4626
Wolf_retail_Harriett,4627
Wolf_retail_Harriett,4628
Wolf_retail_Harriett,4635
Wolf_retail_Harriett,4652
Wolf_retail_Harriett,4653
Wolf_retail_Harriett,4654
Wolf_retail_Harriett,5137
Wolf_retail_Harriett,5138
Wolf_retail_Harriett,5139
Wolf_retail_Harriett,5372
Wolf_retail_Harriett,5375
Wolf_retail_Harriett,5396
Wolf_retail_Harriett,5397
Wolf_retail_Harriett,5923
Wolf_retail_Harriett,5924
Wolf_retail_Harriett,5925
Wolf_retail_Harriett,5982
Wolf_retail_Harriett,6619
Wolf_retail_Harriett,6620
Wolf_retail_Harriett,6621
Wolf_retail_Harriett,6640
Wolf_retail_Harriett,6641
Wolf_retail_Harriett,6642
Wolf_retail_Harriett,6879
Wolf_retail_Harriett,6880
Wolf_retail_Harriett,6881
Wolf_retail_Harriett,6882
Wolf_retail_Harriett,6969
Wolf_retail_Harriett,6971
Wolf_retail_Harriett,6974
Wolf_retail_Harriett,7022
Wolf_retail_Harriett,7023
Wolf_retail_Harriett,7024
Wolf_retail_Harriett,7026
Wolf_retail_Harriett,7028
Wolf_retail_Harriett,7046
Wolf_retail_Harriett,7047
Wolf_retail_Harriett,7049
Wolf_retail_Harriett,7052
Wolf_retail_Harriett,7053
Wolf_retail_Harriett,7145
Wolf_retail_Harriett,7313
Wolf_retail_Harriett,7338
Wolf_retail_Harriett,7339
Wolf_retail_Harriett,7340
Wolf_retail_Harriett,7376
Wolf_retail_Harriett,7377
Wolf_retail_Harriett,7378
Wolf_retail_Harriett,7379
Wolf_retail_Harriett,7380
Wolf_retail_Harriett,7381
Wolf_retail_Harriett,7382
Wolf_retail_Harriett,7383
Wolf_retail_Harriett,7384
Wolf_retail_Harriett,7385
Wolf_retail_Harriett,7386
Wolf_retail_Harriett,7649
Wolf_retail_Harriett,7650
Wolf_retail_Harriett,7651
Wolf_retail_Harriett,7652
Wolf_retail_Harriett,7817
Wolf_retail_Harriett,7818
Wolf_retail_Harriett,7819
Wolf_retail_Harriett,7820
Wolf_retail_Harriett,7842
Wolf_retail_Harriett,7985
Wolf_retail_Harriett,7986
Wolf_retail_Harriett,7987
Wolf_retail_Harriett,7988
Wolf_retail_Harriett,8034
Wolf_retail_Harriett,8035
Wolf_retail_Harriett,8058
Wolf_retail_Harriett,8059
Wolf_retail_Harriett,8060
Wolf_retail_Harriett,8061
Wolf_retail_Harriett,8095
Wolf_retail_Harriett,8096
Wolf_retail_Harriett,8097
Wolf_retail_Harriett,8098
Wolf_retail_Harriett,8099
Wolf_retail_Harriett,8100
Wolf_retail_Harriett,8101
Wolf_retail_Harriett,8102
Wolf_retail_Harriett,8103
Wolf_retail_Harriett,8104
Wolf_retail_Harriett,8105
Wolf_retail_Harriett,8106
Wolf_retail_Harriett,8322
Wolf_retail_Harriett,8323
Wolf_retail_Harriett,8324
Wolf_retail_Harriett,8325
Wolf_retail_Harriett,8326
Wolf_retail_Harriett,8327
Wolf_retail_Harriett,8328
Wolf_retail_Harriett,8329
Wolf_retail_Harriett,8330
Wolf_retail_Harriett,8346
Wolf_retail_Harriett,8347
Wolf_retail_Harriett,8348
Wolf_retail_Harriett,8349
Wolf_retail_Harriett,8350
Wolf_retail_Harriett,8351
Wolf_retail_Harriett,8352
Wolf_retail_Harriett,8353
Wolf_retail_Harriett,8354
Wolf_retail_Harriett,8370
Wolf_retail_Harriett,8371
Wolf_retail_Harriett,8372
Wolf_retail_Harriett,8373
Wolf_retail_Harriett,8374
Wolf_retail_Harriett,8375
Wolf_retail_Harriett,8376
Wolf_retail_Harriett,8377
Wolf_retail_Harriett,8394
Wolf_retail_Harriett,8395
Wolf_retail_Harriett,8396
Wolf_retail_Harriett,8397
Wolf_retail_Harriett,8398
Wolf_retail_Harriett,8399
Wolf_retail_Harriett,8400
Wolf_retail_Harriett,8401
Wolf_retail_Harriett,8402
Wolf_retail_Harriett,8418
Wolf_retail_Harriett,8419
Wolf_retail_Harriett,8420
Wolf_retail_Harriett,8421
Wolf_retail_Harriett,8422
Wolf_retail_Harriett,8423
Wolf_retail_Harriett,8424
Wolf_retail_Harriett,8426
Wolf_retail_Harriett,8427
Wolf_retail_Harriett,8428
Wolf_retail_Harriett,8429
Wolf_retail_Harriett,8430
Wolf_retail_Harriett,8442
Wolf_retail_Harriett,8443
Wolf_retail_Harriett,8444
Wolf_retail_Harriett,8445
Wolf_retail_Harriett,8446
Wolf_retail_Harriett,8448
Wolf_retail_Harriett,8514
Wolf_retail_Harriett,8522
