building_id,duration_h,detected,covered,bin
1,3,False,0.0,3-6 h
1,1,False,0.0,1-2 h
1,1,False,0.0,1-2 h
1,3,False,0.0,3-6 h
1,1,False,0.0,1-2 h
1,1,False,0.0,1-2 h
1,1,False,0.0,1-2 h
1,1,False,0.0,1-2 h
1,1,False,0.0,1-2 h
1,1,False,0.0,1-2 h
1,1,False,0.0,1-2 h
1,1,False,0.0,1-2 h
1,3,True,0.3333333333333333,3-6 h
1,3,True,0.3333333333333333,3-6 h
1,3,True,0.3333333333333333,3-6 h
1,1,False,0.0,1-2 h
1,1,False,0.0,1-2 h
1,1,False,0.0,1-2 h
1,1,False,0.0,1-2 h
1,1,False,0.0,1-2 h
41,2,False,0.0,1-2 h
41,1,False,0.0,1-2 h
41,5,False,0.0,3-6 h
41,4,False,0.0,3-6 h
41,1,False,0.0,1-2 h
41,2,False,0.0,1-2 h
41,3,False,0.0,3-6 h
41,10,False,0.0,7-24 h
41,3,False,0.0,3-6 h
41,4,False,0.0,3-6 h
55,20,True,0.45,7-24 h
55,19,True,0.3157894736842105,7-24 h
55,7,True,0.42857142857142855,7-24 h
55,12,False,0.0,7-24 h
55,13,True,0.3076923076923077,7-24 h
69,8,False,0.0,7-24 h
69,9,False,0.0,7-24 h
69,7,False,0.0,7-24 h
69,5,False,0.0,3-6 h
69,6,False,0.0,3-6 h
69,9,False,0.0,7-24 h
69,5,False,0.0,3-6 h
69,7,False,0.0,7-24 h
69,4,False,0.0,3-6 h
69,3,False,0.0,3-6 h
79,3,False,0.0,3-6 h
79,7,False,0.0,7-24 h
79,4,False,0.0,3-6 h
79,4,False,0.0,3-6 h
79,18,False,0.0,7-24 h
79,4,False,0.0,3-6 h
82,12,False,0.0,7-24 h
82,8,False,0.0,7-24 h
82,5,False,0.0,3-6 h
82,9,False,0.0,7-24 h
82,14,False,0.0,7-24 h
91,1,False,0.0,1-2 h
91,2,True,0.5,1-2 h
91,1,False,0.0,1-2 h
91,1,False,0.0,1-2 h
91,1,False,0.0,1-2 h
91,1,False,0.0,1-2 h
91,1,False,0.0,1-2 h
91,1,False,0.0,1-2 h
91,1,False,0.0,1-2 h
91,1,False,0.0,1-2 h
91,1,False,0.0,1-2 h
91,2,False,0.0,1-2 h
91,1,False,0.0,1-2 h
107,26,False,0.0,>24 h
107,9,False,0.0,7-24 h
107,26,False,0.0,>24 h
107,26,False,0.0,>24 h
107,26,False,0.0,>24 h
107,3,False,0.0,3-6 h
107,26,False,0.0,>24 h
107,3,False,0.0,3-6 h
107,3,False,0.0,3-6 h
107,4,False,0.0,3-6 h
108,26,True,0.038461538461538464,>24 h
108,48,False,0.0,>24 h
108,25,False,0.0,>24 h
108,25,False,0.0,>24 h
108,3,True,0.3333333333333333,3-6 h
108,23,False,0.0,7-24 h
108,3,False,0.0,3-6 h
108,1,False,0.0,1-2 h
108,1,False,0.0,1-2 h
108,3,False,0.0,3-6 h
108,27,False,0.0,>24 h
111,49,False,0.0,>24 h
111,26,False,0.0,>24 h
111,26,True,0.038461538461538464,>24 h
111,3,True,0.3333333333333333,3-6 h
111,25,True,0.04,>24 h
117,25,False,0.0,>24 h
117,26,False,0.0,>24 h
117,25,True,0.04,>24 h
117,4,True,0.25,3-6 h
117,23,True,0.043478260869565216,7-24 h
118,27,False,0.0,>24 h
118,27,False,0.0,>24 h
118,27,False,0.0,>24 h
118,27,False,0.0,>24 h
119,3,True,0.3333333333333333,3-6 h
119,3,False,0.0,3-6 h
119,4,False,0.0,3-6 h
119,3,False,0.0,3-6 h
119,3,False,0.0,3-6 h
119,4,False,0.0,3-6 h
121,3,False,0.0,3-6 h
121,21,False,0.0,7-24 h
121,28,False,0.0,>24 h
121,27,False,0.0,>24 h
121,31,False,0.0,>24 h
121,25,False,0.0,>24 h
121,27,False,0.0,>24 h
137,24,True,0.041666666666666664,7-24 h
137,24,False,0.0,7-24 h
137,24,True,0.041666666666666664,7-24 h
137,3,True,0.3333333333333333,3-6 h
137,23,True,0.043478260869565216,7-24 h
139,48,True,0.0625,>24 h
139,48,True,0.0625,>24 h
139,3,False,0.0,3-6 h
139,23,False,0.0,7-24 h
139,23,False,0.0,7-24 h
139,4,False,0.0,3-6 h
141,12,False,0.0,7-24 h
141,26,False,0.0,>24 h
141,28,True,0.03571428571428571,>24 h
141,24,True,0.041666666666666664,7-24 h
141,26,True,0.038461538461538464,>24 h
141,3,True,0.3333333333333333,3-6 h
141,26,True,0.038461538461538464,>24 h
141,6,True,0.8333333333333334,3-6 h
141,108,True,0.009259259259259259,>24 h
147,3,False,0.0,3-6 h
147,24,True,0.041666666666666664,7-24 h
147,26,False,0.0,>24 h
147,24,True,0.041666666666666664,7-24 h
147,3,True,0.3333333333333333,3-6 h
147,23,False,0.0,7-24 h
147,3,False,0.0,3-6 h
147,24,True,0.08333333333333333,7-24 h
148,1,False,0.0,1-2 h
148,25,False,0.0,>24 h
148,1,False,0.0,1-2 h
148,25,False,0.0,>24 h
148,1,False,0.0,1-2 h
148,25,False,0.0,>24 h
148,1,False,0.0,1-2 h
148,25,False,0.0,>24 h
148,1,False,0.0,1-2 h
148,25,False,0.0,>24 h
148,1,False,0.0,1-2 h
148,25,False,0.0,>24 h
159,5,False,0.0,3-6 h
159,5,True,0.4,3-6 h
159,3,False,0.0,3-6 h
159,3,True,0.3333333333333333,3-6 h
159,9,True,0.3333333333333333,7-24 h
159,3,False,0.0,3-6 h
159,7,True,0.42857142857142855,7-24 h
159,14,True,0.21428571428571427,7-24 h
159,9,True,0.2222222222222222,7-24 h
159,9,True,0.4444444444444444,7-24 h
159,13,True,0.8461538461538461,7-24 h
159,11,True,0.7272727272727273,7-24 h
171,11,False,0.0,7-24 h
171,6,False,0.0,3-6 h
171,5,False,0.0,3-6 h
171,3,False,0.0,3-6 h
171,18,True,0.2222222222222222,7-24 h
171,12,False,0.0,7-24 h
173,3,False,0.0,3-6 h
173,3,False,0.0,3-6 h
173,4,False,0.0,3-6 h
174,3,False,0.0,3-6 h
174,3,False,0.0,3-6 h
174,4,False,0.0,3-6 h
181,3,False,0.0,3-6 h
181,3,False,0.0,3-6 h
181,4,False,0.0,3-6 h
183,3,False,0.0,3-6 h
183,3,False,0.0,3-6 h
183,1,True,1.0,1-2 h
183,4,False,0.0,3-6 h
190,3,False,0.0,3-6 h
190,3,False,0.0,3-6 h
190,4,False,0.0,3-6 h
235,3,False,0.0,3-6 h
235,3,False,0.0,3-6 h
235,4,False,0.0,3-6 h
238,3,False,0.0,3-6 h
238,4,False,0.0,3-6 h
238,3,False,0.0,3-6 h
238,49,True,0.04081632653061224,>24 h
238,6,False,0.0,3-6 h
240,1,False,0.0,1-2 h
240,2,False,0.0,1-2 h
240,1,False,0.0,1-2 h
240,1,False,0.0,1-2 h
240,1,False,0.0,1-2 h
240,1,False,0.0,1-2 h
246,3,False,0.0,3-6 h
246,3,False,0.0,3-6 h
246,4,False,0.0,3-6 h
246,5,False,0.0,3-6 h
247,1,False,0.0,1-2 h
247,138,False,0.0,>24 h
247,102,False,0.0,>24 h
247,1,False,0.0,1-2 h
247,2,False,0.0,1-2 h
247,3,True,1.0,3-6 h
247,1,False,0.0,1-2 h
247,1,False,0.0,1-2 h
248,138,True,0.09420289855072464,>24 h
248,101,True,0.46534653465346537,>24 h
248,3,False,0.0,3-6 h
253,3,False,0.0,3-6 h
253,3,False,0.0,3-6 h
253,6,False,0.0,3-6 h
253,3,False,0.0,3-6 h
253,4,False,0.0,3-6 h
253,10,False,0.0,7-24 h
253,4,False,0.0,3-6 h
254,3,True,0.3333333333333333,3-6 h
254,1,False,0.0,1-2 h
254,23,False,0.0,7-24 h
254,23,False,0.0,7-24 h
254,23,False,0.0,7-24 h
254,12,False,0.0,7-24 h
254,3,False,0.0,3-6 h
254,5,False,0.0,3-6 h
254,18,False,0.0,7-24 h
254,3,False,0.0,3-6 h
263,3,False,0.0,3-6 h
263,3,False,0.0,3-6 h
263,3,False,0.0,3-6 h
263,51,False,0.0,>24 h
270,3,False,0.0,3-6 h
270,3,False,0.0,3-6 h
270,18,False,0.0,7-24 h
270,17,False,0.0,7-24 h
270,18,False,0.0,7-24 h
270,1,False,0.0,1-2 h
270,1,False,0.0,1-2 h
270,1,True,1.0,1-2 h
270,1,False,0.0,1-2 h
270,1,False,0.0,1-2 h
270,2,True,0.5,1-2 h
270,4,False,0.0,3-6 h
270,1,True,1.0,1-2 h
270,1,False,0.0,1-2 h
270,3,True,0.6666666666666666,3-6 h
270,1,True,1.0,1-2 h
270,2,True,0.5,1-2 h
270,1,True,1.0,1-2 h
270,1,False,0.0,1-2 h
275,3,False,0.0,3-6 h
275,4,False,0.0,3-6 h
275,2,False,0.0,1-2 h
275,2,False,0.0,1-2 h
275,4,False,0.0,3-6 h
275,3,False,0.0,3-6 h
276,3,False,0.0,3-6 h
276,3,False,0.0,3-6 h
276,2,False,0.0,1-2 h
276,4,False,0.0,3-6 h
276,4,False,0.0,3-6 h
278,3,False,0.0,3-6 h
278,3,False,0.0,3-6 h
278,15,False,0.0,7-24 h
278,2,False,0.0,1-2 h
278,4,False,0.0,3-6 h
290,3,False,0.0,3-6 h
290,3,False,0.0,3-6 h
290,30,False,0.0,>24 h
290,54,False,0.0,>24 h
290,4,False,0.0,3-6 h
290,59,False,0.0,>24 h
312,7,False,0.0,7-24 h
312,9,False,0.0,7-24 h
312,5,True,0.2,3-6 h
312,9,False,0.0,7-24 h
312,1,False,0.0,1-2 h
312,1,False,0.0,1-2 h
312,7,False,0.0,7-24 h
312,7,False,0.0,7-24 h
312,7,False,0.0,7-24 h
312,1,False,0.0,1-2 h
312,1,False,0.0,1-2 h
312,11,False,0.0,7-24 h
312,1,False,0.0,1-2 h
312,2,False,0.0,1-2 h
312,1,False,0.0,1-2 h
312,7,False,0.0,7-24 h
312,11,False,0.0,7-24 h
312,1,False,0.0,1-2 h
312,1,False,0.0,1-2 h
312,1,False,0.0,1-2 h
312,1,False,0.0,1-2 h
312,1,False,0.0,1-2 h
312,1,False,0.0,1-2 h
312,8,False,0.0,7-24 h
312,2,False,0.0,1-2 h
318,6,False,0.0,3-6 h
318,14,True,0.21428571428571427,7-24 h
318,14,True,0.5714285714285714,7-24 h
318,10,True,0.6,7-24 h
335,20,False,0.0,7-24 h
335,22,False,0.0,7-24 h
335,21,False,0.0,7-24 h
335,5,True,0.4,3-6 h
345,58,True,0.15517241379310345,>24 h
345,75,False,0.0,>24 h
356,1,True,1.0,1-2 h
356,1,True,1.0,1-2 h
356,3,True,0.6666666666666666,3-6 h
356,1,False,0.0,1-2 h
356,1,False,0.0,1-2 h
356,3,True,0.3333333333333333,3-6 h
356,1,False,0.0,1-2 h
356,1,False,0.0,1-2 h
356,1,False,0.0,1-2 h
356,1,True,1.0,1-2 h
356,1,False,0.0,1-2 h
356,1,True,1.0,1-2 h
356,1,True,1.0,1-2 h
356,1,False,0.0,1-2 h
356,3,False,0.0,3-6 h
423,7,False,0.0,7-24 h
423,8,True,0.25,7-24 h
423,12,False,0.0,7-24 h
439,7,True,1.0,7-24 h
439,8,True,0.875,7-24 h
439,68,True,0.36764705882352944,>24 h
492,23,False,0.0,7-24 h
492,13,False,0.0,7-24 h
492,23,False,0.0,7-24 h
492,13,False,0.0,7-24 h
492,23,False,0.0,7-24 h
492,13,False,0.0,7-24 h
492,23,False,0.0,7-24 h
492,13,False,0.0,7-24 h
492,23,False,0.0,7-24 h
492,7,False,0.0,7-24 h
492,13,False,0.0,7-24 h
492,13,False,0.0,7-24 h
492,13,False,0.0,7-24 h
560,6,True,0.5,3-6 h
560,17,True,0.058823529411764705,7-24 h
560,53,True,0.18867924528301888,>24 h
560,24,False,0.0,7-24 h
560,16,True,0.25,7-24 h
560,11,True,0.09090909090909091,7-24 h
560,11,True,0.6363636363636364,7-24 h
560,10,True,0.4,7-24 h
560,14,True,0.5,7-24 h
623,7,False,0.0,7-24 h
623,8,False,0.0,7-24 h
623,7,False,0.0,7-24 h
623,7,False,0.0,7-24 h
623,8,False,0.0,7-24 h
657,2,False,0.0,1-2 h
657,25,False,0.0,>24 h
657,2,False,0.0,1-2 h
657,25,False,0.0,>24 h
657,2,False,0.0,1-2 h
657,25,False,0.0,>24 h
658,3,True,0.3333333333333333,3-6 h
658,6,True,0.8333333333333334,3-6 h
667,8,False,0.0,7-24 h
667,7,False,0.0,7-24 h
667,7,False,0.0,7-24 h
667,5,False,0.0,3-6 h
667,5,False,0.0,3-6 h
667,5,False,0.0,3-6 h
667,8,False,0.0,7-24 h
667,7,False,0.0,7-24 h
673,9,False,0.0,7-24 h
673,9,False,0.0,7-24 h
673,12,False,0.0,7-24 h
673,14,False,0.0,7-24 h
673,13,False,0.0,7-24 h
673,12,False,0.0,7-24 h
673,14,False,0.0,7-24 h
673,9,False,0.0,7-24 h
675,22,False,0.0,7-24 h
683,10,True,1.0,7-24 h
683,11,True,1.0,7-24 h
683,10,True,1.0,7-24 h
683,10,False,0.0,7-24 h
683,22,True,0.9545454545454546,7-24 h
683,7,True,0.7142857142857143,7-24 h
683,10,True,0.4,7-24 h
683,9,True,0.6666666666666666,7-24 h
685,28,False,0.0,>24 h
685,3,False,0.0,3-6 h
685,4,False,0.0,3-6 h
685,1,False,0.0,1-2 h
685,15,False,0.0,7-24 h
687,7,False,0.0,7-24 h
687,7,False,0.0,7-24 h
687,7,False,0.0,7-24 h
687,8,False,0.0,7-24 h
701,22,False,0.0,7-24 h
701,22,False,0.0,7-24 h
708,22,False,0.0,7-24 h
710,7,False,0.0,7-24 h
710,6,True,1.0,3-6 h
721,3,False,0.0,3-6 h
721,1,False,0.0,1-2 h
721,1,False,0.0,1-2 h
721,15,False,0.0,7-24 h
721,3,False,0.0,3-6 h
729,6,True,0.16666666666666666,3-6 h
729,3,False,0.0,3-6 h
730,22,False,0.0,7-24 h
730,22,False,0.0,7-24 h
730,22,False,0.0,7-24 h
730,22,False,0.0,7-24 h
732,22,False,0.0,7-24 h
732,22,False,0.0,7-24 h
732,22,False,0.0,7-24 h
732,22,False,0.0,7-24 h
732,22,False,0.0,7-24 h
742,22,False,0.0,7-24 h
742,22,False,0.0,7-24 h
742,22,False,0.0,7-24 h
801,3,True,0.3333333333333333,3-6 h
801,1,False,0.0,1-2 h
801,1,False,0.0,1-2 h
827,83,False,0.0,>24 h
844,4,True,0.25,3-6 h
844,3,False,0.0,3-6 h
844,3,False,0.0,3-6 h
844,3,False,0.0,3-6 h
844,4,False,0.0,3-6 h
844,10,False,0.0,7-24 h
848,26,False,0.0,>24 h
848,26,False,0.0,>24 h
879,1,False,0.0,1-2 h
879,1,False,0.0,1-2 h
879,2,False,0.0,1-2 h
879,2,False,0.0,1-2 h
880,2,False,0.0,1-2 h
880,1,False,0.0,1-2 h
881,2,False,0.0,1-2 h
881,1,True,1.0,1-2 h
882,1,False,0.0,1-2 h
882,1,False,0.0,1-2 h
882,8,False,0.0,7-24 h
882,12,False,0.0,7-24 h
884,2,False,0.0,1-2 h
884,1,False,0.0,1-2 h
886,1,True,1.0,1-2 h
887,1,False,0.0,1-2 h
887,1,True,1.0,1-2 h
887,7,False,0.0,7-24 h
887,9,False,0.0,7-24 h
887,7,False,0.0,7-24 h
887,7,False,0.0,7-24 h
887,7,False,0.0,7-24 h
887,8,False,0.0,7-24 h
889,2,False,0.0,1-2 h
889,1,False,0.0,1-2 h
890,2,False,0.0,1-2 h
890,1,False,0.0,1-2 h
892,1,False,0.0,1-2 h
892,1,False,0.0,1-2 h
892,7,False,0.0,7-24 h
893,2,False,0.0,1-2 h
893,1,True,1.0,1-2 h
893,7,False,0.0,7-24 h
893,9,False,0.0,7-24 h
893,10,False,0.0,7-24 h
894,1,False,0.0,1-2 h
894,2,False,0.0,1-2 h
894,9,False,0.0,7-24 h
894,11,False,0.0,7-24 h
894,7,False,0.0,7-24 h
894,7,False,0.0,7-24 h
894,12,False,0.0,7-24 h
894,8,False,0.0,7-24 h
894,10,False,0.0,7-24 h
895,10,False,0.0,7-24 h
895,7,False,0.0,7-24 h
895,1,False,0.0,1-2 h
895,1,False,0.0,1-2 h
895,7,False,0.0,7-24 h
895,9,False,0.0,7-24 h
895,11,False,0.0,7-24 h
896,1,False,0.0,1-2 h
896,1,False,0.0,1-2 h
903,1,False,0.0,1-2 h
903,1,False,0.0,1-2 h
905,1,False,0.0,1-2 h
905,1,False,0.0,1-2 h
905,7,False,0.0,7-24 h
909,1,False,0.0,1-2 h
914,2,False,0.0,1-2 h
914,1,False,0.0,1-2 h
919,7,False,0.0,7-24 h
919,1,False,0.0,1-2 h
919,1,False,0.0,1-2 h
919,13,True,0.6923076923076923,7-24 h
919,13,False,0.0,7-24 h
922,1,False,0.0,1-2 h
922,1,False,0.0,1-2 h
924,2,False,0.0,1-2 h
924,1,False,0.0,1-2 h
925,1,False,0.0,1-2 h
925,1,False,0.0,1-2 h
925,7,False,0.0,7-24 h
925,7,False,0.0,7-24 h
925,7,False,0.0,7-24 h
926,1,False,0.0,1-2 h
926,1,False,0.0,1-2 h
928,1,False,0.0,1-2 h
928,1,False,0.0,1-2 h
929,1,False,0.0,1-2 h
929,1,False,0.0,1-2 h
929,2,False,0.0,1-2 h
929,1,False,0.0,1-2 h
929,11,False,0.0,7-24 h
929,9,False,0.0,7-24 h
929,8,False,0.0,7-24 h
929,7,False,0.0,7-24 h
931,1,False,0.0,1-2 h
931,1,False,0.0,1-2 h
935,1,False,0.0,1-2 h
935,1,False,0.0,1-2 h
935,7,False,0.0,7-24 h
935,8,False,0.0,7-24 h
935,1,True,1.0,1-2 h
935,1,True,1.0,1-2 h
935,1,True,1.0,1-2 h
935,9,False,0.0,7-24 h
935,10,False,0.0,7-24 h
935,7,False,0.0,7-24 h
935,7,False,0.0,7-24 h
935,9,False,0.0,7-24 h
935,7,False,0.0,7-24 h
935,7,False,0.0,7-24 h
936,8,False,0.0,7-24 h
936,1,False,0.0,1-2 h
936,1,False,0.0,1-2 h
936,7,False,0.0,7-24 h
936,8,False,0.0,7-24 h
936,7,False,0.0,7-24 h
936,7,False,0.0,7-24 h
936,13,False,0.0,7-24 h
936,10,False,0.0,7-24 h
936,10,False,0.0,7-24 h
936,9,False,0.0,7-24 h
936,8,False,0.0,7-24 h
936,7,False,0.0,7-24 h
936,7,False,0.0,7-24 h
936,8,False,0.0,7-24 h
941,2,False,0.0,1-2 h
941,1,False,0.0,1-2 h
941,7,False,0.0,7-24 h
942,2,False,0.0,1-2 h
942,1,False,0.0,1-2 h
945,2,False,0.0,1-2 h
945,1,False,0.0,1-2 h
945,1,False,0.0,1-2 h
945,1,False,0.0,1-2 h
948,2,False,0.0,1-2 h
948,1,False,0.0,1-2 h
948,7,False,0.0,7-24 h
948,8,False,0.0,7-24 h
950,3,True,0.6666666666666666,3-6 h
950,8,True,0.875,7-24 h
950,1,True,1.0,1-2 h
950,2,True,1.0,1-2 h
950,2,True,1.0,1-2 h
950,2,True,0.5,1-2 h
950,2,True,1.0,1-2 h
950,2,True,0.5,1-2 h
950,3,True,0.6666666666666666,3-6 h
950,2,True,0.5,1-2 h
950,1,False,0.0,1-2 h
950,2,True,1.0,1-2 h
950,2,True,1.0,1-2 h
950,3,True,0.6666666666666666,3-6 h
950,2,True,1.0,1-2 h
950,1,True,1.0,1-2 h
950,3,True,0.6666666666666666,3-6 h
950,2,True,0.5,1-2 h
950,2,True,0.5,1-2 h
950,2,True,0.5,1-2 h
950,4,True,0.5,3-6 h
950,2,True,1.0,1-2 h
950,4,True,0.5,3-6 h
950,2,True,1.0,1-2 h
950,2,True,1.0,1-2 h
952,1,False,0.0,1-2 h
952,1,False,0.0,1-2 h
961,1,False,0.0,1-2 h
961,22,False,0.0,7-24 h
961,22,False,0.0,7-24 h
961,1,False,0.0,1-2 h
966,1,False,0.0,1-2 h
966,1,False,0.0,1-2 h
967,1,False,0.0,1-2 h
967,1,False,0.0,1-2 h
967,13,True,0.07692307692307693,7-24 h
968,2,False,0.0,1-2 h
968,1,False,0.0,1-2 h
969,1,False,0.0,1-2 h
969,1,False,0.0,1-2 h
971,2,False,0.0,1-2 h
971,1,False,0.0,1-2 h
973,1,False,0.0,1-2 h
973,1,False,0.0,1-2 h
974,2,False,0.0,1-2 h
974,1,False,0.0,1-2 h
975,2,False,0.0,1-2 h
975,1,False,0.0,1-2 h
975,2,False,0.0,1-2 h
977,22,False,0.0,7-24 h
977,22,False,0.0,7-24 h
978,1,False,0.0,1-2 h
978,1,False,0.0,1-2 h
981,2,False,0.0,1-2 h
981,2,False,0.0,1-2 h
988,1,False,0.0,1-2 h
988,1,False,0.0,1-2 h
988,8,False,0.0,7-24 h
988,7,False,0.0,7-24 h
990,22,False,0.0,7-24 h
990,22,False,0.0,7-24 h
992,38,False,0.0,>24 h
992,7,False,0.0,7-24 h
992,9,False,0.0,7-24 h
994,22,False,0.0,7-24 h
994,22,False,0.0,7-24 h
994,8,False,0.0,7-24 h
996,1,False,0.0,1-2 h
996,1,False,0.0,1-2 h
1001,7,False,0.0,7-24 h
1001,14,False,0.0,7-24 h
1001,15,False,0.0,7-24 h
1001,12,False,0.0,7-24 h
1001,10,False,0.0,7-24 h
1001,1,False,0.0,1-2 h
1001,2,True,0.5,1-2 h
1001,2,False,0.0,1-2 h
1001,10,False,0.0,7-24 h
1001,2,False,0.0,1-2 h
1001,2,True,1.0,1-2 h
1001,1,True,1.0,1-2 h
1001,1,True,1.0,1-2 h
1001,2,False,0.0,1-2 h
1001,1,False,0.0,1-2 h
1001,2,True,1.0,1-2 h
1001,1,False,0.0,1-2 h
1001,2,True,0.5,1-2 h
1001,1,False,0.0,1-2 h
1001,1,True,1.0,1-2 h
1001,2,True,0.5,1-2 h
1001,3,True,0.6666666666666666,3-6 h
1001,1,True,1.0,1-2 h
1001,1,True,1.0,1-2 h
1001,1,True,1.0,1-2 h
1001,2,True,1.0,1-2 h
1001,2,True,1.0,1-2 h
1001,1,True,1.0,1-2 h
1001,1,True,1.0,1-2 h
1001,4,True,0.75,3-6 h
1001,1,True,1.0,1-2 h
1001,2,True,0.5,1-2 h
1001,3,True,0.3333333333333333,3-6 h
1001,1,False,0.0,1-2 h
1001,1,True,1.0,1-2 h
1001,6,True,0.6666666666666666,3-6 h
1001,1,True,1.0,1-2 h
1001,2,True,1.0,1-2 h
1001,3,True,0.3333333333333333,3-6 h
1001,1,True,1.0,1-2 h
1001,1,False,0.0,1-2 h
1001,7,True,0.14285714285714285,7-24 h
1001,1,True,1.0,1-2 h
1001,1,True,1.0,1-2 h
1001,2,True,0.5,1-2 h
1001,1,True,1.0,1-2 h
1001,1,True,1.0,1-2 h
1001,1,True,1.0,1-2 h
1001,2,True,0.5,1-2 h
1001,1,False,0.0,1-2 h
1001,1,True,1.0,1-2 h
1001,1,True,1.0,1-2 h
1001,7,True,0.14285714285714285,7-24 h
1001,1,True,1.0,1-2 h
1001,2,True,0.5,1-2 h
1007,9,True,0.8888888888888888,7-24 h
1007,3,True,0.3333333333333333,3-6 h
1007,12,True,0.8333333333333334,7-24 h
1007,2,False,0.0,1-2 h
1007,13,False,0.0,7-24 h
1007,3,False,0.0,3-6 h
1007,2,False,0.0,1-2 h
1007,22,False,0.0,7-24 h
1007,1,False,0.0,1-2 h
1068,15,False,0.0,7-24 h
1068,15,False,0.0,7-24 h
1068,15,False,0.0,7-24 h
1073,3,False,0.0,3-6 h
1073,74,False,0.0,>24 h
1073,4,False,0.0,3-6 h
1073,4,True,0.25,3-6 h
1073,4,True,1.0,3-6 h
1074,3,True,0.3333333333333333,3-6 h
1074,15,False,0.0,7-24 h
1074,15,False,0.0,7-24 h
1106,11,True,0.6363636363636364,7-24 h
1106,3,True,0.3333333333333333,3-6 h
1106,11,True,1.0,7-24 h
1120,49,False,0.0,>24 h
1120,1,False,0.0,1-2 h
1120,1,False,0.0,1-2 h
1120,1,False,0.0,1-2 h
1120,7,False,0.0,7-24 h
1120,2,False,0.0,1-2 h
1120,7,False,0.0,7-24 h
1120,1,False,0.0,1-2 h
1120,7,False,0.0,7-24 h
1120,1,False,0.0,1-2 h
1120,6,False,0.0,3-6 h
1120,1,False,0.0,1-2 h
1120,7,False,0.0,7-24 h
1120,1,False,0.0,1-2 h
1120,3,True,0.3333333333333333,3-6 h
1128,3,True,0.3333333333333333,3-6 h
1128,4,False,0.0,3-6 h
1137,3,True,0.3333333333333333,3-6 h
1141,10,False,0.0,7-24 h
1141,3,True,0.3333333333333333,3-6 h
1141,7,False,0.0,7-24 h
1141,12,False,0.0,7-24 h
1141,7,False,0.0,7-24 h
1141,7,False,0.0,7-24 h
1141,8,False,0.0,7-24 h
1141,7,False,0.0,7-24 h
1143,3,True,0.3333333333333333,3-6 h
1143,73,True,0.2191780821917808,>24 h
1172,3,True,0.3333333333333333,3-6 h
1219,7,False,0.0,7-24 h
1219,3,True,0.3333333333333333,3-6 h
1225,2,True,1.0,1-2 h
1225,1,False,0.0,1-2 h
1225,1,False,0.0,1-2 h
1225,4,False,0.0,3-6 h
1225,1,False,0.0,1-2 h
1225,1,False,0.0,1-2 h
1225,1,False,0.0,1-2 h
1225,24,False,0.0,7-24 h
1225,1,False,0.0,1-2 h
1226,1,True,1.0,1-2 h
1226,1,False,0.0,1-2 h
1226,1,False,0.0,1-2 h
1226,1,False,0.0,1-2 h
1226,1,False,0.0,1-2 h
1226,1,False,0.0,1-2 h
1226,24,False,0.0,7-24 h
1226,1,False,0.0,1-2 h
1230,1,False,0.0,1-2 h
1230,1,False,0.0,1-2 h
1230,1,False,0.0,1-2 h
1230,6,False,0.0,3-6 h
1230,6,False,0.0,3-6 h
1232,1,False,0.0,1-2 h
1232,1,False,0.0,1-2 h
1232,1,False,0.0,1-2 h
1232,1,False,0.0,1-2 h
1232,3,True,0.3333333333333333,3-6 h
1232,1,False,0.0,1-2 h
1232,1,False,0.0,1-2 h
1232,1,False,0.0,1-2 h
1232,1,False,0.0,1-2 h
1234,1,False,0.0,1-2 h
1234,1,False,0.0,1-2 h
1234,1,False,0.0,1-2 h
1234,1,False,0.0,1-2 h
1234,1,False,0.0,1-2 h
1234,1,False,0.0,1-2 h
1234,24,False,0.0,7-24 h
1234,1,False,0.0,1-2 h
1238,7,False,0.0,7-24 h
1238,1,False,0.0,1-2 h
1238,24,False,0.0,7-24 h
1238,1,False,0.0,1-2 h
1239,1,True,1.0,1-2 h
1239,1,False,0.0,1-2 h
1239,1,True,1.0,1-2 h
1239,1,True,1.0,1-2 h
1239,1,False,0.0,1-2 h
1239,1,False,0.0,1-2 h
1239,1,False,0.0,1-2 h
1239,1,False,0.0,1-2 h
1241,1,False,0.0,1-2 h
1241,1,False,0.0,1-2 h
1241,1,False,0.0,1-2 h
1241,1,False,0.0,1-2 h
1241,24,False,0.0,7-24 h
1241,1,False,0.0,1-2 h
1242,1,False,0.0,1-2 h
1242,1,False,0.0,1-2 h
1242,2,False,0.0,1-2 h
1245,1,False,0.0,1-2 h
1245,1,False,0.0,1-2 h
1245,1,False,0.0,1-2 h
1245,1,False,0.0,1-2 h
1245,1,False,0.0,1-2 h
1245,1,False,0.0,1-2 h
1245,1,False,0.0,1-2 h
1245,1,False,0.0,1-2 h
1245,1,False,0.0,1-2 h
1245,1,False,0.0,1-2 h
1246,1,False,0.0,1-2 h
1246,1,False,0.0,1-2 h
1246,1,False,0.0,1-2 h
1246,24,False,0.0,7-24 h
1246,1,False,0.0,1-2 h
1247,4,False,0.0,3-6 h
1247,1,False,0.0,1-2 h
1247,1,False,0.0,1-2 h
1249,1,False,0.0,1-2 h
1249,1,False,0.0,1-2 h
1249,7,False,0.0,7-24 h
1249,1,False,0.0,1-2 h
1249,24,False,0.0,7-24 h
1249,2,False,0.0,1-2 h
1251,7,False,0.0,7-24 h
1251,3,True,1.0,3-6 h
1251,3,True,0.6666666666666666,3-6 h
1251,7,False,0.0,7-24 h
1251,1,False,0.0,1-2 h
1251,18,False,0.0,7-24 h
1251,2,False,0.0,1-2 h
1251,1,False,0.0,1-2 h
1252,1,False,0.0,1-2 h
1252,1,False,0.0,1-2 h
1252,3,False,0.0,3-6 h
1252,3,False,0.0,3-6 h
1252,3,True,0.3333333333333333,3-6 h
1252,4,False,0.0,3-6 h
1252,3,False,0.0,3-6 h
1252,3,False,0.0,3-6 h
1252,3,False,0.0,3-6 h
1252,1,False,0.0,1-2 h
1252,1,False,0.0,1-2 h
1252,3,False,0.0,3-6 h
1253,3,False,0.0,3-6 h
1253,3,True,0.3333333333333333,3-6 h
1253,3,False,0.0,3-6 h
1253,7,False,0.0,7-24 h
1253,3,True,0.3333333333333333,3-6 h
1255,1,False,0.0,1-2 h
1255,1,False,0.0,1-2 h
1255,1,False,0.0,1-2 h
1255,1,False,0.0,1-2 h
1255,1,False,0.0,1-2 h
1255,1,False,0.0,1-2 h
1255,1,False,0.0,1-2 h
1257,1,False,0.0,1-2 h
1257,1,False,0.0,1-2 h
1257,1,False,0.0,1-2 h
1257,1,False,0.0,1-2 h
1258,7,False,0.0,7-24 h
1258,1,False,0.0,1-2 h
1258,1,False,0.0,1-2 h
1258,33,False,0.0,>24 h
1258,3,False,0.0,3-6 h
1258,1,False,0.0,1-2 h
1258,1,False,0.0,1-2 h
1258,1,False,0.0,1-2 h
1258,1,False,0.0,1-2 h
1258,13,False,0.0,7-24 h
1258,9,False,0.0,7-24 h
1258,29,False,0.0,>24 h
1259,3,True,0.3333333333333333,3-6 h
1259,7,False,0.0,7-24 h
1259,1,False,0.0,1-2 h
1259,24,False,0.0,7-24 h
1259,1,False,0.0,1-2 h
1260,1,False,0.0,1-2 h
1260,1,False,0.0,1-2 h
1260,1,False,0.0,1-2 h
1260,1,False,0.0,1-2 h
1260,10,False,0.0,7-24 h
1260,14,False,0.0,7-24 h
1261,2,False,0.0,1-2 h
1261,4,False,0.0,3-6 h
1261,1,True,1.0,1-2 h
1261,1,False,0.0,1-2 h
1261,8,False,0.0,7-24 h
1261,3,False,0.0,3-6 h
1261,5,False,0.0,3-6 h
1261,3,False,0.0,3-6 h
1261,3,False,0.0,3-6 h
1261,1,False,0.0,1-2 h
1261,1,False,0.0,1-2 h
1261,5,False,0.0,3-6 h
1261,3,False,0.0,3-6 h
1267,1,False,0.0,1-2 h
1267,1,False,0.0,1-2 h
1267,1,False,0.0,1-2 h
1267,23,False,0.0,7-24 h
1267,1,False,0.0,1-2 h
1272,23,False,0.0,7-24 h
1275,1,False,0.0,1-2 h
1275,1,False,0.0,1-2 h
1275,1,False,0.0,1-2 h
1275,6,False,0.0,3-6 h
1275,1,False,0.0,1-2 h
1275,1,False,0.0,1-2 h
1275,1,False,0.0,1-2 h
1275,24,False,0.0,7-24 h
1275,3,False,0.0,3-6 h
1275,1,False,0.0,1-2 h
1275,1,False,0.0,1-2 h
1278,1,False,0.0,1-2 h
1278,1,False,0.0,1-2 h
1278,1,False,0.0,1-2 h
1278,1,False,0.0,1-2 h
1278,1,False,0.0,1-2 h
1278,1,False,0.0,1-2 h
1278,24,False,0.0,7-24 h
1278,1,False,0.0,1-2 h
1279,12,True,0.25,7-24 h
1279,1,False,0.0,1-2 h
1279,1,False,0.0,1-2 h
1279,1,False,0.0,1-2 h
1279,1,False,0.0,1-2 h
1279,23,False,0.0,7-24 h
1283,1,False,0.0,1-2 h
1283,1,False,0.0,1-2 h
1283,1,False,0.0,1-2 h
1283,1,False,0.0,1-2 h
1283,7,False,0.0,7-24 h
1283,1,False,0.0,1-2 h
1283,24,False,0.0,7-24 h
1283,1,False,0.0,1-2 h
1284,1,False,0.0,1-2 h
1284,1,False,0.0,1-2 h
1284,1,False,0.0,1-2 h
1284,1,False,0.0,1-2 h
1284,7,False,0.0,7-24 h
1284,1,False,0.0,1-2 h
1284,20,False,0.0,7-24 h
1284,1,False,0.0,1-2 h
1284,1,False,0.0,1-2 h
1284,1,False,0.0,1-2 h
1284,1,False,0.0,1-2 h
1285,20,False,0.0,7-24 h
1296,1,True,1.0,1-2 h
1296,1,False,0.0,1-2 h
1296,2,False,0.0,1-2 h
1296,1,False,0.0,1-2 h
1296,1,False,0.0,1-2 h
1296,1,False,0.0,1-2 h
1296,16,False,0.0,7-24 h
1296,1,False,0.0,1-2 h
1296,1,False,0.0,1-2 h
1297,1,False,0.0,1-2 h
1297,1,False,0.0,1-2 h
1297,1,False,0.0,1-2 h
1297,1,False,0.0,1-2 h
1297,1,False,0.0,1-2 h
1297,16,False,0.0,7-24 h
1297,1,False,0.0,1-2 h
1297,1,False,0.0,1-2 h
1300,1,False,0.0,1-2 h
1302,1,True,1.0,1-2 h
1302,1,False,0.0,1-2 h
1302,1,False,0.0,1-2 h
1302,1,False,0.0,1-2 h
1302,1,False,0.0,1-2 h
1302,1,False,0.0,1-2 h
1302,24,False,0.0,7-24 h
1302,1,False,0.0,1-2 h
1303,3,False,0.0,3-6 h
1303,4,False,0.0,3-6 h
1303,7,False,0.0,7-24 h
1303,23,False,0.0,7-24 h
1304,1,False,0.0,1-2 h
1304,1,False,0.0,1-2 h
1304,1,False,0.0,1-2 h
1304,1,False,0.0,1-2 h
1304,1,False,0.0,1-2 h
1304,1,False,0.0,1-2 h
1306,3,True,0.3333333333333333,3-6 h
1306,7,False,0.0,7-24 h
1306,1,False,0.0,1-2 h
1306,24,False,0.0,7-24 h
1306,1,False,0.0,1-2 h
1306,3,False,0.0,3-6 h
1306,3,False,0.0,3-6 h
1306,3,False,0.0,3-6 h
1306,1,False,0.0,1-2 h
1306,1,False,0.0,1-2 h
1306,3,False,0.0,3-6 h
1309,9,False,0.0,7-24 h
1309,8,False,0.0,7-24 h
1309,24,False,0.0,7-24 h
1309,1,False,0.0,1-2 h
1310,7,False,0.0,7-24 h
1310,1,False,0.0,1-2 h
1310,24,False,0.0,7-24 h
1310,1,False,0.0,1-2 h
1311,7,False,0.0,7-24 h
1311,1,False,0.0,1-2 h
1311,16,False,0.0,7-24 h
1311,1,False,0.0,1-2 h
1311,1,False,0.0,1-2 h
1315,1,False,0.0,1-2 h
1315,1,False,0.0,1-2 h
1315,3,False,0.0,3-6 h
1315,1,False,0.0,1-2 h
1315,1,False,0.0,1-2 h
1315,7,False,0.0,7-24 h
1316,1,False,0.0,1-2 h
1316,2,False,0.0,1-2 h
1316,16,False,0.0,7-24 h
1316,1,False,0.0,1-2 h
1316,1,False,0.0,1-2 h
1316,2,False,0.0,1-2 h
1316,4,False,0.0,3-6 h
1316,5,False,0.0,3-6 h
1316,1,False,0.0,1-2 h
1316,1,False,0.0,1-2 h
1316,1,False,0.0,1-2 h
1316,1,False,0.0,1-2 h
1318,1,False,0.0,1-2 h
1318,8,False,0.0,7-24 h
1318,1,False,0.0,1-2 h
1318,22,False,0.0,7-24 h
1318,1,False,0.0,1-2 h
1318,3,False,0.0,3-6 h
1319,1,False,0.0,1-2 h
1319,22,False,0.0,7-24 h
1319,1,False,0.0,1-2 h
1319,1,True,1.0,1-2 h
1319,3,True,1.0,3-6 h
1319,2,True,1.0,1-2 h
1319,1,False,0.0,1-2 h
1319,1,True,1.0,1-2 h
1319,1,True,1.0,1-2 h
1319,1,True,1.0,1-2 h
1319,1,False,0.0,1-2 h
1319,1,False,0.0,1-2 h
1319,3,True,0.6666666666666666,3-6 h
1319,3,True,0.3333333333333333,3-6 h
1319,99,False,0.0,>24 h
1319,53,False,0.0,>24 h
1319,18,False,0.0,7-24 h
1319,7,True,0.7142857142857143,7-24 h
1319,7,False,0.0,7-24 h
1319,54,False,0.0,>24 h
1319,18,False,0.0,7-24 h
1319,1,False,0.0,1-2 h
1319,1,False,0.0,1-2 h
1319,61,False,0.0,>24 h
1319,32,False,0.0,>24 h
1319,167,False,0.0,>24 h
1323,7,False,0.0,7-24 h
1323,1,False,0.0,1-2 h
1323,24,False,0.0,7-24 h
1323,1,False,0.0,1-2 h
1323,4,False,0.0,3-6 h
1353,70,True,0.24285714285714285,>24 h
1353,10,False,0.0,7-24 h
