building_id,duration_h
1,1
1,3
1,4
1,3
1,1
1,1
1,3
1,1
1,1
1,2
1,1
1,1
1,1
1,1
1,1
1,3
1,1
1,1
1,3
1,1
1,1
1,1
1,1
1,1
1,1
1,1
1,1
1,3
1,3
1,3
1,1
1,1
1,1
1,1
1,1
32,4
32,5
32,6
32,3
32,5
32,4
32,3
32,3
32,1
32,1
32,3
32,3
32,4
32,3
32,3
32,3
32,4
41,3
41,4
41,3
41,2
41,1
41,1
41,1
41,1
41,1
41,1
41,2
41,2
41,1
41,1
41,1
41,1
41,1
41,1
41,1
41,1
41,2
41,1
41,1
41,1
41,1
41,1
41,2
41,1
41,1
41,1
41,2
41,1
41,1
41,1
41,1
41,1
41,1
41,1
41,1
41,1
41,1
41,3
41,1
41,1
41,1
41,1
41,2
41,1
41,1
41,1
41,1
41,2
41,1
41,5
41,4
41,1
41,2
41,3
41,10
41,3
41,4
55,4
55,3
55,2
55,2
55,7
55,20
55,19
55,7
55,12
55,13
69,1
69,4
69,3
69,7
69,7
69,5
69,4
69,10
69,9
69,8
69,2
69,6
69,4
69,6
69,5
69,6
69,8
69,9
69,7
69,5
69,6
69,9
69,5
69,7
69,4
69,3
79,7
79,7
79,4
79,2
79,2
79,3
79,4
79,12
79,3
79,4
79,10
79,5
79,3
79,7
79,4
79,4
79,18
79,4
82,4
82,10
82,9
82,1
82,3
82,23
82,3
82,1
82,5
82,3
82,3
82,12
82,8
82,5
82,9
82,14
91,2
91,2
91,32
91,1
91,2
91,1
91,1
91,1
91,1
91,1
91,1
91,1
91,1
91,1
91,2
91,1
107,24
107,3
107,28
107,1
107,1
107,1
107,1
107,3
107,1
107,5
107,3
107,26
107,26
107,9
107,26
107,26
107,26
107,3
107,26
107,3
107,3
107,4
108,23
108,24
108,1
108,2
108,25
108,35
108,5
108,1
108,26
108,48
108,25
108,25
108,3
108,23
108,3
108,1
108,1
108,3
108,27
111,24
111,26
111,3
111,37
111,26
111,49
111,26
111,26
111,3
111,25
112,22
112,24
112,1
112,26
112,3
112,1
112,1
112,14
112,25
112,4
112,23
117,24
117,1
117,23
117,23
117,25
117,1
117,36
117,25
117,26
117,25
117,4
117,23
118,13
118,12
118,13
118,13
118,3
118,4
118,27
118,27
118,27
118,27
119,23
119,1
119,1
119,26
119,1
119,23
119,37
119,4
119,3
119,4
119,3
119,3
119,1
119,3
119,3
119,3
119,3
119,4
119,3
119,3
119,4
121,6
121,9
121,3
121,4
121,3
121,21
121,28
121,27
121,31
121,25
121,27
136,23
136,2
136,24
136,11
136,10
136,26
136,8
136,31
136,10
136,13
136,7
136,8
136,23
136,23
136,35
136,3
136,3
136,3
136,1
136,1
137,23
137,4
137,24
137,24
137,24
137,3
137,23
139,22
139,18
139,23
139,23
139,37
139,48
139,48
139,3
139,23
139,23
139,4
141,24
141,1
141,1
141,14
141,23
141,1
141,4
141,37
141,3
141,2
141,3
141,26
141,26
141,28
141,24
141,26
141,3
141,26
141,6
141,108
144,23
144,2
144,1
144,29
144,25
144,26
144,4
144,4
144,16
144,49
144,25
144,3
144,25
144,15
147,23
147,1
147,1
147,24
147,3
147,24
147,23
147,2
147,3
147,2
147,17
147,1
147,3
147,24
147,26
147,24
147,3
147,23
147,3
147,24
148,16
148,17
148,18
148,9
148,16
148,3
148,4
148,1
148,25
148,1
148,25
148,1
148,25
148,1
148,25
148,1
148,25
148,1
148,25
149,23
149,23
149,4
149,22
149,22
149,37
149,1
149,3
149,3
149,3
159,6
159,11
159,3
159,4
159,6
159,12
159,11
159,8
159,10
159,7
159,6
159,6
159,6
159,8
159,5
159,9
159,7
159,7
159,8
159,5
159,9
159,4
159,5
159,3
159,9
159,6
159,9
159,4
159,3
159,6
159,8
159,5
159,5
159,3
159,3
159,9
159,3
159,7
159,14
159,9
159,9
159,13
159,11
171,5
171,3
171,4
171,6
171,6
171,7
171,3
171,3
171,3
171,5
171,9
171,5
171,3
171,11
171,6
171,5
171,3
171,18
171,12
173,3
173,5
173,6
173,3
173,5
173,3
173,6
173,6
173,3
173,3
173,3
173,5
173,3
173,6
173,6
173,6
173,3
173,3
173,3
173,4
174,3
174,6
174,7
174,3
174,5
174,4
174,6
174,6
174,3
174,8
174,4
174,3
174,7
174,6
174,6
174,6
174,3
174,3
174,3
174,4
181,23
181,2
181,7
181,5
181,8
181,9
181,12
181,5
181,4
181,4
181,9
181,7
181,3
181,3
181,4
183,3
183,10
183,5
183,5
183,3
183,5
183,3
183,6
183,6
183,3
183,8
183,4
183,3
183,4
183,5
183,6
183,5
183,3
183,3
183,1
183,4
190,4
190,3
190,3
190,5
190,5
190,3
190,5
190,3
190,6
190,6
190,3
190,8
190,4
190,3
190,7
190,7
190,3
190,5
190,2
190,2
190,98
190,3
190,3
190,4
235,4
235,6
235,5
235,6
235,8
235,6
235,6
235,7
235,3
235,3
235,3
235,3
235,2
235,4
235,3
235,3
235,3
235,4
238,6
238,7
238,5
238,3
238,6
238,3
238,3
238,4
238,3
238,6
238,3
238,6
238,7
238,3
238,3
238,6
238,5
238,6
238,7
238,5
238,3
238,6
238,3
238,3
238,4
238,3
238,49
238,6
240,3
240,1
240,2
240,1
240,2
240,3
240,3
240,2
240,1
240,3
240,1
240,2
240,3
240,2
240,1
240,1
240,1
240,8
240,1
240,2
240,1
240,1
240,1
240,1
240,1
240,1
240,3
240,2
240,1
240,2
240,1
240,5
240,3
240,2
240,2
240,3
240,1
240,2
240,1
240,1
240,1
240,1
246,3
246,3
246,4
246,3
246,4
246,3
246,6
246,3
246,6
246,6
246,8
246,6
246,6
246,5
246,3
246,3
246,7
246,3
246,3
246,3
246,4
246,5
247,2
247,1
247,1
247,1
247,1
247,1
247,1
247,1
247,1
247,1
247,1
247,1
247,1
247,1
247,1
247,1
247,1
247,1
247,1
247,1
247,1
247,1
247,4
247,1
247,1
247,1
247,1
247,1
247,1
247,1
247,68
247,7
247,87
247,29
247,1
247,1
247,3
247,1
247,138
247,102
247,1
247,2
247,3
247,1
247,1
248,4
248,3
248,4
248,3
248,6
248,3
248,4
248,5
248,3
248,3
248,4
248,2
248,2
248,138
248,101
248,3
253,3
253,4
253,3
253,3
253,4
253,3
253,6
253,3
253,6
253,6
253,9
253,6
253,6
253,6
253,4
253,6
253,3
253,3
253,3
253,6
253,3
253,4
253,10
253,4
254,3
254,3
254,5
254,11
254,4
254,10
254,3
254,3
254,3
254,1
254,23
254,23
254,23
254,12
254,3
254,5
254,18
254,3
263,83
263,14
263,3
263,1
263,3
263,3
263,5
263,6
263,4
263,3
263,3
263,3
263,3
263,3
263,51
270,4
270,5
270,4
270,3
270,3
270,3
270,5
270,6
270,18
270,4
270,7
270,4
270,3
270,18
270,3
270,3
270,18
270,17
270,18
270,1
270,1
270,1
270,1
270,1
270,2
270,4
270,1
270,1
270,3
270,1
270,2
270,1
270,1
275,3
275,21
275,3
275,6
275,3
275,5
275,6
275,21
275,26
275,20
275,3
275,3
275,4
275,24
275,3
275,4
275,2
275,2
275,4
275,3
276,3
276,3
276,7
276,4
276,6
276,7
276,28
276,3
276,13
276,7
276,3
276,4
276,19
276,3
276,3
276,2
276,4
276,4
278,16
278,4
278,9
278,2
278,2
278,3
278,3
278,3
278,5
278,6
278,17
278,4
278,5
278,3
278,17
278,3
278,3
278,15
278,2
278,4
290,3
290,5
290,5
290,4
290,4
290,4
290,37
290,35
290,4
290,4
290,40
290,5
290,6
290,3
290,3
290,30
290,54
290,4
290,59
293,26
293,19
293,18
293,4
293,5
293,3
293,17
312,1
312,1
312,12
312,12
312,12
312,12
312,10
312,12
312,7
312,7
312,7
312,8
312,9
312,7
312,8
312,7
312,9
312,5
312,9
312,1
312,1
312,7
312,7
312,7
312,1
312,1
312,11
312,1
312,2
312,1
312,7
312,11
312,1
312,1
312,1
312,1
312,1
312,1
312,8
312,2
318,2
318,2
318,4
318,5
318,3
318,3
318,3
318,3
318,26
318,5
318,20
318,6
318,14
318,14
318,10
335,32
335,26
335,1
335,1
335,16
335,11
335,11
335,4
335,9
335,7
335,44
335,19
335,3
335,6
335,20
335,22
335,21
335,5
345,3
345,83
345,58
345,75
356,1
356,1
356,3
356,1
356,1
356,3
356,1
356,4
356,1
356,1
356,4
356,5
356,3
356,3
356,3
356,1
356,1
356,5
356,6
356,3
356,3
356,3
356,3
356,3
356,3
356,3
356,3
356,3
356,3
356,1
356,1
356,1
356,1
356,3
356,1
356,1
356,3
356,1
356,1
356,1
356,1
356,1
356,1
356,1
356,1
356,3
423,8
423,8
423,8
423,7
423,7
423,7
423,8
423,7
423,7
423,8
423,12
439,9
439,8
439,11
439,9
439,12
439,12
439,10
439,11
439,11
439,33
439,12
439,11
439,12
439,11
439,11
439,34
439,11
439,12
439,11
439,11
439,10
439,11
439,9
439,11
439,10
439,10
439,11
439,10
439,12
439,31
439,9
439,10
439,33
439,11
439,12
439,11
439,11
439,7
439,8
439,68
492,13
492,23
492,13
492,23
492,13
492,23
492,13
492,23
492,13
492,23
492,7
492,13
492,13
492,13
534,8
534,7
534,7
534,7
534,7
534,8
534,7
534,7
534,7
534,7
534,7
534,7
534,7
534,7
534,8
534,8
534,8
534,8
534,8
534,8
534,7
534,7
534,10
534,8
534,7
534,7
534,7
534,7
534,7
534,17
534,7
534,7
560,4
560,19
560,14
560,24
560,5
560,8
560,12
560,12
560,17
560,30
560,26
560,10
560,7
560,6
560,17
560,53
560,24
560,16
560,11
560,11
560,10
560,14
623,9
623,7
623,10
623,9
623,7
623,8
623,7
623,8
623,7
623,7
623,11
623,10
623,7
623,7
623,8
623,7
623,7
623,8
653,3
653,14
653,72
653,60
653,17
653,60
653,16
653,5
653,3
657,4
657,2
657,25
657,2
657,25
657,2
657,25
657,2
657,25
657,2
657,25
657,2
657,25
657,2
657,25
657,2
657,25
658,1
658,22
658,2
658,2
658,12
658,12
658,1
658,21
658,1
658,17
658,1
658,22
658,15
658,3
658,6
666,27
666,12
666,10
666,1
666,23
666,22
667,28
667,7
667,5
667,7
667,9
667,1
667,1
667,9
667,7
667,5
667,7
667,3
667,9
667,1
667,23
667,22
667,8
667,7
667,8
667,7
667,7
667,5
667,5
667,5
667,8
667,7
673,8
673,14
673,21
673,9
673,9
673,12
673,14
673,13
673,12
673,14
673,9
675,2
675,25
675,2
675,25
675,22
675,2
675,3
675,3
675,22
675,22
677,7
677,1
677,1
677,4
677,2
677,22
677,1
677,2
677,21
677,1
677,2
677,22
680,1
680,25
680,1
680,1
680,7
680,7
680,1
680,22
680,7
680,7
680,8
680,7
680,1
680,22
680,7
680,8
680,1
680,22
683,9
683,31
683,2
683,9
683,3
683,1
683,1
683,3
683,1
683,1
683,10
683,11
683,10
683,10
683,22
683,7
683,10
683,9
685,9
685,28
685,28
685,23
685,22
685,29
685,20
685,29
685,20
685,9
685,20
685,28
685,3
685,4
685,1
685,15
687,15
687,12
687,2
687,24
687,2
687,24
687,18
687,22
687,7
687,7
687,7
687,7
687,8
693,1
693,22
693,2
693,1
693,22
693,1
693,1
693,22
693,1
693,1
693,1
693,1
693,22
693,1
693,1
693,22
693,1
693,14
693,15
693,22
693,1
693,22
693,3
693,22
693,22
693,22
693,22
693,22
693,7
693,8
697,31
697,6
697,4
697,6
697,5
697,6
697,6
697,9
697,9
697,12
697,7
697,33
697,24
698,23
698,2
698,9
698,9
698,3
698,6
698,8
698,22
698,22
701,22
701,22
701,22
701,22
701,22
701,22
701,22
701,22
701,22
701,22
701,22
701,22
701,22
708,4
708,22
708,22
708,22
708,22
708,22
710,8
710,10
710,24
710,8
710,21
710,21
710,7
710,6
721,22
721,22
721,22
721,22
721,3
721,1
721,1
721,15
721,3
722,23
722,1
722,22
722,1
722,10
722,10
722,8
722,9
722,1
722,22
722,1
729,23
729,3
729,13
729,13
729,3
729,22
729,1
729,22
729,6
729,3
730,1
730,23
730,22
730,22
730,22
730,22
730,22
730,22
730,22
730,22
732,22
732,22
732,22
732,22
732,22
732,22
732,7
732,22
732,22
732,22
732,22
732,22
732,22
732,22
739,22
739,22
739,22
739,22
739,22
739,22
739,22
739,22
742,22
742,22
742,22
742,22
742,22
742,22
742,22
742,22
742,22
742,22
742,22
801,3
801,2
801,146
801,1
801,1
801,2
801,1
801,1
801,8
801,4
801,1
801,2
801,25
801,1
801,3
801,1
801,1
827,83
844,4
844,4
844,3
844,4
844,3
844,3
844,7
844,4
844,3
844,3
844,3
844,4
844,4
844,4
844,4
844,3
844,3
844,3
844,4
844,10
848,27
848,26
848,26
848,26
848,26
848,26
848,26
879,1
879,10
879,1
879,21
879,3
879,1
879,2
879,1
879,1
879,5
879,1
879,3
879,1
879,25
879,1
879,11
879,1
879,1
879,1
879,1
879,1
879,1
879,1
879,1
879,2
879,1
879,4
879,7
879,1
879,1
879,2
879,2
880,2
880,10
880,1
880,28
880,4
880,2
880,8
880,1
880,11
880,1
880,2
880,1
880,8
880,2
880,1
880,1
880,2
880,2
880,1
880,4
880,4
880,2
880,1
881,1
881,2
881,10
881,1
881,14
881,1
881,4
881,4
881,2
881,7
881,1
881,24
881,1
881,1
881,10
881,1
881,1
881,2
881,1
881,1
881,2
881,5
881,1
881,1
881,1
881,4
881,6
881,2
881,1
882,1
882,10
882,1
882,22
882,2
882,1
882,2
882,1
882,2
882,1
882,4
882,1
882,11
882,7
882,1
882,1
882,1
882,1
882,2
882,1
882,1
882,2
882,8
882,1
882,1
882,4
882,7
882,1
882,1
882,8
882,12
884,2
884,11
884,1
884,22
884,2
884,1
884,2
884,1
884,2
884,7
884,1
884,11
884,1
884,1
884,2
884,1
884,2
884,1
884,1
884,1
884,8
884,1
884,2
884,4
884,2
884,1
886,8
886,14
886,4
886,4
886,2
886,8
886,7
886,24
886,1
886,1
886,4
886,1
886,8
886,3
886,6
886,3
886,3
886,1
886,1
887,7
887,1
887,10
887,1
887,27
887,4
887,2
887,7
887,1
887,11
887,2
887,1
887,2
887,5
887,1
887,7
887,10
887,9
887,7
887,11
887,2
887,2
887,4
887,8
887,8
887,7
887,9
887,1
887,1
887,7
887,9
887,7
887,7
887,7
887,8
889,2
889,11
889,14
889,2
889,1
889,4
889,2
889,1
889,4
889,24
889,1
889,10
889,1
889,2
889,1
889,2
889,1
889,1
889,1
889,9
889,22
889,22
889,22
889,4
889,2
889,1
890,2
890,10
890,1
890,27
890,4
890,2
890,8
890,1
890,25
890,1
890,11
890,4
890,2
890,1
890,2
890,2
890,1
890,2
890,2
890,1
890,4
890,2
890,1
892,1
892,1
892,11
892,21
892,2
892,1
892,1
892,1
892,25
892,1
892,11
892,7
892,7
892,1
892,1
892,1
892,8
892,3
892,1
892,5
892,1
892,1
892,2
892,5
892,3
892,1
892,1
892,7
893,9
893,2
893,10
893,1
893,26
893,1
893,2
893,1
893,2
893,5
893,1
893,7
893,7
893,2
893,11
893,2
893,1
893,7
893,2
893,5
893,1
893,1
893,1
893,4
893,7
893,8
893,2
893,1
893,7
893,9
893,10
894,8
894,1
894,10
894,10
894,1
894,24
894,1
894,1
894,1
894,1
894,4
894,2
894,1
894,25
894,1
894,11
894,12
894,1
894,1
894,1
894,9
894,8
894,8
894,1
894,5
894,1
894,8
894,7
894,1
894,1
894,4
894,8
894,7
894,1
894,2
894,9
894,11
894,7
894,7
894,12
894,8
894,10
895,7
895,7
895,7
895,8
895,7
895,7
895,1
895,10
895,1
895,21
895,3
895,1
895,1
895,1
895,1
895,5
895,1
895,7
895,1
895,25
895,1
895,11
895,7
895,1
895,1
895,1
895,1
895,7
895,1
895,5
895,1
895,7
895,1
895,2
895,4
895,7
895,10
895,7
895,1
895,1
895,7
895,9
895,11
896,1
896,10
896,1
896,25
896,1
896,2
896,1
896,1
896,7
896,1
896,25
896,1
896,11
896,1
896,1
896,1
896,1
896,1
896,1
896,1
896,1
896,1
896,1
896,4
896,11
896,1
896,1
903,1
903,10
903,1
903,14
903,3
903,1
903,1
903,1
903,1
903,4
903,1
903,1
903,25
903,1
903,11
903,1
903,1
903,1
903,1
903,1
903,1
903,1
903,1
903,1
903,4
903,1
903,1
905,1
905,10
905,1
905,21
905,3
905,1
905,1
905,1
905,1
905,4
905,2
905,1
905,25
905,1
905,11
905,1
905,1
905,1
905,1
905,1
905,1
905,1
905,1
905,1
905,1
905,2
905,1
905,1
905,7
909,1
909,1
909,1
909,1
909,11
909,1
909,1
909,1
909,8
909,1
909,2
909,8
909,22
909,22
909,4
909,19
909,9
909,22
909,22
909,22
909,1
909,2
909,2
909,2
909,2
909,1
909,1
914,1
914,14
914,2
914,10
914,21
914,2
914,1
914,2
914,1
914,2
914,5
914,1
914,1
914,12
914,1
914,1
914,2
914,1
914,2
914,5
914,1
914,1
914,1
914,4
914,2
914,1
919,8
919,9
919,1
919,10
919,12
919,1
919,25
919,1
919,2
919,1
919,1
919,7
919,1
919,11
919,8
919,1
919,1
919,1
919,1
919,10
919,11
919,1
919,1
919,1
919,1
919,1
919,1
919,7
919,7
919,1
919,1
919,13
919,13
922,1
922,10
922,1
922,21
922,3
922,1
922,2
922,1
922,1
922,7
922,1
922,25
922,1
922,11
922,1
922,1
922,1
922,1
922,1
922,1
922,1
922,1
922,1
922,1
922,4
922,1
922,1
924,2
924,10
924,1
924,14
924,7
924,4
924,2
924,7
924,1
924,24
924,1
924,1
924,10
924,2
924,1
924,1
924,10
924,2
924,5
924,1
924,2
924,14
924,1
924,1
924,4
924,2
924,1
925,1
925,10
925,1
925,25
925,1
925,1
925,1
925,1
925,1
925,1
925,1
925,7
925,1
925,25
925,1
925,11
925,10
925,7
925,1
925,1
925,1
925,1
925,1
925,1
925,8
925,1
925,1
925,1
925,1
925,1
925,7
925,1
925,1
925,7
925,7
925,9
925,7
925,1
925,1
925,7
925,7
925,7
926,1
926,10
926,1
926,22
926,1
926,2
926,1
926,2
926,1
926,2
926,4
926,1
926,25
926,1
926,11
926,1
926,2
926,1
926,1
926,1
926,1
926,1
926,2
926,1
926,2
926,7
926,1
926,1
928,1
928,11
928,1
928,10
928,1
928,14
928,3
928,1
928,2
928,1
928,1
928,7
928,1
928,25
928,1
928,11
928,1
928,1
928,1
928,10
928,1
928,1
928,1
928,1
928,1
928,1
928,1
928,1
929,1
929,10
929,1
929,1
929,1
929,1
929,1
929,1
929,2
929,1
929,1
929,1
929,24
929,1
929,1
929,1
929,1
929,2
929,1
929,1
929,1
929,1
929,5
929,1
929,1
929,9
929,22
929,22
929,22
929,1
929,4
929,1
929,1
929,2
929,1
929,11
929,9
929,8
929,7
931,1
931,10
931,1
931,21
931,3
931,1
931,1
931,1
931,1
931,7
931,1
931,25
931,1
931,11
931,1
931,1
931,1
931,8
931,1
931,1
931,1
931,1
931,1
931,1
931,4
931,4
931,2
931,1
931,27
931,16
931,1
931,1
935,2
935,3
935,9
935,21
935,1
935,1
935,1
935,1
935,7
935,7
935,1
935,1
935,1
935,1
935,1
935,25
935,1
935,11
935,8
935,1
935,1
935,1
935,8
935,8
935,10
935,8
935,8
935,8
935,11
935,1
935,1
935,1
935,1
935,7
935,9
935,8
935,7
935,1
935,1
935,9
935,2
935,1
935,8
935,7
935,8
935,8
935,7
935,7
935,11
935,8
935,9
935,1
935,1
935,7
935,8
935,1
935,1
935,1
935,9
935,10
935,7
935,7
935,9
935,7
935,7
936,12
936,1
936,10
936,1
936,24
936,2
936,1
936,2
936,1
936,4
936,2
936,1
936,25
936,1
936,11
936,1
936,2
936,1
936,1
936,1
936,5
936,1
936,10
936,16
936,7
936,1
936,1
936,10
936,1
936,2
936,8
936,12
936,8
936,8
936,1
936,1
936,7
936,8
936,7
936,7
936,13
936,10
936,10
936,9
936,8
936,7
936,7
936,8
941,1
941,10
941,15
941,1
941,2
941,2
941,12
941,1
941,2
941,2
941,9
941,1
941,6
941,2
941,4
941,1
941,1
941,2
941,1
941,7
942,2
942,10
942,1
942,28
942,4
942,2
942,8
942,1
942,25
942,1
942,11
942,1
942,2
942,1
942,9
942,2
942,5
942,2
942,7
942,1
942,1
942,4
942,2
942,1
945,2
945,10
945,1
945,14
945,5
945,1
945,2
945,1
945,2
945,1
945,4
945,1
945,24
945,1
945,1
945,10
945,1
945,2
945,1
945,2
945,7
945,1
945,2
945,1
945,1
945,1
945,2
945,1
945,2
945,1
945,2
945,1
945,1
945,1
948,9
948,1
948,21
948,4
948,4
948,1
948,2
948,8
948,1
948,1
948,10
948,1
948,11
948,1
948,1
948,1
948,8
948,2
948,5
948,2
948,1
948,1
948,1
948,1
948,2
948,1
948,7
948,8
950,7
950,9
950,14
950,1
950,1
950,2
950,2
950,2
950,24
950,10
950,2
950,4
950,3
950,3
950,1
950,7
950,3
950,1
950,3
950,2
950,2
950,3
950,3
950,3
950,3
950,3
950,11
950,4
950,2
950,11
950,2
950,1
950,2
950,2
950,1
950,2
950,1
950,1
950,1
950,1
950,2
950,3
950,3
950,2
950,9
950,31
950,2
950,2
950,4
950,1
950,1
950,4
950,1
950,3
950,8
950,1
950,2
950,2
950,2
950,2
950,2
950,3
950,2
950,1
950,2
950,2
950,3
950,2
950,1
950,3
950,2
950,2
950,2
950,4
950,2
950,4
950,2
950,2
952,1
952,10
952,1
952,24
952,1
952,1
952,1
952,1
952,5
952,1
952,1
952,25
952,1
952,11
952,1
952,1
952,1
952,1
952,1
952,1
952,1
952,1
952,2
952,1
952,4
952,1
952,1
961,1
961,9
961,1
961,14
961,3
961,1
961,1
961,1
961,1
961,1
961,1
961,1
961,1
961,24
961,1
961,1
961,1
961,1
961,1
961,1
961,8
961,1
961,1
961,1
961,1
961,1
961,9
961,22
961,22
961,22
961,1
961,4
961,1
961,22
961,22
961,1
966,1
966,10
966,1
966,14
966,3
966,1
966,1
966,1
966,1
966,4
966,2
966,1
966,25
966,1
966,11
966,1
966,1
966,1
966,9
966,1
966,5
966,1
966,1
966,1
966,4
966,1
966,1
967,1
967,10
967,1
967,25
967,1
967,2
967,1
967,2
967,5
967,1
967,1
967,25
967,1
967,12
967,2
967,1
967,2
967,8
967,1
967,5
967,2
967,1
967,2
967,4
967,10
967,1
967,1
967,13
968,2
968,10
968,1
968,26
968,1
968,2
968,1
968,2
968,1
968,2
968,1
968,1
968,25
968,1
968,11
968,2
968,1
968,2
968,1
968,2
968,1
968,1
968,1
968,1
968,1
968,1
968,2
968,1
969,1
969,10
969,1
969,25
969,1
969,1
969,1
969,1
969,5
969,1
969,1
969,25
969,1
969,11
969,1
969,1
969,1
969,1
969,1
969,5
969,1
969,1
969,1
969,4
969,1
969,1
970,10
970,1
970,24
970,1
970,24
970,10
970,9
971,2
971,10
971,1
971,26
971,1
971,2
971,1
971,2
971,5
971,1
971,1
971,25
971,1
971,11
971,2
971,1
971,2
971,8
971,2
971,5
971,1
971,1
971,1
971,4
971,2
971,1
973,1
973,10
973,1
973,21
973,3
973,1
973,1
973,1
973,1
973,4
973,2
973,1
973,25
973,1
973,11
973,1
973,2
973,1
973,10
973,1
973,1
973,1
973,1
973,1
973,1
973,5
973,1
973,1
974,1
974,10
974,1
974,24
974,1
974,2
974,1
974,1
974,7
974,1
974,25
974,1
974,11
974,1
974,1
974,1
974,1
974,1
974,1
974,1
974,2
974,2
974,1
975,2
975,10
975,1
975,14
975,1
975,1
975,8
975,24
975,1
975,10
975,1
975,4
975,2
975,1
975,2
975,5
975,2
975,1
975,1
975,2
975,1
975,2
977,8
977,14
977,1
977,1
977,1
977,1
977,1
977,7
977,1
977,1
977,2
977,1
977,1
977,1
977,1
977,1
977,1
977,9
977,22
977,22
977,22
977,22
977,22
978,1
978,10
978,1
978,24
978,1
978,2
978,1
978,1
978,7
978,1
978,11
978,1
978,1
978,1
978,1
978,1
978,5
978,1
978,1
978,1
978,4
978,1
978,1
978,1
978,1
981,2
981,10
981,1
981,25
981,1
981,2
981,1
981,2
981,8
981,1
981,25
981,2
981,1
981,2
981,1
981,2
981,1
981,1
981,1
981,1
981,1
981,4
981,2
981,15
981,22
981,1
981,2
981,2
988,1
988,10
988,2
988,25
988,1
988,1
988,1
988,1
988,4
988,1
988,1
988,11
988,1
988,1
988,1
988,1
988,7
988,1
988,5
988,1
988,7
988,7
988,7
988,7
988,2
988,1
988,2
988,1
988,1
988,1
988,8
988,7
990,9
990,1
990,14
990,5
990,1
990,2
990,1
990,2
990,7
990,1
990,24
990,1
990,1
990,1
990,1
990,1
990,1
990,8
990,2
990,5
990,1
990,9
990,22
990,22
990,22
990,22
990,22
992,1
992,10
992,1
992,26
992,1
992,2
992,1
992,1
992,7
992,1
992,25
992,1
992,11
992,1
992,1
992,1
992,1
992,1
992,8
992,2
992,1
992,1
992,2
992,2
992,3
992,8
992,1
992,1
992,4
992,7
992,3
992,23
992,38
992,7
992,9
994,7
994,8
994,14
994,2
994,7
994,1
994,2
994,1
994,2
994,5
994,1
994,2
994,2
994,9
994,22
994,22
994,22
994,1
994,2
994,3
994,22
994,22
994,8
996,1
996,10
996,1
996,21
996,3
996,1
996,1
996,1
996,1
996,4
996,1
996,1
996,11
996,1
996,1
996,1
996,8
996,1
996,1
996,1
996,1
996,1
996,1
996,1
996,1
996,7
996,1
996,1
1001,4
1001,9
1001,10
1001,4
1001,4
1001,8
1001,2
1001,3
1001,2
1001,1
1001,1
1001,2
1001,1
1001,1
1001,1
1001,1
1001,7
1001,2
1001,8
1001,7
1001,9
1001,7
1001,7
1001,8
1001,3
1001,8
1001,2
1001,11
1001,8
1001,3
1001,3
1001,8
1001,3
1001,4
1001,7
1001,14
1001,15
1001,12
1001,10
1001,1
1001,2
1001,2
1001,10
1001,2
1001,2
1001,1
1001,1
1001,2
1001,1
1001,2
1001,1
1001,2
1001,1
1001,1
1001,2
1001,3
1001,1
1001,1
1001,1
1001,2
1001,2
1001,1
1001,1
1001,4
1001,1
1001,2
1001,3
1001,1
1001,1
1001,6
1001,1
1001,2
1001,3
1001,1
1001,1
1001,7
1001,1
1001,1
1001,2
1001,1
1001,1
1001,1
1001,2
1001,1
1001,1
1001,1
1001,7
1001,1
1001,2
1007,4
1007,15
1007,3
1007,1
1007,4
1007,11
1007,16
1007,4
1007,4
1007,3
1007,4
1007,4
1007,4
1007,7
1007,3
1007,5
1007,4
1007,3
1007,1
1007,1
1007,4
1007,3
1007,9
1007,3
1007,12
1007,2
1007,13
1007,3
1007,2
1007,22
1007,1
1068,1
1068,18
1068,12
1068,15
1068,15
1068,10
1068,9
1068,15
1068,10
1068,9
1068,16
1068,15
1068,1
1068,16
1068,15
1068,15
1068,10
1068,9
1068,9
1068,11
1068,15
1068,15
1068,15
1068,15
1073,5
1073,4
1073,4
1073,7
1073,1
1073,2
1073,6
1073,4
1073,4
1073,4
1073,9
1073,4
1073,3
1073,74
1073,4
1073,4
1073,4
1074,14
1074,11
1074,4
1074,12
1074,18
1074,18
1074,16
1074,16
1074,14
1074,14
1074,13
1074,13
1074,3
1074,15
1074,15
1106,5
1106,4
1106,14
1106,3
1106,3
1106,14
1106,15
1106,13
1106,4
1106,11
1106,3
1106,11
1120,1
1120,1
1120,4
1120,49
1120,1
1120,1
1120,1
1120,7
1120,2
1120,7
1120,1
1120,7
1120,1
1120,6
1120,1
1120,7
1120,1
1120,3
1128,2
1128,2
1128,2
1128,2
1128,2
1128,2
1128,13
1128,4
1128,4
1128,4
1128,4
1128,4
1128,3
1128,2
1128,2
1128,2
1128,5
1128,2
1128,1
1128,2
1128,2
1128,2
1128,2
1128,1
1128,3
1128,8
1128,1
1128,1
1128,1
1128,1
1128,3
1128,4
1137,8
1137,4
1137,7
1137,146
1137,1
1137,1
1137,3
1141,11
1141,10
1141,13
1141,8
1141,4
1141,7
1141,8
1141,7
1141,1
1141,2
1141,8
1141,7
1141,7
1141,9
1141,8
1141,10
1141,3
1141,7
1141,12
1141,7
1141,7
1141,8
1141,7
1143,4
1143,3
1143,73
1147,125
1172,1
1172,1
1172,7
1172,160
1172,1
1172,3
1219,4
1219,14
1219,144
1219,1
1219,2
1219,7
1219,3
1225,1
1225,1
1225,1
1225,1
1225,24
1225,1
1225,15
1225,1
1225,11
1225,1
1225,1
1225,3
1225,1
1225,1
1225,1
1225,1
1225,1
1225,1
1225,1
1225,1
1225,13
1225,1
1225,1
1225,1
1225,1
1225,1
1225,1
1225,1
1225,1
1225,1
1225,1
1225,13
1225,1
1225,1
1225,80
1225,1
1225,21
1225,7
1225,10
1225,10
1225,1
1225,1
1225,1
1225,1
1225,1
1225,24
1225,125
1225,24
1225,1
1225,1
1225,1
1225,3
1225,1
1225,1
1225,1
1225,1
1225,1
1225,2
1225,2
1225,1
1225,1
1225,4
1225,1
1225,1
1225,1
1225,24
1225,1
1226,1
1226,1
1226,1
1226,1
1226,23
1226,1
1226,15
1226,1
1226,11
1226,1
1226,1
1226,1
1226,1
1226,1
1226,1
1226,1
1226,1
1226,1
1226,1
1226,1
1226,1
1226,12
1226,1
1226,1
1226,1
1226,1
1226,1
1226,1
1226,1
1226,1
1226,1
1226,1
1226,13
1226,1
1226,1
1226,79
1226,1
1226,20
1226,7
1226,10
1226,10
1226,23
1226,128
1226,24
1226,1
1226,1
1226,1
1226,3
1226,1
1226,1
1226,1
1226,1
1226,1
1226,1
1226,1
1226,1
1226,1
1226,1
1226,1
1226,1
1226,24
1226,1
1230,1
1230,1
1230,1
1230,1
1230,1
1230,1
1230,1
1230,1
1230,1
1230,1
1230,1
1230,1
1230,1
1230,1
1230,1
1230,1
1230,3
1230,1
1230,1
1230,1
1230,1
1230,1
1230,1
1230,1
1230,1
1230,81
1230,1
1230,1
1230,1
1230,1
1230,1
1230,1
1230,1
1230,1
1230,1
1230,1
1230,1
1230,1
1230,1
1230,1
1230,1
1230,1
1230,6
1230,6
1232,1
1232,1
1232,22
1232,1
1232,1
1232,1
1232,1
1232,1
1232,1
1232,1
1232,1
1232,12
1232,1
1232,1
1232,1
1232,1
1232,1
1232,1
1232,1
1232,1
1232,1
1232,1
1232,1
1232,1
1232,1
1232,1
1232,78
1232,1
1232,1
1232,1
1232,1
1232,1
1232,1
1232,16
1232,3
1232,3
1232,1
1232,1
1232,1
1232,1
1232,1
1232,1
1232,1
1232,1
1232,3
1232,1
1232,1
1232,1
1232,1
1232,1
1232,1
1232,3
1232,1
1232,1
1232,1
1232,1
1234,1
1234,1
1234,1
1234,1
1234,1
1234,1
1234,12
1234,1
1234,1
1234,1
1234,1
1234,1
1234,1
1234,1
1234,1
1234,1
1234,1
1234,1
1234,23
1234,25
1234,24
1234,1
1234,1
1234,80
1234,1
1234,1
1234,1
1234,1
1234,1
1234,23
1234,1
1234,3
1234,1
1234,1
1234,1
1234,1
1234,1
1234,1
1234,1
1234,1
1234,1
1234,1
1234,1
1234,1
1234,24
1234,1
1238,1
1238,1
1238,1
1238,1
1238,1
1238,1
1238,1
1238,1
1238,15
1238,1
1238,1
1238,1
1238,23
1238,11
1238,11
1238,24
1238,1
1238,1
1238,80
1238,1
1238,1
1238,1
1238,23
1238,1
1238,1
1238,7
1238,1
1238,24
1238,1
1239,1
1239,1
1239,1
1239,1
1239,1
1239,1
1239,3
1239,1
1239,1
1239,4
1239,1
1239,1
1239,1
1239,1
1239,1
1239,1
1239,3
1239,4
1239,6
1239,4
1239,3
1239,1
1239,1
1239,81
1239,1
1239,2
1239,1
1239,1
1239,1
1239,1
1239,1
1239,1
1239,1
1239,1
1239,1
1239,1
1239,1
1239,3
1239,3
1239,1
1239,1
1239,1
1239,1
1239,1
1239,1
1239,1
1239,1
1239,1
1239,1
1239,1
1239,1
1241,1
1241,1
1241,22
1241,1
1241,1
1241,1
1241,1
1241,1
1241,1
1241,1
1241,1
1241,13
1241,1
1241,1
1241,1
1241,1
1241,1
1241,1
1241,1
1241,1
1241,1
1241,1
1241,1
1241,1
1241,1
1241,1
1241,1
1241,24
1241,1
1242,1
1242,1
1242,1
1242,1
1242,1
1242,1
1242,1
1242,1
1242,1
1242,1
1242,1
1242,1
1242,2
1242,1
1242,1
1242,1
1242,68
1242,1
1242,1
1242,1
1242,1
1242,1
1242,1
1242,1
1242,1
1242,1
1242,1
1242,1
1242,1
1242,1
1242,1
1242,1
1242,1
1242,1
1242,1
1242,2
1245,1
1245,1
1245,25
1245,1
1245,1
1245,1
1245,1
1245,1
1245,1
1245,1
1245,1
1245,15
1245,1
1245,1
1245,1
1245,1
1245,1
1245,1
1245,1
1245,1
1245,1
1245,1
1245,78
1245,1
1245,1
1245,1
1245,1
1245,1
1245,1
1245,1
1245,23
1245,1
1245,1
1245,1
1245,1
1245,1
1245,1
1245,1
1245,1
1245,1
1245,1
1245,1
1245,1
1245,1
1245,1
1245,1
1245,1
1245,1
1246,1
1246,1
1246,1
1246,1
1246,1
1246,1
1246,1
1246,1
1246,14
1246,1
1246,1
1246,1
1246,1
1246,1
1246,1
1246,1
1246,23
1246,24
1246,24
1246,1
1246,1
1246,80
1246,1
1246,1
1246,1
1246,1
1246,1
1246,1
1246,1
1246,1
1246,1
1246,1
1246,24
1246,1
1246,1
1246,1
1246,1
1246,1
1246,24
1246,1
1247,1
1247,1
1247,22
1247,1
1247,1
1247,1
1247,1
1247,1
1247,1
1247,1
1247,1
1247,16
1247,1
1247,1
1247,1
1247,1
1247,1
1247,1
1247,2
1247,1
1247,79
1247,1
1247,1
1247,1
1247,23
1247,1
1247,1
1247,1
1247,1
1247,1
1247,1
1247,4
1247,1
1247,1
1249,1
1249,1
1249,1
1249,1
1249,1
1249,1
1249,1
1249,1
1249,14
1249,3
1249,1
1249,1
1249,1
1249,24
1249,24
1249,24
1249,1
1249,1
1249,80
1249,1
1249,1
1249,1
1249,1
1249,1
1249,1
1249,1
1249,1
1249,1
1249,1
1249,24
1249,1
1249,1
1249,1
1249,1
1249,7
1249,1
1249,24
1249,2
1251,44
1251,3
1251,1
1251,1
1251,1
1251,1
1251,3
1251,1
1251,1
1251,1
1251,1
1251,15
1251,1
1251,1
1251,1
1251,23
1251,13
1251,1
1251,1
1251,1
1251,80
1251,1
1251,3
1251,1
1251,1
1251,1
1251,1
1251,1
1251,1
1251,1
1251,1
1251,1
1251,24
1251,1
1251,1
1251,7
1251,3
1251,3
1251,7
1251,1
1251,18
1251,2
1251,1
1252,3
1252,1
1252,1
1252,25
1252,1
1252,1
1252,1
1252,1
1252,1
1252,1
1252,1
1252,1
1252,12
1252,1
1252,1
1252,1
1252,1
1252,62
1252,1
1252,1
1252,3
1252,78
1252,1
1252,1
1252,3
1252,1
1252,23
1252,3
1252,1
1252,1
1252,7
1252,1
1252,1
1252,3
1252,1
1252,1
1252,1
1252,1
1252,3
1252,3
1252,3
1252,4
1252,3
1252,3
1252,3
1252,1
1252,1
1252,3
1253,1
1253,1
1253,3
1253,4
1253,3
1253,3
1253,1
1253,1
1253,3
1253,12
1253,3
1253,3
1253,3
1253,3
1253,3
1253,3
1253,82
1253,3
1253,3
1253,3
1253,3
1253,3
1253,4
1253,3
1253,3
1253,3
1253,3
1253,3
1253,3
1253,7
1253,3
1255,1
1255,1
1255,1
1255,1
1255,1
1255,1
1255,15
1255,1
1255,1
1255,1
1255,1
1255,1
1255,2
1255,11
1255,80
1255,1
1255,17
1255,1
1255,1
1255,1
1255,3
1255,1
1255,1
1255,1
1255,1
1255,1
1255,1
1255,1
1255,1
1255,1
1255,1
1255,1
1255,1
1255,1
1257,1
1257,1
1257,24
1257,1
1257,1
1257,6
1257,3
1257,1
1257,1
1257,1
1257,1
1257,1
1257,1
1257,12
1257,1
1257,1
1257,1
1257,1
1257,3
1257,1
1257,1
1257,81
1257,1
1257,1
1257,1
1257,1
1257,1
1257,17
1257,1
1257,1
1257,1
1257,1
1257,1
1257,1
1257,1
1257,1
1257,1
1257,1
1257,1
1257,1
1257,1
1257,1
1258,26
1258,39
1258,1
1258,1
1258,1
1258,1
1258,1
1258,1
1258,38
1258,1
1258,1
1258,30
1258,1
1258,1
1258,1
1258,20
1258,16
1258,1
1258,1
1258,19
1258,12
1258,1
1258,2
1258,36
1258,56
1258,25
1258,3
1258,1
1258,1
1258,1
1258,11
1258,1
1258,1
1258,1
1258,1
1258,82
1258,1
1258,1
1258,10
1258,3
1258,3
1258,7
1258,1
1258,1
1258,35
1258,3
1258,3
1258,10
1258,1
1258,1
1258,13
1258,1
1258,1
1258,1
1258,1
1258,1
1258,1
1258,1
1258,1
1258,76
1258,7
1258,1
1258,1
1258,33
1258,3
1258,1
1258,1
1258,1
1258,1
1258,13
1258,9
1258,29
1259,1
1259,1
1259,1
1259,1
1259,3
1259,2
1259,1
1259,1
1259,1
1259,3
1259,1
1259,1
1259,1
1259,1
1259,1
1259,1
1259,1
1259,1
1259,12
1259,1
1259,1
1259,1
1259,1
1259,1
1259,23
1259,24
1259,24
1259,1
1259,1
1259,80
1259,1
1259,1
1259,1
1259,1
1259,1
1259,1
1259,1
1259,1
1259,1
1259,1
1259,24
1259,1
1259,1
1259,3
1259,7
1259,1
1259,24
1259,1
1260,1
1260,1
1260,11
1260,1
1260,1
1260,3
1260,3
1260,3
1260,1
1260,1
1260,1
1260,1
1260,1
1260,1
1260,1
1260,1
1260,15
1260,1
1260,1
1260,1
1260,1
1260,81
1260,1
1260,2
1260,1
1260,1
1260,1
1260,1
1260,23
1260,1
1260,1
1260,1
1260,1
1260,1
1260,1
1260,1
1260,1
1260,10
1260,14
1261,1
1261,1
1261,22
1261,7
1261,1
1261,1
1261,5
1261,1
1261,1
1261,1
1261,1
1261,3
1261,5
1261,12
1261,8
1261,3
1261,1
1261,1
1261,5
1261,1
1261,1
1261,1
1261,1
1261,1
1261,1
1261,80
1261,1
1261,1
1261,2
1261,7
1261,1
1261,1
1261,1
1261,2
1261,1
1261,18
1261,18
1261,1
1261,1
1261,1
1261,1
1261,1
1261,1
1261,3
1261,2
1261,4
1261,1
1261,1
1261,8
1261,3
1261,5
1261,3
1261,3
1261,1
1261,1
1261,5
1261,3
1264,1
1264,1
1264,23
1264,4
1264,1
1264,1
1264,1
1264,1
1264,1
1264,1
1264,1
1264,1
1264,1
1264,14
1264,1
1264,1
1264,1
1264,1
1264,1
1264,1
1264,1
1264,9
1264,1
1264,1
1264,79
1264,1
1264,1
1264,1
1264,1
1264,1
1264,23
1264,1
1266,1
1266,1
1266,23
1266,1
1266,1
1266,1
1266,1
1266,1
1266,1
1266,1
1266,1
1266,12
1266,1
1266,1
1266,1
1266,1
1266,1
1266,1
1266,1
1266,1
1266,1
1266,1
1266,8
1266,7
1266,1
1266,1
1266,1
1266,1
1266,1
1266,1
1266,1
1266,1
1266,80
1266,1
1266,1
1266,1
1266,1
1266,1
1266,1
1266,22
1266,1
1266,1
1266,1
1266,1
1266,1
1266,1
1266,1
1266,10
1266,9
1266,1
1266,1
1266,11
1267,1
1267,1
1267,1
1267,1
1267,1
1267,1
1267,1
1267,1
1267,17
1267,28
1267,1
1267,1
1267,23
1267,1
1267,12
1267,1
1267,1
1267,1
1267,78
1267,3
1267,1
1267,1
1267,1
1267,1
1267,1
1267,1
1267,1
1267,24
1267,3
1267,1
1267,1
1267,1
1267,23
1267,1
1272,14
1272,10
1272,1
1272,14
1272,22
1272,11
1272,11
1272,23
1272,80
1272,2
1272,23
1272,23
1275,1
1275,1
1275,1
1275,1
1275,1
1275,16
1275,1
1275,11
1275,1
1275,1
1275,1
1275,1
1275,1
1275,1
1275,1
1275,1
1275,1
1275,2
1275,1
1275,1
1275,12
1275,1
1275,1
1275,1
1275,1
1275,1
1275,1
1275,1
1275,1
1275,1
1275,1
1275,1
1275,23
1275,24
1275,24
1275,1
1275,1
1275,81
1275,1
1275,1
1275,2
1275,1
1275,1
1275,1
1275,1
1275,1
1275,1
1275,23
1275,1
1275,3
1275,1
1275,1
1275,1
1275,1
1275,1
1275,6
1275,10
1275,5
1275,6
1275,2
1275,1
1275,1
1275,1
1275,6
1275,1
1275,1
1275,1
1275,24
1275,3
1275,1
1275,1
1278,1
1278,1
1278,1
1278,1
1278,1
1278,1
1278,1
1278,1
1278,1
1278,1
1278,1
1278,1
1278,1
1278,1
1278,12
1278,1
1278,1
1278,1
1278,1
1278,1
1278,1
1278,1
1278,23
1278,11
1278,11
1278,23
1278,2
1278,1
1278,80
1278,1
1278,1
1278,1
1278,1
1278,1
1278,23
1278,1
1278,3
1278,1
1278,1
1278,1
1278,1
1278,1
1278,1
1278,1
1278,1
1278,1
1278,1
1278,1
1278,1
1278,1
1278,1
1278,1
1278,1
1278,24
1278,1
1279,1
1279,1
1279,1
1279,1
1279,1
1279,1
1279,1
1279,1
1279,1
1279,1
1279,1
1279,1
1279,1
1279,1
1279,12
1279,1
1279,1
1279,1
1279,1
1279,1
1279,1
1279,1
1279,23
1279,49
1279,80
1279,1
1279,1
1279,1
1279,1
1279,1
1279,1
1279,2
1279,23
1279,1
1279,3
1279,1
1279,1
1279,1
1279,1
1279,1
1279,1
1279,1
1279,1
1279,1
1279,1
1279,12
1279,1
1279,1
1279,1
1279,1
1279,23
1283,1
1283,1
1283,1
1283,1
1283,1
1283,1
1283,12
1283,1
1283,1
1283,1
1283,23
1283,24
1283,24
1283,1
1283,1
1283,1
1283,1
1283,28
1283,1
1283,22
1283,1
1283,1
1283,24
1283,1
1283,1
1283,1
1283,24
1283,1
1283,1
1283,1
1283,1
1283,1
1283,1
1283,7
1283,1
1283,24
1283,1
1284,1
1284,1
1284,1
1284,1
1284,1
1284,1
1284,3
1284,1
1284,1
1284,16
1284,1
1284,1
1284,1
1284,21
1284,1
1284,11
1284,1
1284,1
1284,1
1284,80
1284,1
1284,1
1284,1
1284,1
1284,1
1284,1
1284,1
1284,1
1284,24
1284,3
1284,1
1284,1
1284,1
1284,1
1284,7
1284,1
1284,20
1284,1
1284,1
1284,1
1284,1
1285,15
1285,22
1285,11
1285,78
1285,24
1285,20
1296,1
1296,1
1296,1
1296,1
1296,1
1296,15
1296,1
1296,11
1296,1
1296,1
1296,1
1296,2
1296,1
1296,1
1296,1
1296,1
1296,1
1296,1
1296,1
1296,2
1296,12
1296,1
1296,1
1296,1
1296,1
1296,1
1296,1
1296,1
1296,1
1296,1
1296,1
1296,1
1296,21
1296,1
1296,24
1296,24
1296,1
1296,1
1296,81
1296,1
1296,1
1296,1
1296,1
1296,1
1296,1
1296,1
1296,1
1296,24
1296,2
1296,3
1296,2
1296,1
1296,2
1296,1
1296,1
1296,2
1296,1
1296,1
1296,2
1296,1
1296,1
1296,1
1296,16
1296,1
1296,1
1297,1
1297,1
1297,1
1297,1
1297,1
1297,15
1297,1
1297,11
1297,1
1297,1
1297,1
1297,1
1297,1
1297,1
1297,1
1297,1
1297,1
1297,1
1297,1
1297,1
1297,12
1297,1
1297,2
1297,1
1297,1
1297,1
1297,1
1297,1
1297,1
1297,1
1297,1
1297,1
1297,21
1297,2
1297,24
1297,24
1297,1
1297,1
1297,80
1297,1
1297,1
1297,1
1297,1
1297,1
1297,1
1297,1
1297,1
1297,2
1297,1
1297,24
1297,1
1297,3
1297,1
1297,1
1297,1
1297,1
1297,1
1297,2
1297,1
1297,1
1297,1
1297,1
1297,1
1297,16
1297,1
1297,1
1300,23
1300,14
1300,10
1300,14
1300,78
1300,22
1300,1
1302,1
1302,1
1302,1
1302,1
1302,1
1302,16
1302,1
1302,11
1302,1
1302,1
1302,1
1302,1
1302,1
1302,1
1302,1
1302,1
1302,1
1302,1
1302,1
1302,1
1302,15
1302,1
1302,1
1302,1
1302,1
1302,1
1302,1
1302,6
1302,1
1302,1
1302,21
1302,2
1302,11
1302,11
1302,24
1302,1
1302,1
1302,80
1302,1
1302,1
1302,1
1302,1
1302,1
1302,1
1302,1
1302,1
1302,1
1302,21
1302,1
1302,3
1302,4
1302,1
1302,1
1302,1
1302,1
1302,1
1302,1
1302,1
1302,1
1302,1
1302,1
1302,1
1302,24
1302,1
1303,3
1303,3
1303,2
1303,21
1303,24
1303,23
1303,78
1303,23
1303,3
1303,4
1303,7
1303,23
1304,1
1304,1
1304,25
1304,1
1304,1
1304,1
1304,1
1304,1
1304,1
1304,1
1304,1
1304,7
1304,12
1304,1
1304,1
1304,1
1304,1
1304,1
1304,1
1304,1
1304,1
1304,79
1304,1
1304,1
1304,1
1304,1
1304,1
1304,17
1304,1
1304,1
1304,1
1304,1
1304,1
1304,1
1304,1
1304,1
1304,1
1304,1
1306,3
1306,1
1306,1
1306,3
1306,1
1306,1
1306,1
1306,1
1306,1
1306,1
1306,1
1306,1
1306,13
1306,3
1306,1
1306,1
1306,1
1306,23
1306,26
1306,24
1306,1
1306,1
1306,80
1306,1
1306,1
1306,1
1306,1
1306,1
1306,1
1306,1
1306,1
1306,1
1306,1
1306,24
1306,1
1306,1
1306,3
1306,7
1306,1
1306,24
1306,1
1306,3
1306,3
1306,3
1306,1
1306,1
1306,3
1309,3
1309,1
1309,1
1309,1
1309,1
1309,1
1309,1
1309,1
1309,1
1309,12
1309,1
1309,1
1309,3
1309,1
1309,23
1309,24
1309,24
1309,1
1309,1
1309,80
1309,4
1309,1
1309,1
1309,3
1309,1
1309,1
1309,3
1309,1
1309,1
1309,1
1309,1
1309,1
1309,24
1309,1
1309,1
1309,9
1309,8
1309,24
1309,1
1310,1
1310,1
1310,1
1310,1
1310,1
1310,1
1310,1
1310,1
1310,12
1310,1
1310,1
1310,3
1310,1
1310,1
1310,3
1310,1
1310,23
1310,24
1310,24
1310,1
1310,1
1310,80
1310,1
1310,1
1310,1
1310,1
1310,1
1310,1
1310,1
1310,1
1310,1
1310,1
1310,24
1310,1
1310,1
1310,7
1310,1
1310,24
1310,1
1311,1
1311,1
1311,1
1311,1
1311,1
1311,1
1311,1
1311,1
1311,12
1311,4
1311,1
1311,1
1311,1
1311,21
1311,1
1311,24
1311,24
1311,1
1311,1
1311,80
1311,1
1311,1
1311,22
1311,18
1311,1
1311,1
1311,1
1311,1
1311,1
1311,1
1311,1
1311,21
1311,1
1311,1
1311,1
1311,7
1311,1
1311,16
1311,1
1311,1
1315,1
1315,1
1315,26
1315,1
1315,1
1315,8
1315,1
1315,1
1315,2
1315,1
1315,1
1315,1
1315,14
1315,1
1315,1
1315,1
1315,1
1315,3
1315,1
1315,1
1315,3
1315,1
1315,1
1315,78
1315,1
1315,1
1315,1
1315,1
1315,1
1315,17
1315,1
1315,1
1315,1
1315,1
1315,1
1315,1
1315,1
1315,1
1315,1
1315,1
1315,1
1315,1
1315,1
1315,1
1315,3
1315,1
1315,1
1315,7
1316,1
1316,1
1316,23
1316,1
1316,1
1316,1
1316,1
1316,1
1316,1
1316,1
1316,1
1316,1
1316,1
1316,1
1316,1
1316,12
1316,1
1316,1
1316,1
1316,1
1316,1
1316,1
1316,78
1316,1
1316,1
1316,1
1316,1
1316,1
1316,17
1316,1
1316,1
1316,1
1316,1
1316,1
1316,1
1316,1
1316,2
1316,16
1316,1
1316,1
1316,2
1316,4
1316,5
1316,1
1316,1
1316,1
1316,1
1318,1
1318,1
1318,1
1318,2
1318,1
1318,1
1318,12
1318,5
1318,3
1318,3
1318,1
1318,1
1318,1
1318,1
1318,3
1318,78
1318,1
1318,1
1318,1
1318,1
1318,1
1318,24
1318,2
1318,2
1318,1
1318,1
1318,2
1318,1
1318,1
1318,8
1318,1
1318,22
1318,1
1318,3
1319,1
1319,1
1319,22
1319,1
1319,1
1319,3
1319,3
1319,1
1319,1
1319,4
1319,1
1319,1
1319,4
1319,1
1319,1
1319,4
1319,1
1319,1
1319,12
1319,3
1319,1
1319,1
1319,1
1319,1
1319,1
1319,1
1319,1
1319,1
1319,6
1319,1
1319,1
1319,79
1319,1
1319,1
1319,1
1319,1
1319,3
1319,1
1319,17
1319,5
1319,6
1319,1
1319,1
1319,1
1319,1
1319,3
1319,1
1319,1
1319,1
1319,1
1319,1
1319,1
1319,2
1319,2
1319,1
1319,22
1319,1
1319,1
1319,3
1319,2
1319,1
1319,1
1319,1
1319,1
1319,1
1319,1
1319,3
1319,3
1319,99
1319,53
1319,18
1319,7
1319,7
1319,54
1319,18
1319,1
1319,1
1319,61
1319,32
1319,167
1323,1
1323,1
1323,1
1323,1
1323,4
1323,1
1323,1
1323,1
1323,1
1323,16
1323,1
1323,1
1323,1
1323,23
1323,24
1323,24
1323,1
1323,1
1323,80
1323,1
1323,1
1323,1
1323,1
1323,1
1323,1
1323,1
1323,1
1323,1
1323,1
1323,24
1323,1
1323,1
1323,3
1323,7
1323,1
1323,24
1323,1
1323,4
1353,3
1353,3
1353,6
1353,3
1353,4
1353,3
1353,3
1353,3
1353,3
1353,4
1353,5
1353,4
1353,3
1353,5
1353,3
1353,3
1353,3
1353,5
1353,5
1353,3
1353,70
1353,10
