building_id,resid_robust_sd_kw,median_load_kw,share_abs_z_gt3,share_abs_z_gt5,longest_run_gt3_h
Fox_education_Henrietta,13.091357999999996,16.67,0.0,0.0,0
Fox_retail_Manie,6.5493855000000005,53.93,0.331511839708561,0.2495446265938069,16
Hog_education_Bruno,12.233673899999989,253.19150000000002,0.022768670309653915,0.005919854280510018,9
Hog_education_Caridad,356.94892274999995,1184.5165000000002,0.007285974499089253,0.0,6
Hog_education_Josh,50.19712949999999,149.97799999999998,0.009562841530054645,0.0,4
Hog_education_Luvenia,22.22528595000003,428.9765,0.09016393442622951,0.026411657559198543,15
Hog_office_Almeda,7.090905150000002,58.69450000000001,0.1662112932604736,0.05874316939890711,16
Hog_office_Cortney,5.990445300000013,47.5255,0.14207650273224043,0.0610200364298725,14
Hog_office_Denita,4.935204749999993,48.5565,0.11429872495446267,0.052367941712204005,16
Hog_office_Garrett,54.808756800000026,320.565,0.061930783242258654,0.02185792349726776,14
Hog_office_Lavon,11.562797400000003,21.768,0.5040983606557377,0.5040983606557377,1057
Hog_office_Merilyn,9.971226299999998,31.5255,0.0004553734061930783,0.0,1
Hog_office_Miriam,3.3217653000000062,21.651999999999997,0.020491803278688523,0.012295081967213115,12
Hog_office_Napoleon,11.001633300000005,123.556,0.05327868852459016,0.017759562841530054,15
Hog_office_Shawna,21.402813600000062,162.9995,0.06147540983606557,0.019581056466302368,14
Hog_office_Shawnna,67.70589419999996,408.18449999999996,0.033697632058287796,0.008652094717668488,14
Hog_office_Sherrie,6.6005351999999995,33.253,0.018214936247723135,0.00819672131147541,9
Hog_office_Shon,9.466030349999995,74.6985,0.10837887067395265,0.015938069216757743,14
Hog_office_Sydney,11.572804949999982,121.271,0.018214936247723135,0.00546448087431694,11
Hog_office_Valda,4.638684749999992,23.4185,0.0441712204007286,0.015938069216757743,13
Lamb_education_Armando,8.858534999999996,30.7,0.21493624772313297,0.09562841530054644,20
Lamb_education_Eula,0.37065,0.9001,0.2017304189435337,0.11703096539162113,60
Lamb_education_Lazaro,5.411489999999998,16.4,0.3911657559198543,0.2390710382513661,20
Lamb_education_Lucas,1.1278879499999996,4.0680000000000005,0.17304189435336975,0.10974499089253188,11
Lamb_education_Mae,15.826754999999995,52.5,0.15209471766848817,0.01366120218579235,11
Lamb_education_Williams,3.409980000000001,17.5,0.24863387978142076,0.1448087431693989,23
Lamb_office_Caitlin,7.301804999999998,11.0,0.41894353369763204,0.3693078324225865,16
Lamb_office_Velma,18.161849999999987,100.9,0.044626593806921674,0.01366120218579235,23
Rat_retail_Jeffrey,21.290135999999997,60.42,0.014571948998178506,0.0,10
Robin_education_Zenia,16.157597190000022,165.75,0.7135701275045537,0.19262295081967212,71
Robin_office_Dina,4.618002479999998,33.5,0.051001821493624776,0.002276867030965392,8
Robin_office_Sammie,17.631968759999992,82.25,0.0004553734061930783,0.0,1
Shrew_office_Doris,10.3782,169.3,0.07923497267759563,0.03233151183970856,14
Shrew_office_Ila,14.158829999999995,132.3,0.036885245901639344,0.0031876138433515485,11
Shrew_office_Kenneth,9.488639999999997,25.0,0.0,0.0,0
Shrew_office_Nora,13.417530000000026,167.1,0.03597449908925319,0.018214936247723135,12
Shrew_office_Sherill,20.7564,254.0,0.06830601092896176,0.0273224043715847,17
Wolf_office_Darleen,2.9652,33.0,0.17759562841530055,0.10974499089253188,15
Wolf_retail_Harriett,9.436748999999999,42.78125,0.07877959927140255,0.002276867030965392,11
Wolf_retail_Marcella,1.6577321250000006,6.29125,0.08105646630236794,0.014571948998178506,11
Wolf_retail_Toshia,12.765185999999996,40.55625,0.13342440801457195,0.09289617486338798,13
