seed,what,option,val_obj,chosen
123,fusion_w,0.0,0.4751291111715139,
123,fusion_w,0.1,0.5426980930948715,
123,fusion_w,0.2,0.599489902579755,
123,fusion_w,0.3,0.6260154831310332,
123,fusion_w,0.4,0.6440677966101696,
123,fusion_w,0.5,0.6714664209192489,
123,fusion_w,0.6,0.7463129523636473,
123,fusion_w,0.7,0.7620868756298612,
123,fusion_w,0.8,0.7731915897827772,
123,fusion_w,0.9,0.816807833132978,
123,fusion_w,1.0,0.8240660871873132,
123,extension:PatchTST-SSL(HoW-cond),none,0.5919849407748525,False
123,extension:PatchTST-SSL(HoW-cond),z6,0.4972887331230988,False
123,extension:PatchTST-SSL(HoW-cond),z12,0.4928124996053568,True
123,extension:PatchTST-SSL(HoW-cond),cusum,0.8095600021856688,False
123,extension:HOW-profile(HoW-cond),none,0.5462500454215057,False
123,extension:HOW-profile(HoW-cond),z6,0.4039714011589401,True
123,extension:HOW-profile(HoW-cond),z12,0.4393528283907563,False
123,extension:HOW-profile(HoW-cond),cusum,0.5156375939470589,False
123,extension:TOWT(HoW-cond),none,0.534771707419947,False
123,extension:TOWT(HoW-cond),z6,0.2606334303688565,True
123,extension:TOWT(HoW-cond),z12,0.3348345008680055,False
123,extension:TOWT(HoW-cond),cusum,0.4661709850630605,False
124,fusion_w,0.0,0.4976137448297805,
124,fusion_w,0.1,0.5258630710217366,
124,fusion_w,0.2,0.5650057937427578,
124,fusion_w,0.3,0.626545051572756,
124,fusion_w,0.4,0.6612852500262082,
124,fusion_w,0.5,0.6821275166598908,
124,fusion_w,0.6,0.7019120018428934,
124,fusion_w,0.7,0.7289934040722685,
124,fusion_w,0.8,0.7676677691746353,
124,fusion_w,0.9,0.8029186935371786,
124,fusion_w,1.0,0.8235155049450333,
124,extension:PatchTST-SSL(HoW-cond),none,0.6967622099647797,False
124,extension:PatchTST-SSL(HoW-cond),z6,0.3199435619040185,False
124,extension:PatchTST-SSL(HoW-cond),z12,0.2990826667926131,True
124,extension:PatchTST-SSL(HoW-cond),cusum,0.589481475225296,False
124,extension:HOW-profile(HoW-cond),none,0.5834482524227109,False
124,extension:HOW-profile(HoW-cond),z6,0.3208440166779447,True
124,extension:HOW-profile(HoW-cond),z12,0.3287670437313591,False
124,extension:HOW-profile(HoW-cond),cusum,0.434652127013979,False
124,extension:TOWT(HoW-cond),none,0.5343917731697725,False
124,extension:TOWT(HoW-cond),z6,0.1417483221301116,True
124,extension:TOWT(HoW-cond),z12,0.2126548364515512,False
124,extension:TOWT(HoW-cond),cusum,0.2933187503280909,False
125,fusion_w,0.0,0.3966989186112692,
125,fusion_w,0.1,0.4265462300840547,
125,fusion_w,0.2,0.5114022319262495,
125,fusion_w,0.3,0.6066109698510717,
125,fusion_w,0.4,0.6351623096811261,
125,fusion_w,0.5,0.6679101163513633,
125,fusion_w,0.6,0.6975820465716697,
125,fusion_w,0.7,0.7074491371166561,
125,fusion_w,0.8,0.7350264366819798,
125,fusion_w,0.9,0.737585417082466,
125,fusion_w,1.0,0.7555345970207069,
125,extension:PatchTST-SSL(HoW-cond),none,0.4765610421082524,False
125,extension:PatchTST-SSL(HoW-cond),z6,0.2803824235028124,True
125,extension:PatchTST-SSL(HoW-cond),z12,0.4740258150532903,False
125,extension:PatchTST-SSL(HoW-cond),cusum,0.7457555077873775,False
125,extension:HOW-profile(HoW-cond),none,0.4072913367124342,False
125,extension:HOW-profile(HoW-cond),z6,0.3985185783294269,True
125,extension:HOW-profile(HoW-cond),z12,0.6160050952978147,False
125,extension:HOW-profile(HoW-cond),cusum,0.5661837444298565,False
125,extension:TOWT(HoW-cond),none,0.5477383750698135,False
125,extension:TOWT(HoW-cond),z6,0.2426600498645304,True
125,extension:TOWT(HoW-cond),z12,0.3373609294866513,False
125,extension:TOWT(HoW-cond),cusum,0.4446728171535086,False
