est_kwh,true_kwh,delta_kwh,matched_err_kwh,false_add_kwh,unmatched_ev_flagged_kwh,missed_kwh,frac_events_matched,model,building_id,seed,site
1176.2455761238116,2314.3794962106817,-1138.13392008687,-1870.159234365259,843.7042233375576,0.0,111.67890905916886,0.6666666666666666,PatchTST-SSL(HoW-cond),Fox_education_Henrietta,123,Fox
12671.55926363586,10343.34322776189,2328.2160358739693,-2954.1274376814818,5608.532097798683,0.0,326.18862424323294,0.6666666666666666,PatchTST-SSL(HoW-cond),Fox_retail_Manie,123,Fox
37202.82150378713,54426.024768996416,-17223.20326520929,-18311.69373072657,1088.4904655172738,0.0,0.0,1.0,PatchTST-SSL(HoW-cond),Hog_education_Bruno,123,Hog
177400.85879312636,228760.23935675388,-51359.38056362752,-70764.18240011352,22924.089687256655,0.0,3519.2878507706814,0.8333333333333334,PatchTST-SSL(HoW-cond),Hog_education_Caridad,123,Hog
7253.965692863468,26559.941717637583,-19305.97602477412,-19893.786744486344,4951.3729835393615,0.0,4363.562263827134,0.8333333333333334,PatchTST-SSL(HoW-cond),Hog_education_Josh,123,Hog
66655.33055053675,131732.1106100514,-65076.780059514655,-63504.381466659506,1205.5912024938675,0.0,2777.9897953490085,0.6666666666666666,PatchTST-SSL(HoW-cond),Hog_education_Luvenia,123,Hog
10150.62662837122,16200.222099144255,-6049.595470773036,-6943.3377639657465,893.7422931927103,0.0,0.0,1.0,PatchTST-SSL(HoW-cond),Hog_office_Almeda,123,Hog
7604.607207163913,14151.505445393912,-6546.898238229999,-6602.8849844478,731.6465019960883,0.0,675.659755778285,0.8333333333333334,PatchTST-SSL(HoW-cond),Hog_office_Cortney,123,Hog
2417.474738332211,5469.765870194816,-3052.2911318626047,-3730.558647878889,678.2675160162839,0.0,0.0,1.0,PatchTST-SSL(HoW-cond),Hog_office_Denita,123,Hog
45904.760780904726,87474.51543031975,-41569.75464941502,-43191.176787992874,1621.422138577857,0.0,0.0,1.0,PatchTST-SSL(HoW-cond),Hog_office_Garrett,123,Hog
53982.2728030259,22610.81553189638,31371.45727112952,1455.6707664753085,29915.786504654217,0.0,0.0,1.0,PatchTST-SSL(HoW-cond),Hog_office_Lavon,123,Hog
1038.0578315668924,4521.8789214531,-3483.821089886207,-1896.6446605962904,19.91685100065521,0.0,1607.0932802905722,0.6666666666666666,PatchTST-SSL(HoW-cond),Hog_office_Merilyn,123,Hog
551.2910219705936,1369.9129303274124,-818.6219083568187,-983.2952572762266,164.67334891940789,0.0,0.0,1.0,PatchTST-SSL(HoW-cond),Hog_office_Miriam,123,Hog
9871.592362505016,41848.965212604075,-31977.37285009906,-31986.92956547693,9.55671537786894,0.0,0.0,1.0,PatchTST-SSL(HoW-cond),Hog_office_Napoleon,123,Hog
9130.942056528917,29276.541662722146,-20145.599606193224,-19988.12819862056,1533.1248667622012,0.0,1690.5962743348705,0.6666666666666666,PatchTST-SSL(HoW-cond),Hog_office_Shawna,123,Hog
10507.206388825216,18696.22773067866,-8189.021341853444,-9151.891238310904,962.8698964574588,0.0,0.0,1.0,PatchTST-SSL(HoW-cond),Hog_office_Shawnna,123,Hog
5115.499142683056,6296.856878678277,-1181.3577359952214,-1440.5152303422146,259.15749434699325,0.0,0.0,1.0,PatchTST-SSL(HoW-cond),Hog_office_Sherrie,123,Hog
7116.945445347268,23837.74064586406,-16720.795200516794,-16839.04277976106,118.24757924427016,0.0,0.0,1.0,PatchTST-SSL(HoW-cond),Hog_office_Shon,123,Hog
5312.353835931455,13503.723662481836,-8191.369826550381,-9041.017895502377,849.6480689519957,0.0,0.0,1.0,PatchTST-SSL(HoW-cond),Hog_office_Sydney,123,Hog
1214.5249414002042,659.9110469348791,554.6138944653251,101.2260535064204,453.38784095890463,0.0,0.0,1.0,PatchTST-SSL(HoW-cond),Hog_office_Valda,123,Hog
4491.164807691608,9324.415559898544,-4833.250752206935,-5529.213965766397,899.1001512747438,0.0,203.1369377152811,0.8333333333333334,PatchTST-SSL(HoW-cond),Lamb_education_Armando,123,Lamb
282.5918522375297,95.53374276853432,187.05810946899535,15.46220834766703,171.59590112132832,0.0,0.0,1.0,PatchTST-SSL(HoW-cond),Lamb_education_Eula,123,Lamb
3814.412374510735,3042.745085912202,771.6672885985331,-1318.241267240604,2732.688041889895,0.0,642.7794860507587,0.6666666666666666,PatchTST-SSL(HoW-cond),Lamb_education_Lazaro,123,Lamb
748.2559563943632,466.9308682848896,281.3250881094736,-105.09218894325188,386.4172770527254,0.0,0.0,1.0,PatchTST-SSL(HoW-cond),Lamb_education_Lucas,123,Lamb
5539.23408160668,10256.801447824697,-4717.567366218017,-7213.151179533252,2500.693346594492,0.0,5.109533279254961,0.8333333333333334,PatchTST-SSL(HoW-cond),Lamb_education_Mae,123,Lamb
3607.51259331536,1474.2353547993025,2133.277238516058,55.01067060479568,2078.266567911263,0.0,0.0,1.0,PatchTST-SSL(HoW-cond),Lamb_education_Williams,123,Lamb
3759.740532371777,2722.576096492226,1037.164435879551,-509.09478218001186,1851.3404159016136,0.0,305.0811978420506,0.8333333333333334,PatchTST-SSL(HoW-cond),Lamb_office_Caitlin,123,Lamb
6314.82392117694,16837.45779202471,-10522.63387084777,-11934.510057846172,1941.5886593837408,0.0,529.7124723853377,0.8333333333333334,PatchTST-SSL(HoW-cond),Lamb_office_Velma,123,Lamb
20358.50492022463,39202.5579631034,-18844.053042878768,-18579.080456018844,577.5657080063343,0.0,842.5382948662567,0.5,PatchTST-SSL(HoW-cond),Rat_retail_Jeffrey,123,Rat
23641.073986658907,45250.35916989452,-21609.28518323561,-23354.126782788673,2343.9627777505257,0.0,599.1211781974617,0.6666666666666666,PatchTST-SSL(HoW-cond),Robin_education_Zenia,123,Robin
4243.593104259353,8399.874397599166,-4156.281293339813,-4170.489316371954,140.52652922809446,0.0,126.3185061959526,0.6666666666666666,PatchTST-SSL(HoW-cond),Robin_office_Dina,123,Robin
1531.6433544631702,7369.35742045381,-5837.71406599064,-5091.411959567471,231.08764986180665,0.0,977.3897562849764,0.8333333333333334,PatchTST-SSL(HoW-cond),Robin_office_Sammie,123,Robin
27091.792300263824,46922.276078840725,-19830.4837785769,-18835.470409475696,338.09868042319033,0.0,1333.1120495243858,0.6666666666666666,PatchTST-SSL(HoW-cond),Shrew_office_Doris,123,Shrew
28798.445911422637,38533.35760444251,-9734.911693019876,-9763.914746738095,32.187830161091064,0.0,3.1847764428720353,0.8333333333333334,PatchTST-SSL(HoW-cond),Shrew_office_Ila,123,Shrew
3457.953153178429,13728.537242390868,-10270.58408921244,-10342.114477346691,71.53038813425333,0.0,0.0,1.0,PatchTST-SSL(HoW-cond),Shrew_office_Kenneth,123,Shrew
5099.137322908729,6256.343088371316,-1157.205765462587,-2230.8514592696897,1073.645693807103,0.0,0.0,1.0,PatchTST-SSL(HoW-cond),Shrew_office_Nora,123,Shrew
15167.326163589489,24840.88014206239,-9673.5539784729,-10492.416086533109,871.7541159321876,0.0,52.89200787198175,0.8333333333333334,PatchTST-SSL(HoW-cond),Shrew_office_Sherill,123,Shrew
4477.899015353962,11834.971950501258,-7357.072935147296,-8048.966553868184,698.2659830357428,0.0,6.372364314854387,0.8333333333333334,PatchTST-SSL(HoW-cond),Wolf_office_Darleen,123,Wolf
2993.206706966496,9160.220925635384,-6167.01421866889,-5289.321045261555,367.95424815300424,0.0,1245.6474215603405,0.8333333333333334,PatchTST-SSL(HoW-cond),Wolf_retail_Harriett,123,Wolf
832.1718135733234,1465.0727599937973,-632.9009464204738,-810.6163660666175,177.71541964614363,0.0,0.0,1.0,PatchTST-SSL(HoW-cond),Wolf_retail_Marcella,123,Wolf
6247.611213860626,1509.3555988403857,4738.25561502024,31.359709524547497,4796.730658678202,0.0,89.8347531825095,0.6666666666666666,PatchTST-SSL(HoW-cond),Wolf_retail_Toshia,123,Wolf
934.9280740176408,2314.3794962106817,-1379.4514221930408,-1886.497513133872,618.725,0.0,111.67890905916886,0.6666666666666666,HOW-profile(HoW-cond),Fox_education_Henrietta,123,Fox
15054.060999554016,10343.34322776189,4710.717771792126,-2223.369576037224,7033.160000000001,0.0,99.0726521706526,0.8333333333333334,HOW-profile(HoW-cond),Fox_retail_Manie,123,Fox
32365.27026779164,54426.024768996416,-22060.754501204778,-22892.41350120478,831.6590000000003,0.0,0.0,1.0,HOW-profile(HoW-cond),Hog_education_Bruno,123,Hog
151031.75857435414,228760.23935675388,-77728.48078239974,-95856.06678239976,18127.586000000003,0.0,0.0,1.0,HOW-profile(HoW-cond),Hog_education_Caridad,123,Hog
4637.3934592563,26559.941717637583,-21922.548258381285,-12758.335488910172,3525.5345,0.0,12689.747269471116,0.5,HOW-profile(HoW-cond),Hog_education_Josh,123,Hog
70238.89296535542,131732.1106100514,-61493.21764469598,-59861.10784934697,1145.8800000000003,0.0,2777.9897953490085,0.6666666666666666,HOW-profile(HoW-cond),Hog_education_Luvenia,123,Hog
12005.100937605976,16200.222099144255,-4195.12116153828,-5268.055661538281,1072.9345,0.0,0.0,1.0,HOW-profile(HoW-cond),Hog_office_Almeda,123,Hog
8457.317442705033,14151.505445393912,-5694.188002688879,-5433.270746910591,414.74250000000006,0.0,675.659755778285,0.8333333333333334,HOW-profile(HoW-cond),Hog_office_Cortney,123,Hog
1445.7962423510107,5469.765870194816,-4023.969627843805,-4333.771627843805,309.80199999999996,0.0,0.0,1.0,HOW-profile(HoW-cond),Hog_office_Denita,123,Hog
54590.386849163886,87474.51543031975,-32884.12858115586,-34285.56958115586,1401.441,0.0,0.0,1.0,HOW-profile(HoW-cond),Hog_office_Garrett,123,Hog
55585.67537947117,22610.81553189638,32974.859847574786,-1617.899652425207,34592.75949999999,0.0,0.0,1.0,HOW-profile(HoW-cond),Hog_office_Lavon,123,Hog
777.8666221872384,4521.8789214531,-3744.0122992658617,-2144.7408750301183,52.256,0.0,1651.5274242357434,0.5,HOW-profile(HoW-cond),Hog_office_Merilyn,123,Hog
280.04121412618326,1369.9129303274124,-1089.871716201229,-956.131166860297,96.7055,0.0,230.44604934093215,0.8333333333333334,HOW-profile(HoW-cond),Hog_office_Miriam,123,Hog
10806.374536179712,41848.965212604075,-31042.590676424363,-31108.80167642436,66.211,0.0,0.0,1.0,HOW-profile(HoW-cond),Hog_office_Napoleon,123,Hog
13599.35417555519,29276.541662722146,-15677.187487166952,-15759.300101146831,1116.7195,0.0,1034.6068860201226,0.8333333333333334,HOW-profile(HoW-cond),Hog_office_Shawna,123,Hog
12596.026067531917,18696.22773067866,-6100.201663146745,-8112.626663146746,2012.4249999999995,0.0,0.0,1.0,HOW-profile(HoW-cond),Hog_office_Shawnna,123,Hog
3991.146415252399,6296.856878678277,-2305.7104634258776,-2386.968963425878,81.25850000000001,0.0,0.0,1.0,HOW-profile(HoW-cond),Hog_office_Sherrie,123,Hog
6520.262482195599,23837.74064586406,-17317.478163668464,-17502.455163668463,184.977,0.0,0.0,1.0,HOW-profile(HoW-cond),Hog_office_Shon,123,Hog
4076.684621601293,13503.723662481836,-9427.039040880543,-9094.772217018908,624.4994999999999,0.0,956.7663238616352,0.8333333333333334,HOW-profile(HoW-cond),Hog_office_Sydney,123,Hog
901.3420481449872,659.9110469348791,241.431001210108,33.47600121010794,207.955,0.0,0.0,1.0,HOW-profile(HoW-cond),Hog_office_Valda,123,Hog
5719.824790297573,9324.415559898544,-3604.590769600971,-4314.153831885689,912.7,0.0,203.1369377152811,0.8333333333333334,HOW-profile(HoW-cond),Lamb_education_Armando,123,Lamb
359.12864276853435,95.53374276853432,263.59490000000005,12.449999999999974,251.1449000000001,0.0,0.0,1.0,HOW-profile(HoW-cond),Lamb_education_Eula,123,Lamb
2351.871191955912,3042.745085912202,-690.87389395629,-723.9665627053612,1050.35,0.0,1017.257331250929,0.5,HOW-profile(HoW-cond),Lamb_education_Lazaro,123,Lamb
838.512656242212,466.9308682848896,371.5817879573223,-68.07371204267781,439.6555,0.0,0.0,1.0,HOW-profile(HoW-cond),Lamb_education_Lucas,123,Lamb
7610.278246532093,10256.801447824697,-2646.5232012926035,-5130.173201292603,2483.6499999999996,0.0,0.0,1.0,HOW-profile(HoW-cond),Lamb_education_Mae,123,Lamb
2573.683394044338,1474.2353547993025,1099.4480392450355,19.14803924503485,1080.3,0.0,0.0,1.0,HOW-profile(HoW-cond),Lamb_education_Williams,123,Lamb
5224.8957123506,2722.576096492226,2502.3196158583737,166.9799990957481,2902.9500000000003,0.0,567.6103832373751,0.6666666666666666,HOW-profile(HoW-cond),Lamb_office_Caitlin,123,Lamb
9438.15468882432,16837.45779202471,-7399.303103200389,-8389.99063081505,1520.4,0.0,529.7124723853377,0.8333333333333334,HOW-profile(HoW-cond),Lamb_office_Velma,123,Lamb
20309.28927237608,39202.5579631034,-18893.268690727316,-19432.635395861063,1381.9050000000002,0.0,842.5382948662567,0.5,HOW-profile(HoW-cond),Rat_retail_Jeffrey,123,Rat
30084.788914312,45250.35916989452,-15165.570255582516,-19071.614827385056,4505.16575,0.0,599.1211781974617,0.6666666666666666,HOW-profile(HoW-cond),Robin_education_Zenia,123,Robin
5608.374881725326,8399.874397599166,-2791.4995158738393,-2995.8339096778873,330.6529,0.0,126.3185061959526,0.6666666666666666,HOW-profile(HoW-cond),Robin_office_Dina,123,Robin
2265.9446854143466,7369.35742045381,-5103.412735039463,-3554.312194834373,765.1859999999999,0.0,2314.2865402050898,0.8333333333333334,HOW-profile(HoW-cond),Robin_office_Sammie,123,Robin
33367.788270621335,46922.276078840725,-13554.48780821939,-12944.792464901631,687.4999999999999,0.0,1297.1953433177616,0.8333333333333334,HOW-profile(HoW-cond),Shrew_office_Doris,123,Shrew
29175.569901395276,38533.35760444251,-9357.787703047235,-9351.817175516284,54.45,0.0,60.42052753094859,0.6666666666666666,HOW-profile(HoW-cond),Shrew_office_Ila,123,Shrew
6405.15015882353,13728.537242390868,-7323.387083567339,-7429.087083567338,105.7,0.0,0.0,1.0,HOW-profile(HoW-cond),Shrew_office_Kenneth,123,Shrew
7360.585886827637,6256.343088371316,1104.242798456321,-185.257201543679,1289.5000000000002,0.0,0.0,1.0,HOW-profile(HoW-cond),Shrew_office_Nora,123,Shrew
23568.84799023749,24840.88014206239,-1272.0321518249002,-1905.2901439529232,686.1500000000001,0.0,52.89200787198175,0.8333333333333334,HOW-profile(HoW-cond),Shrew_office_Sherill,123,Shrew
6590.896889505144,11834.971950501258,-5244.075060996114,-6079.575060996115,835.5,0.0,0.0,1.0,HOW-profile(HoW-cond),Wolf_office_Darleen,123,Wolf
5304.864888050358,9160.220925635384,-3855.356037585027,-3765.966195502224,1176.284375,0.0,1265.674217082806,0.6666666666666666,HOW-profile(HoW-cond),Wolf_retail_Harriett,123,Wolf
1114.3988919643507,1465.0727599937973,-350.67386802944657,-666.5901180294464,315.91624999999993,0.0,0.0,1.0,HOW-profile(HoW-cond),Wolf_retail_Marcella,123,Wolf
7256.411590763328,1509.3555988403857,5747.055991922942,-176.66274512441737,5930.245000000001,0.0,6.526262952639762,0.8333333333333334,HOW-profile(HoW-cond),Wolf_retail_Toshia,123,Wolf
1656.169022794687,2314.3794962106817,-658.2104734159948,-1748.1347434079044,1201.6031790510783,0.0,111.67890905916886,0.6666666666666666,TOWT(HoW-cond),Fox_education_Henrietta,123,Fox
11972.549175838503,10343.34322776189,1629.205948076613,-3314.9483383572633,5526.958272741251,0.0,582.8039863073747,0.5,TOWT(HoW-cond),Fox_retail_Manie,123,Fox
32114.635624560804,54426.024768996416,-22311.389144435612,-22755.12912016333,520.1935341645653,0.0,76.45355843684771,0.8333333333333334,TOWT(HoW-cond),Hog_education_Bruno,123,Hog
72401.27896169637,228760.23935675388,-156358.9603950575,-164762.13719453814,8403.176799480652,0.0,0.0,1.0,TOWT(HoW-cond),Hog_education_Caridad,123,Hog
7497.877696312472,26559.941717637583,-19062.064021325114,-12587.21410147684,6214.89734962284,0.0,12689.747269471116,0.5,TOWT(HoW-cond),Hog_education_Josh,123,Hog
66357.4162231498,131732.1106100514,-65374.6943869016,-63565.746753079955,969.0421615273924,0.0,2777.9897953490085,0.6666666666666666,TOWT(HoW-cond),Hog_education_Luvenia,123,Hog
10242.57322571689,16200.222099144255,-5957.648873427368,-7059.9085391419685,1102.2596657146016,0.0,0.0,1.0,TOWT(HoW-cond),Hog_office_Almeda,123,Hog
6953.279120516254,14151.505445393912,-7198.226324877658,-6946.134767676488,423.5681985771173,0.0,675.659755778285,0.8333333333333334,TOWT(HoW-cond),Hog_office_Cortney,123,Hog
1223.2789454375916,5469.765870194816,-4246.486924757224,-4363.935711052596,117.4487862953724,0.0,0.0,1.0,TOWT(HoW-cond),Hog_office_Denita,123,Hog
28750.712961683144,87474.51543031975,-58723.80246863661,-53517.00953876437,209.1821782654948,0.0,5415.975108137738,0.6666666666666666,TOWT(HoW-cond),Hog_office_Garrett,123,Hog
18659.810669326875,22610.81553189638,-3951.004862569506,1126.1973470414268,1921.713464087988,0.0,6998.915673698919,0.6666666666666666,TOWT(HoW-cond),Hog_office_Lavon,123,Hog
3251.528913511149,4521.8789214531,-1270.350007941951,-1358.4578404644694,132.5419764676895,0.0,44.434143945171144,0.8333333333333334,TOWT(HoW-cond),Hog_office_Merilyn,123,Hog
459.13754217764694,1369.9129303274124,-910.7753881497654,-799.5735362985556,119.24419748972232,0.0,230.44604934093215,0.8333333333333334,TOWT(HoW-cond),Hog_office_Miriam,123,Hog
10520.068384862116,41848.965212604075,-31328.89682774196,-31388.961615914755,60.06478817279531,0.0,0.0,1.0,TOWT(HoW-cond),Hog_office_Napoleon,123,Hog
9946.09689520559,29276.541662722146,-19330.44476751655,-19023.049104852624,727.2112233561891,0.0,1034.6068860201226,0.8333333333333334,TOWT(HoW-cond),Hog_office_Shawna,123,Hog
10530.42344601788,18696.22773067866,-8165.804284660779,-8186.5181313824705,673.7512159379191,0.0,653.0373692162267,0.8333333333333334,TOWT(HoW-cond),Hog_office_Shawnna,123,Hog
4161.999425372672,6296.856878678277,-2134.8574533056053,-2362.1025806747857,227.2451273691809,0.0,0.0,1.0,TOWT(HoW-cond),Hog_office_Sherrie,123,Hog
2608.792325754204,23837.74064586406,-21228.94832010986,-21279.944673905768,50.99635379590735,0.0,0.0,1.0,TOWT(HoW-cond),Hog_office_Shon,123,Hog
4025.6594503032393,13503.723662481836,-9478.064212178597,-9047.45205589748,526.1541675805187,0.0,956.7663238616352,0.8333333333333334,TOWT(HoW-cond),Hog_office_Sydney,123,Hog
808.8609763012869,659.9110469348791,148.9499293664078,-39.86200015396571,188.81192952037352,0.0,0.0,1.0,TOWT(HoW-cond),Hog_office_Valda,123,Hog
3999.917085785404,9324.415559898544,-5324.498474113139,-5341.403441621849,307.3252544121022,0.0,290.42028690339396,0.6666666666666666,TOWT(HoW-cond),Lamb_education_Armando,123,Lamb
347.79188567908545,95.53374276853432,252.25814291055113,11.285130531867708,240.97301237868345,0.0,0.0,1.0,TOWT(HoW-cond),Lamb_education_Eula,123,Lamb
3400.284740737191,3042.745085912202,357.53965482498916,-634.2841215456197,2009.0811076215373,0.0,1017.257331250929,0.5,TOWT(HoW-cond),Lamb_education_Lazaro,123,Lamb
621.1398481976279,466.9308682848896,154.20897991273824,-146.1656030447304,300.37458295746865,0.0,0.0,1.0,TOWT(HoW-cond),Lamb_education_Lucas,123,Lamb
2539.2585153401888,10256.801447824697,-7717.542932484508,-4241.838900266383,145.97040484901638,0.0,3621.674437067144,0.6666666666666666,TOWT(HoW-cond),Lamb_education_Mae,123,Lamb
2638.354365027684,1474.2353547993025,1164.1190102283813,77.89083887040783,1086.2281713579737,0.0,0.0,1.0,TOWT(HoW-cond),Lamb_education_Williams,123,Lamb
3749.404135239202,2722.576096492226,1026.8280387469758,-320.0845443427579,1914.5229663271095,0.0,567.6103832373751,0.6666666666666666,TOWT(HoW-cond),Lamb_office_Caitlin,123,Lamb
4502.951020336628,16837.45779202471,-12334.506771688082,-13288.933399301966,1484.1390999992227,0.0,529.7124723853377,0.8333333333333334,TOWT(HoW-cond),Lamb_office_Velma,123,Lamb
15870.565164224705,39202.5579631034,-23331.992798878695,-23394.27328456991,904.8187805574752,0.0,842.5382948662567,0.5,TOWT(HoW-cond),Rat_retail_Jeffrey,123,Rat
32502.827163145976,45250.35916989452,-12747.53200674854,-16973.603860780502,4825.193032229425,0.0,599.1211781974617,0.6666666666666666,TOWT(HoW-cond),Robin_education_Zenia,123,Robin
4787.056208529334,8399.874397599166,-3612.818189069831,-3672.028897077429,185.52921420354855,0.0,126.3185061959526,0.6666666666666666,TOWT(HoW-cond),Robin_office_Dina,123,Robin
1300.758123450302,7369.35742045381,-6068.599297003508,-3129.9958248858684,353.0728243724272,0.0,3291.6762964900663,0.6666666666666666,TOWT(HoW-cond),Robin_office_Sammie,123,Robin
31964.39723309808,46922.276078840725,-14957.878845742644,-14253.536376322165,592.8528738972739,0.0,1297.1953433177616,0.8333333333333334,TOWT(HoW-cond),Shrew_office_Doris,123,Shrew
29288.477189659563,38533.35760444251,-9244.88041478295,-9206.804566797737,22.34467954573526,0.0,60.42052753094859,0.6666666666666666,TOWT(HoW-cond),Shrew_office_Ila,123,Shrew
2115.4213665484663,13728.537242390868,-11613.115875842404,-11613.115875842404,0.0,0.0,0.0,1.0,TOWT(HoW-cond),Shrew_office_Kenneth,123,Shrew
7793.472129959964,6256.343088371316,1537.129041588648,328.0566054674573,1209.07243612119,0.0,0.0,1.0,TOWT(HoW-cond),Shrew_office_Nora,123,Shrew
24944.62361540344,24840.88014206239,103.74347334104824,-556.9587279391053,660.7022012801583,0.0,0.0,1.0,TOWT(HoW-cond),Shrew_office_Sherill,123,Shrew
6217.054789716415,11834.971950501258,-5617.917160784843,-6352.171396724996,740.6266002550083,0.0,6.372364314854387,0.8333333333333334,TOWT(HoW-cond),Wolf_office_Darleen,123,Wolf
4432.548223442234,9160.220925635384,-4727.672702193151,-4425.621298707534,1005.2118541685504,0.0,1307.263257654167,0.5,TOWT(HoW-cond),Wolf_retail_Harriett,123,Wolf
1111.770565490404,1465.0727599937973,-353.30219450339337,-638.0655875688891,284.7633930654957,0.0,0.0,1.0,TOWT(HoW-cond),Wolf_retail_Marcella,123,Wolf
6238.0658976020595,1509.3555988403857,4728.7102987616745,-177.1744175863721,4905.884716348047,0.0,0.0,1.0,TOWT(HoW-cond),Wolf_retail_Toshia,123,Wolf
929.8459717727736,2314.3794962106817,-1384.533524437908,-6.336033746131591,667.3674502682668,0.0,2045.5649409600428,0.5,"PatchTST-SSL(HoW-cond, patch-mask train)",Fox_education_Henrietta,123,Fox
12647.31446413737,10343.34322776189,2303.971236375479,-2871.558235094847,5758.333457777702,0.0,582.8039863073747,0.5,"PatchTST-SSL(HoW-cond, patch-mask train)",Fox_retail_Manie,123,Fox
34706.810173833655,54426.024768996416,-19719.21459516276,-20378.160634164153,735.3995974382466,0.0,76.45355843684771,0.8333333333333334,"PatchTST-SSL(HoW-cond, patch-mask train)",Hog_education_Bruno,123,Hog
128958.39215325748,228760.23935675388,-99801.8472034964,-129977.242435734,30175.395232237606,0.0,0.0,1.0,"PatchTST-SSL(HoW-cond, patch-mask train)",Hog_education_Caridad,123,Hog
4627.23533907788,26559.941717637583,-21932.706378559706,-12747.526368015751,3504.567258927161,0.0,12689.747269471116,0.5,"PatchTST-SSL(HoW-cond, patch-mask train)",Hog_education_Josh,123,Hog
51055.11961396388,131732.1106100514,-80676.99099608752,-79442.33932110139,1543.33812036286,0.0,2777.9897953490085,0.6666666666666666,"PatchTST-SSL(HoW-cond, patch-mask train)",Hog_education_Luvenia,123,Hog
9481.61450650366,16200.222099144255,-6718.607592640597,-7581.477775936954,862.870183296354,0.0,0.0,1.0,"PatchTST-SSL(HoW-cond, patch-mask train)",Hog_office_Almeda,123,Hog
5746.408648207663,14151.505445393912,-8405.096797186248,-8557.086408696545,827.6493672885834,0.0,675.659755778285,0.8333333333333334,"PatchTST-SSL(HoW-cond, patch-mask train)",Hog_office_Cortney,123,Hog
1642.3492348754537,5469.765870194816,-3827.4166353193623,-3983.164069703658,236.50420372070624,0.0,80.75676933641031,0.8333333333333334,"PatchTST-SSL(HoW-cond, patch-mask train)",Hog_office_Denita,123,Hog
41249.621593218515,87474.51543031975,-46224.893837101234,-43239.75119195771,338.4730346472312,0.0,3323.6156797907715,0.8333333333333334,"PatchTST-SSL(HoW-cond, patch-mask train)",Hog_office_Garrett,123,Hog
55144.428885726185,22610.81553189638,32533.613353829805,274.18008420508704,35032.46710313427,0.0,2773.0338335095603,0.8333333333333334,"PatchTST-SSL(HoW-cond, patch-mask train)",Hog_office_Lavon,123,Hog
886.2946788132763,4521.8789214531,-3635.584242639823,-2001.909616088879,17.852797684798535,0.0,1651.5274242357434,0.5,"PatchTST-SSL(HoW-cond, patch-mask train)",Hog_office_Merilyn,123,Hog
308.96747594280157,1369.9129303274124,-1060.945454384611,-900.570864497701,70.07145945402235,0.0,230.44604934093215,0.8333333333333334,"PatchTST-SSL(HoW-cond, patch-mask train)",Hog_office_Miriam,123,Hog
8842.733915687499,41848.965212604075,-33006.23129691658,-33006.23129691657,0.0,0.0,0.0,1.0,"PatchTST-SSL(HoW-cond, patch-mask train)",Hog_office_Napoleon,123,Hog
6562.354406155168,29276.541662722146,-22714.187256566973,-23216.009179140347,2192.418196908239,0.0,1690.5962743348705,0.6666666666666666,"PatchTST-SSL(HoW-cond, patch-mask train)",Hog_office_Shawna,123,Hog
7163.161052942174,18696.22773067866,-11533.066677736486,-12987.782332605966,1454.7156548694788,0.0,0.0,1.0,"PatchTST-SSL(HoW-cond, patch-mask train)",Hog_office_Shawnna,123,Hog
3899.982882332357,6296.856878678277,-2396.87399634592,-2480.4175285174447,83.5435321715238,0.0,0.0,1.0,"PatchTST-SSL(HoW-cond, patch-mask train)",Hog_office_Sherrie,123,Hog
4610.341226518342,23837.74064586406,-19227.39941934572,-19285.040005208324,57.64058586260492,0.0,0.0,1.0,"PatchTST-SSL(HoW-cond, patch-mask train)",Hog_office_Shon,123,Hog
4382.887734276107,13503.723662481836,-9120.835928205728,-8480.257138010005,316.1875336659132,0.0,956.7663238616352,0.8333333333333334,"PatchTST-SSL(HoW-cond, patch-mask train)",Hog_office_Sydney,123,Hog
1114.9723960894814,659.9110469348791,455.06134915460234,117.99714758037544,337.06420157422696,0.0,0.0,1.0,"PatchTST-SSL(HoW-cond, patch-mask train)",Hog_office_Valda,123,Hog
3277.942144025774,9324.415559898544,-6046.47341587277,-5962.791603737148,119.45512557965966,0.0,203.1369377152811,0.8333333333333334,"PatchTST-SSL(HoW-cond, patch-mask train)",Lamb_education_Armando,123,Lamb
298.9133892132888,95.53374276853432,203.37964644475448,7.362810755950747,196.0168356888037,0.0,0.0,1.0,"PatchTST-SSL(HoW-cond, patch-mask train)",Lamb_education_Eula,123,Lamb
5879.382173864085,3042.745085912202,2836.6370879518836,-733.4168835595876,4212.83345756223,0.0,642.7794860507587,0.6666666666666666,"PatchTST-SSL(HoW-cond, patch-mask train)",Lamb_education_Lazaro,123,Lamb
698.9390129845372,466.9308682848896,232.00814469964752,-139.42368855524262,377.30086923633706,0.0,5.869035981446744,0.8333333333333334,"PatchTST-SSL(HoW-cond, patch-mask train)",Lamb_education_Lucas,123,Lamb
5717.242247141541,10256.801447824697,-4539.559200683156,-7117.807482328832,2578.248281645673,0.0,0.0,1.0,"PatchTST-SSL(HoW-cond, patch-mask train)",Lamb_education_Mae,123,Lamb
2429.0751870592826,1474.2353547993025,954.83983225998,51.85646594557056,902.9833663144092,0.0,0.0,1.0,"PatchTST-SSL(HoW-cond, patch-mask train)",Lamb_education_Williams,123,Lamb
4121.324697166806,2722.576096492226,1398.7486006745798,309.07610335784966,1657.282880554105,0.0,567.6103832373751,0.6666666666666666,"PatchTST-SSL(HoW-cond, patch-mask train)",Lamb_office_Caitlin,123,Lamb
6017.355792893143,16837.45779202471,-10820.101999131566,-12149.70379084096,1859.3142640947303,0.0,529.7124723853377,0.8333333333333334,"PatchTST-SSL(HoW-cond, patch-mask train)",Lamb_office_Velma,123,Lamb
19307.946062905216,39202.5579631034,-19894.611900198182,-20018.457628252087,966.3840229201662,0.0,842.5382948662567,0.5,"PatchTST-SSL(HoW-cond, patch-mask train)",Rat_retail_Jeffrey,123,Rat
26718.88700427799,45250.35916989452,-18531.472165616527,-21924.443159904706,3992.092172485642,0.0,599.1211781974617,0.6666666666666666,"PatchTST-SSL(HoW-cond, patch-mask train)",Robin_education_Zenia,123,Robin
4143.43434583007,8399.874397599166,-4256.440051769096,-4295.190580456261,165.06903488311752,0.0,126.3185061959526,0.6666666666666666,"PatchTST-SSL(HoW-cond, patch-mask train)",Robin_office_Dina,123,Robin
2133.879811404928,7369.35742045381,-5235.477609048881,-2719.9698347829512,776.1685222241365,0.0,3291.6762964900663,0.6666666666666666,"PatchTST-SSL(HoW-cond, patch-mask train)",Robin_office_Sammie,123,Robin
25842.70563051366,46922.276078840725,-21079.570448327064,-19803.610992627822,21.235887618515548,0.0,1297.1953433177616,0.8333333333333334,"PatchTST-SSL(HoW-cond, patch-mask train)",Shrew_office_Doris,123,Shrew
29356.292113324933,38533.35760444251,-9177.06549111758,-9220.236160210909,103.59119662427676,0.0,60.42052753094859,0.6666666666666666,"PatchTST-SSL(HoW-cond, patch-mask train)",Shrew_office_Ila,123,Shrew
4318.014744923007,13728.537242390868,-9410.52249746786,-9419.423302637028,8.900805169165624,0.0,0.0,1.0,"PatchTST-SSL(HoW-cond, patch-mask train)",Shrew_office_Kenneth,123,Shrew
5521.544523576266,6256.343088371316,-734.79856479505,-1908.3469554247677,1173.5483906297177,0.0,0.0,1.0,"PatchTST-SSL(HoW-cond, patch-mask train)",Shrew_office_Nora,123,Shrew
25627.859620206906,24840.88014206239,786.9794781445162,-1909.8180858986923,2749.6895719151835,0.0,52.89200787198175,0.8333333333333334,"PatchTST-SSL(HoW-cond, patch-mask train)",Shrew_office_Sherill,123,Shrew
5985.532318891885,11834.971950501258,-5849.4396316093735,-6840.493481450018,991.0538498406444,0.0,0.0,1.0,"PatchTST-SSL(HoW-cond, patch-mask train)",Wolf_office_Darleen,123,Wolf
3685.183824049011,9160.220925635384,-5475.037101586375,-4631.706164925074,443.9055254704007,0.0,1287.2364621317015,0.6666666666666666,"PatchTST-SSL(HoW-cond, patch-mask train)",Wolf_retail_Harriett,123,Wolf
996.5128684599748,1465.0727599937973,-468.5598915338225,-480.28328281870427,210.68858702495595,0.0,198.96519574007425,0.8333333333333334,"PatchTST-SSL(HoW-cond, patch-mask train)",Wolf_retail_Marcella,123,Wolf
10531.67686101833,1509.3555988403857,9022.321262177944,83.09983522644234,8939.221426951503,0.0,0.0,1.0,"PatchTST-SSL(HoW-cond, patch-mask train)",Wolf_retail_Toshia,123,Wolf
1227.887513164695,1071.6130955268477,156.27441763784736,250.5691728481003,89.36890459382872,0.0,183.66365980408145,0.8333333333333334,PatchTST-SSL(HoW-cond),Fox_education_Henrietta,124,Fox
9836.393583866036,3933.661815021208,5902.7317688448275,52.22252435502014,5850.50924448981,0.0,0.0,1.0,PatchTST-SSL(HoW-cond),Fox_retail_Manie,124,Fox
41889.65513420302,71553.59206665159,-29663.936932448567,-19814.88880767865,254.90512485455733,0.0,10103.953249624476,0.6666666666666666,PatchTST-SSL(HoW-cond),Hog_education_Bruno,124,Hog
50610.11359489358,77672.04116808399,-27061.927573190413,-26111.68017452103,41754.186704559994,0.0,42704.43410322937,0.3333333333333333,PatchTST-SSL(HoW-cond),Hog_education_Caridad,124,Hog
17429.308368763366,23086.3827802948,-5657.074411531434,-7245.060576757358,3658.07117888715,0.0,2070.085013661224,0.6666666666666666,PatchTST-SSL(HoW-cond),Hog_education_Josh,124,Hog
123331.87006590934,196142.01313023447,-72810.14306432512,-49173.14631974041,2636.2531976329965,0.0,26273.24994221775,0.5,PatchTST-SSL(HoW-cond),Hog_education_Luvenia,124,Hog
3410.0914533922532,3822.1505231146702,-412.059069722417,-1856.875090019722,1444.8160202973052,0.0,0.0,1.0,PatchTST-SSL(HoW-cond),Hog_office_Almeda,124,Hog
3414.626042667879,2458.980865260216,955.6451774076633,130.42992352257625,1196.7628691128562,0.0,371.5476152277705,0.8333333333333334,PatchTST-SSL(HoW-cond),Hog_office_Cortney,124,Hog
2406.176932592698,7751.822099732965,-5345.645167140267,-3459.9931850122134,1038.5323732151096,0.0,2924.184355343164,0.6666666666666666,PatchTST-SSL(HoW-cond),Hog_office_Denita,124,Hog
20206.051542468667,44468.07323637981,-24262.02169391114,-27728.660668304885,3466.63897439374,0.0,0.0,1.0,PatchTST-SSL(HoW-cond),Hog_office_Garrett,124,Hog
47065.931287801955,18303.91089529943,28762.020392502527,1642.1898598390453,30014.710506165902,0.0,2894.879973502423,0.6666666666666666,PatchTST-SSL(HoW-cond),Hog_office_Lavon,124,Hog
909.4941470483312,1748.4908840950743,-838.9967370467433,-748.3921044623742,71.71057173033263,0.0,162.31520431470176,0.6666666666666666,PatchTST-SSL(HoW-cond),Hog_office_Merilyn,124,Hog
1016.7648896538489,6093.777128499795,-5077.012238845947,-5086.328758806851,93.02421415550717,0.0,83.70769419460251,0.6666666666666666,PatchTST-SSL(HoW-cond),Hog_office_Miriam,124,Hog
19509.651998186902,35152.43654170148,-15642.784543514572,-15423.37337712367,108.03213319432771,0.0,327.44329958523474,0.8333333333333334,PatchTST-SSL(HoW-cond),Hog_office_Napoleon,124,Hog
12602.610913094162,60629.39488884242,-48026.78397574826,-48111.55875783719,84.77478208892771,0.0,0.0,1.0,PatchTST-SSL(HoW-cond),Hog_office_Shawna,124,Hog
26420.001469058137,114047.512877801,-87627.51140874287,-86617.35688607697,1676.8305468522592,0.0,2686.9850695181667,0.8333333333333334,PatchTST-SSL(HoW-cond),Hog_office_Shawnna,124,Hog
6454.001737559783,8119.345045345483,-1665.3433077857007,-1551.6358490747552,333.5299112862108,0.0,447.2373699971544,0.5,PatchTST-SSL(HoW-cond),Hog_office_Sherrie,124,Hog
2946.306416912604,10770.257731199872,-7823.951314287267,-3788.01182464306,698.8921901527777,0.0,4734.831679796986,0.5,PatchTST-SSL(HoW-cond),Hog_office_Shon,124,Hog
2818.790057799252,8856.373652864708,-6037.583595065456,-6943.223091154404,1036.866952905721,0.0,131.22745681677335,0.8333333333333334,PatchTST-SSL(HoW-cond),Hog_office_Sydney,124,Hog
4839.0156527514,8066.392711949027,-3227.377059197627,-3302.755499218153,75.37844002052762,0.0,0.0,1.0,PatchTST-SSL(HoW-cond),Hog_office_Valda,124,Hog
5352.036711335031,7835.65096786847,-2483.6142565334385,-2108.9793961736104,285.245729932794,0.0,659.8805902926218,0.5,PatchTST-SSL(HoW-cond),Lamb_education_Armando,124,Lamb
290.08864795352224,342.0957980453817,-52.00715009185944,-200.24519771824615,148.23804762638676,0.0,0.0,1.0,PatchTST-SSL(HoW-cond),Lamb_education_Eula,124,Lamb
2444.377756837407,2503.5754895937785,-59.19773275637135,-24.31296066281891,1929.3189494494136,0.0,1964.2037215429664,0.3333333333333333,PatchTST-SSL(HoW-cond),Lamb_education_Lazaro,124,Lamb
1222.365953172199,1435.2671199314705,-212.90116675927152,-476.14601712197566,308.1393623735233,0.0,44.89451201081894,0.8333333333333334,PatchTST-SSL(HoW-cond),Lamb_education_Lucas,124,Lamb
7482.124835185038,8105.260647408084,-623.1358122230458,-4123.29687722781,3500.1610650047633,0.0,0.0,1.0,PatchTST-SSL(HoW-cond),Lamb_education_Mae,124,Lamb
2802.1825614300715,6555.499887271258,-3753.317325841186,-3962.039496391266,208.7221705500799,0.0,0.0,1.0,PatchTST-SSL(HoW-cond),Lamb_education_Williams,124,Lamb
3775.583472904458,3288.8227186136746,486.7607542907835,-308.6318511597242,1295.1473869402428,0.0,499.75478148973514,0.8333333333333334,PatchTST-SSL(HoW-cond),Lamb_office_Caitlin,124,Lamb
10750.888276216096,13055.727673021716,-2304.839396805619,-5625.571792777118,3320.7323959715004,0.0,0.0,1.0,PatchTST-SSL(HoW-cond),Lamb_office_Velma,124,Lamb
6102.798793944577,4143.872749149511,1958.9260447950655,-2245.556126713009,4204.482171508074,0.0,0.0,1.0,PatchTST-SSL(HoW-cond),Rat_retail_Jeffrey,124,Rat
50807.96115975564,66863.09876409886,-16055.137604343216,-16373.506723542125,552.6109223873777,0.0,234.24180318846012,0.8333333333333334,PatchTST-SSL(HoW-cond),Robin_education_Zenia,124,Robin
1516.1408971595024,3371.2383859812226,-1855.09748882172,-1901.7575366419387,46.66004782021837,0.0,0.0,1.0,PatchTST-SSL(HoW-cond),Robin_office_Dina,124,Robin
9689.71151607839,22205.525251411033,-12515.813735332642,-12993.872055992457,761.743555626831,0.0,283.6852349670226,0.8333333333333334,PatchTST-SSL(HoW-cond),Robin_office_Sammie,124,Robin
22800.643484871325,53975.82450301497,-31175.181018143645,-31232.657607251804,57.4765891081592,0.0,0.0,1.0,PatchTST-SSL(HoW-cond),Shrew_office_Doris,124,Shrew
3564.0668324955564,26468.99365643747,-22904.92682394191,-23674.7605150073,769.8336910653874,0.0,0.0,1.0,PatchTST-SSL(HoW-cond),Shrew_office_Ila,124,Shrew
2063.463330489765,4927.278510300542,-2863.8151798107765,-3124.1654916306697,260.35031181989297,0.0,0.0,1.0,PatchTST-SSL(HoW-cond),Shrew_office_Kenneth,124,Shrew
28075.48874687522,46105.69868921953,-18030.209942344307,-18348.243747419285,318.03380507498065,0.0,0.0,1.0,PatchTST-SSL(HoW-cond),Shrew_office_Nora,124,Shrew
9398.858038194234,31230.57084805163,-21831.712809857396,-21602.716011927667,753.0425310338272,0.0,982.0393289635584,0.8333333333333334,PatchTST-SSL(HoW-cond),Shrew_office_Sherill,124,Shrew
3927.9774158034897,13227.415339689573,-9299.437923886082,-9863.036926479845,563.5990025937593,0.0,0.0,1.0,PatchTST-SSL(HoW-cond),Wolf_office_Darleen,124,Wolf
3280.28382375494,4697.6837304287565,-1417.3999066738163,-1000.0961049511702,624.2467666425388,0.0,1041.5505683651843,0.5,PatchTST-SSL(HoW-cond),Wolf_retail_Harriett,124,Wolf
555.380904927279,1359.864499848302,-804.4835949210232,-876.6391589438554,72.15556402283215,0.0,0.0,1.0,PatchTST-SSL(HoW-cond),Wolf_retail_Marcella,124,Wolf
6889.328837846431,3739.995106553061,3149.333731293371,-407.11344195079573,3556.4471732441652,0.0,0.0,1.0,PatchTST-SSL(HoW-cond),Wolf_retail_Toshia,124,Wolf
951.1581221863884,1071.6130955268477,-120.45497334045932,-76.58631353637804,139.795,0.0,183.66365980408145,0.8333333333333334,HOW-profile(HoW-cond),Fox_education_Henrietta,124,Fox
12123.90293528732,3933.661815021208,8190.24112026611,894.4911202661083,7295.750000000001,0.0,0.0,1.0,HOW-profile(HoW-cond),Fox_retail_Manie,124,Fox
38445.307343592394,71553.59206665159,-33108.284723059194,-22726.40530124404,21.363000000000028,0.0,10403.242421815155,0.5,HOW-profile(HoW-cond),Hog_education_Bruno,124,Hog
46104.12893681905,77672.04116808399,-31567.91223126494,-42960.543861183265,27537.951500000003,0.0,16145.319870081665,0.5,HOW-profile(HoW-cond),Hog_education_Caridad,124,Hog
18095.002382762246,23086.3827802948,-4991.380397532554,-7200.672025932186,3684.744,0.0,1475.452371600362,0.8333333333333334,HOW-profile(HoW-cond),Hog_education_Josh,124,Hog
139035.74374360655,196142.01313023447,-57106.269386627915,-33959.45944441017,3126.44,0.0,26273.24994221775,0.5,HOW-profile(HoW-cond),Hog_education_Luvenia,124,Hog
4619.7068769736425,3822.1505231146702,797.5563538589722,-1457.9011461410282,2255.4574999999995,0.0,0.0,1.0,HOW-profile(HoW-cond),Hog_office_Almeda,124,Hog
3183.280995670335,2458.980865260216,724.300130410119,-305.7023695898811,1030.0025000000005,0.0,0.0,1.0,HOW-profile(HoW-cond),Hog_office_Cortney,124,Hog
1830.0137654377031,7751.822099732965,-5921.808334295262,-3184.9269789520986,187.30299999999997,0.0,2924.184355343164,0.6666666666666666,HOW-profile(HoW-cond),Hog_office_Denita,124,Hog
23978.98670195835,44468.07323637981,-20489.086534421454,-22317.281034421456,1828.1945,0.0,0.0,1.0,HOW-profile(HoW-cond),Hog_office_Garrett,124,Hog
50459.67306871782,18303.91089529943,32155.762173418392,268.953896920817,34781.68825,0.0,2894.879973502423,0.6666666666666666,HOW-profile(HoW-cond),Hog_office_Lavon,124,Hog
672.15322046106,1748.4908840950743,-1076.3376636340145,-930.1484593193128,16.126,0.0,162.31520431470176,0.6666666666666666,HOW-profile(HoW-cond),Hog_office_Merilyn,124,Hog
433.66490629446946,6093.777128499795,-5660.112222205325,-5594.829028010723,18.4245,0.0,83.70769419460251,0.6666666666666666,HOW-profile(HoW-cond),Hog_office_Miriam,124,Hog
16815.3957328496,35152.43654170148,-18337.04080885188,-18225.873509266643,216.276,0.0,327.44329958523474,0.8333333333333334,HOW-profile(HoW-cond),Hog_office_Napoleon,124,Hog
21565.77239596181,60629.39488884242,-39063.62249288061,-35603.19170937323,0.0,0.0,3460.430783507374,0.8333333333333334,HOW-profile(HoW-cond),Hog_office_Shawna,124,Hog
34145.68441188464,114047.512877801,-79901.82846591636,-82139.81896591636,2237.9905000000003,0.0,0.0,1.0,HOW-profile(HoW-cond),Hog_office_Shawnna,124,Hog
5586.21995569379,8119.345045345483,-2533.125089651693,-2195.687979195279,405.403,0.0,742.8401104564151,0.5,HOW-profile(HoW-cond),Hog_office_Sherrie,124,Hog
2783.7851363107493,10770.257731199872,-7986.472594889123,-6713.5430728883985,724.756,0.0,1997.6855220007235,0.6666666666666666,HOW-profile(HoW-cond),Hog_office_Shon,124,Hog
3015.3458332722703,8856.373652864708,-5841.0278195924375,-6691.545112775663,981.7447499999998,0.0,131.22745681677335,0.8333333333333334,HOW-profile(HoW-cond),Hog_office_Sydney,124,Hog
5191.472454135293,8066.392711949027,-2874.9202578137338,-2952.6457578137342,77.7255,0.0,0.0,1.0,HOW-profile(HoW-cond),Hog_office_Valda,124,Hog
5395.844444567694,7835.65096786847,-2439.8065233007756,-2711.94602458453,350.85,0.0,78.71049871624693,0.6666666666666666,HOW-profile(HoW-cond),Lamb_education_Armando,124,Lamb
311.93811260149266,342.0957980453817,-30.157685443889022,-184.40258544388905,154.24490000000003,0.0,0.0,1.0,HOW-profile(HoW-cond),Lamb_education_Eula,124,Lamb
1375.4683121127996,2503.5754895937785,-1128.1071774809789,-55.55345593801212,891.6499999999999,0.0,1964.2037215429664,0.3333333333333333,HOW-profile(HoW-cond),Lamb_education_Lazaro,124,Lamb
1440.303499864814,1435.2671199314705,5.036379933343596,-334.05962006665663,339.09599999999995,0.0,0.0,1.0,HOW-profile(HoW-cond),Lamb_education_Lucas,124,Lamb
6735.969079314025,8105.260647408084,-1369.291568094059,-3696.891568094058,2327.6,0.0,0.0,1.0,HOW-profile(HoW-cond),Lamb_education_Mae,124,Lamb
3658.8352992690934,6555.499887271258,-2896.664588002164,-3181.764588002164,285.1,0.0,0.0,1.0,HOW-profile(HoW-cond),Lamb_education_Williams,124,Lamb
5997.697331125031,3288.8227186136746,2708.8746125113566,798.1237891967635,2456.45,0.0,545.699176685407,0.6666666666666666,HOW-profile(HoW-cond),Lamb_office_Caitlin,124,Lamb
12058.463987022911,13055.727673021716,-997.2636859988052,-3729.713685998806,2732.45,0.0,0.0,1.0,HOW-profile(HoW-cond),Lamb_office_Velma,124,Lamb
6625.706452061106,4143.872749149511,2481.833702911594,-1895.2462970884053,4377.08,0.0,0.0,1.0,HOW-profile(HoW-cond),Rat_retail_Jeffrey,124,Rat
47195.44436685523,66863.09876409886,-19667.65439724363,-20849.813583276788,1520.1819000000005,0.0,338.02271396684495,0.6666666666666666,HOW-profile(HoW-cond),Robin_education_Zenia,124,Robin
1891.1255566239397,3371.2383859812226,-1480.112829357283,-1626.0488293572837,145.936,0.0,0.0,1.0,HOW-profile(HoW-cond),Robin_office_Dina,124,Robin
9634.165273666882,22205.525251411033,-12571.35997774415,-12851.762492777129,564.08775,0.0,283.6852349670226,0.8333333333333334,HOW-profile(HoW-cond),Robin_office_Sammie,124,Robin
26079.81705172964,53975.82450301497,-27896.00745128533,-27492.623417535997,89.25000000000003,0.0,492.6340337493294,0.8333333333333334,HOW-profile(HoW-cond),Shrew_office_Doris,124,Shrew
3586.9889407449273,26468.99365643747,-22882.004715692543,-23814.304715692542,932.3,0.0,0.0,1.0,HOW-profile(HoW-cond),Shrew_office_Ila,124,Shrew
1967.2316390775784,4927.278510300542,-2960.046871222963,-3097.5968712229633,137.54999999999998,0.0,0.0,1.0,HOW-profile(HoW-cond),Shrew_office_Kenneth,124,Shrew
35971.36009955149,46105.69868921953,-10134.338589668034,-10682.938589668032,548.5999999999999,0.0,0.0,1.0,HOW-profile(HoW-cond),Shrew_office_Nora,124,Shrew
16036.015858800258,31230.57084805163,-15194.554989251372,-15464.915660287816,1252.4,0.0,982.0393289635584,0.8333333333333334,HOW-profile(HoW-cond),Shrew_office_Sherill,124,Shrew
6863.008393609303,13227.415339689573,-6364.406946080269,-6998.406946080269,634.0,0.0,0.0,1.0,HOW-profile(HoW-cond),Wolf_office_Darleen,124,Wolf
4183.163900760911,4697.6837304287565,-514.5198296678454,-1605.6686427525651,1200.61825,0.0,109.46943691528074,0.8333333333333334,HOW-profile(HoW-cond),Wolf_retail_Harriett,124,Wolf
836.2994432437629,1359.864499848302,-523.5650566045392,-689.8600566045392,166.29500000000002,0.0,0.0,1.0,HOW-profile(HoW-cond),Wolf_retail_Marcella,124,Wolf
7495.368977596535,3739.995106553061,3755.3738710434745,-404.26078553422985,4355.678749999999,0.0,196.04409342229565,0.8333333333333334,HOW-profile(HoW-cond),Wolf_retail_Toshia,124,Wolf
1769.407713881697,1071.6130955268477,697.7946183548493,562.582555862066,318.8757222968645,0.0,183.66365980408145,0.8333333333333334,TOWT(HoW-cond),Fox_education_Henrietta,124,Fox
10536.449735078952,3933.661815021208,6602.7879200577445,265.57890719149736,6337.209012866248,0.0,0.0,1.0,TOWT(HoW-cond),Fox_retail_Manie,124,Fox
35382.4826243101,71553.59206665159,-36171.10944234149,-27182.76315507507,1414.8961345487414,0.0,10403.242421815155,0.5,TOWT(HoW-cond),Hog_education_Bruno,124,Hog
15563.543837763407,77672.04116808399,-62108.497330320584,-28509.196265257517,9105.13303816631,0.0,42704.43410322937,0.3333333333333333,TOWT(HoW-cond),Hog_education_Caridad,124,Hog
18473.797102650344,23086.3827802948,-4612.585677644456,-8101.405518668234,5558.904854685002,0.0,2070.085013661224,0.6666666666666666,TOWT(HoW-cond),Hog_education_Josh,124,Hog
135225.911651995,196142.01313023447,-60916.10147823946,-37442.910094856576,2800.058558834822,0.0,26273.24994221775,0.5,TOWT(HoW-cond),Hog_education_Luvenia,124,Hog
4126.0278991521045,3822.1505231146702,303.87737603743426,-1632.261465126172,1936.1388411636065,0.0,0.0,1.0,TOWT(HoW-cond),Hog_office_Almeda,124,Hog
3280.4441549945095,2458.980865260216,821.4632897342935,-365.2614693320761,1186.72475906637,0.0,0.0,1.0,TOWT(HoW-cond),Hog_office_Cortney,124,Hog
1655.464419375587,7751.822099732965,-6096.357680357378,-3217.2510365848993,45.07771157068491,0.0,2924.184355343164,0.6666666666666666,TOWT(HoW-cond),Hog_office_Denita,124,Hog
12157.387605490903,44468.07323637981,-32310.685630888904,-24329.499929375284,0.0,0.0,7981.185701513623,0.6666666666666666,TOWT(HoW-cond),Hog_office_Garrett,124,Hog
16922.31843954491,18303.91089529943,-1381.5924557545186,1717.279564658209,1367.193193939897,0.0,4466.065214352623,0.5,TOWT(HoW-cond),Hog_office_Lavon,124,Hog
1532.9053843659424,1748.4908840950743,-215.58549972913215,-201.44006754355473,148.1697721291244,0.0,162.31520431470176,0.6666666666666666,TOWT(HoW-cond),Hog_office_Merilyn,124,Hog
1217.0129756414938,6093.777128499795,-4876.764152858302,-4835.754279867674,42.697821203974925,0.0,83.70769419460251,0.6666666666666666,TOWT(HoW-cond),Hog_office_Miriam,124,Hog
15982.443466511271,35152.43654170148,-19169.993075190207,-19014.719340943113,172.1695653381388,0.0,327.44329958523474,0.8333333333333334,TOWT(HoW-cond),Hog_office_Napoleon,124,Hog
18580.687343115307,60629.39488884242,-42048.70754572711,-42048.70754572711,0.0,0.0,0.0,1.0,TOWT(HoW-cond),Hog_office_Shawna,124,Hog
21742.330511740805,114047.512877801,-92305.1823660602,-87988.7849859312,710.5131097105016,0.0,5026.910489839525,0.6666666666666666,TOWT(HoW-cond),Hog_office_Shawnna,124,Hog
4502.799037564981,8119.345045345483,-3616.546007780503,-3620.89840293495,451.58976515160174,0.0,447.2373699971544,0.5,TOWT(HoW-cond),Hog_office_Sherrie,124,Hog
1671.2691354038463,10770.257731199872,-9098.988595796023,-7470.833470691703,369.5303968964009,0.0,1997.6855220007235,0.6666666666666666,TOWT(HoW-cond),Hog_office_Shon,124,Hog
3772.365935988178,8856.373652864708,-5084.007716876529,-5640.133182319243,687.3529222594889,0.0,131.22745681677335,0.8333333333333334,TOWT(HoW-cond),Hog_office_Sydney,124,Hog
5032.335047927514,8066.392711949027,-3034.057664021513,-3074.9724748999015,40.91481087838801,0.0,0.0,1.0,TOWT(HoW-cond),Hog_office_Valda,124,Hog
1975.6991178343264,7835.65096786847,-5859.951850034144,-5216.045667197847,15.974407456326247,0.0,659.8805902926218,0.5,TOWT(HoW-cond),Lamb_education_Armando,124,Lamb
373.1678757313776,342.0957980453817,31.072077685995907,-110.18227499968634,141.25435268568222,0.0,0.0,1.0,TOWT(HoW-cond),Lamb_education_Eula,124,Lamb
2499.8774774394315,2503.5754895937785,-3.6980121543469977,-52.10934023944145,2012.615049628061,0.0,1964.2037215429664,0.3333333333333333,TOWT(HoW-cond),Lamb_education_Lazaro,124,Lamb
858.5468833512218,1435.2671199314705,-576.7202365802486,-751.8466247501419,220.02090018071237,0.0,44.89451201081894,0.8333333333333334,TOWT(HoW-cond),Lamb_education_Lucas,124,Lamb
2029.9287669734765,8105.260647408084,-6075.331880434607,-3209.437646598398,92.83042883167528,0.0,2958.7246626678852,0.8333333333333334,TOWT(HoW-cond),Lamb_education_Mae,124,Lamb
2461.7332280618575,6555.499887271258,-4093.7666592094,-4483.700816807053,389.9341575976543,0.0,0.0,1.0,TOWT(HoW-cond),Lamb_education_Williams,124,Lamb
4652.55175646979,3288.8227186136746,1363.7290378561156,1.93073335586314,2082.3626201235234,0.0,720.5643156232711,0.5,TOWT(HoW-cond),Lamb_office_Caitlin,124,Lamb
9054.171526745358,13055.727673021716,-4001.556146276358,-5694.066206099142,1697.539827653428,0.0,5.02976783064522,0.8333333333333334,TOWT(HoW-cond),Lamb_office_Velma,124,Lamb
4593.326738748742,4143.872749149511,449.45398959923114,-2133.0914504525663,3192.840739000844,0.0,610.2952989490467,0.8333333333333334,TOWT(HoW-cond),Rat_retail_Jeffrey,124,Rat
47971.932848472075,66863.09876409886,-18891.165915626785,-20350.20544053032,1797.0622388703823,0.0,338.02271396684495,0.6666666666666666,TOWT(HoW-cond),Robin_education_Zenia,124,Robin
1473.084139727053,3371.2383859812226,-1898.1542462541695,-2025.727543746213,127.57329749204322,0.0,0.0,1.0,TOWT(HoW-cond),Robin_office_Dina,124,Robin
7933.633208053579,22205.525251411033,-14271.892043357451,-14243.168448296046,254.96163990561536,0.0,283.6852349670226,0.8333333333333334,TOWT(HoW-cond),Robin_office_Sammie,124,Robin
25871.702417063512,53975.82450301497,-28104.122085951454,-28255.82257497787,151.70048902641554,0.0,0.0,1.0,TOWT(HoW-cond),Shrew_office_Doris,124,Shrew
5337.781831289799,26468.99365643747,-21131.21182514767,-21456.33921795153,325.12739280385426,0.0,0.0,1.0,TOWT(HoW-cond),Shrew_office_Ila,124,Shrew
1500.3585131714551,4927.278510300542,-3426.9199971290864,-3469.422833517635,42.502836388548424,0.0,0.0,1.0,TOWT(HoW-cond),Shrew_office_Kenneth,124,Shrew
36076.9252742685,46105.69868921953,-10028.773414951029,-10605.31863165312,576.5452167020967,0.0,0.0,1.0,TOWT(HoW-cond),Shrew_office_Nora,124,Shrew
14759.452056500277,31230.57084805163,-16471.118791551355,-16825.864381205458,1336.7849186176604,0.0,982.0393289635584,0.8333333333333334,TOWT(HoW-cond),Shrew_office_Sherill,124,Shrew
6334.978633799154,13227.415339689573,-6892.436705890419,-7380.953977407904,488.5172715174861,0.0,0.0,1.0,TOWT(HoW-cond),Wolf_office_Darleen,124,Wolf
3911.306304241488,4697.6837304287565,-786.3774261872682,-1880.1151888186887,1203.2071995467002,0.0,109.46943691528074,0.8333333333333334,TOWT(HoW-cond),Wolf_retail_Harriett,124,Wolf
826.750309351149,1359.864499848302,-533.1141904971531,-708.0336990614343,174.91950856428116,0.0,0.0,1.0,TOWT(HoW-cond),Wolf_retail_Marcella,124,Wolf
7083.196613815807,3739.995106553061,3343.2015072627464,-716.9186613777101,4060.120168640456,0.0,0.0,1.0,TOWT(HoW-cond),Wolf_retail_Toshia,124,Wolf
1538.2192871835205,1071.6130955268477,466.6061916566728,421.60151402230497,228.6683374384496,0.0,183.66365980408145,0.8333333333333334,"PatchTST-SSL(HoW-cond, patch-mask train)",Fox_education_Henrietta,124,Fox
10935.185222367783,3933.661815021208,7001.523407346576,592.2824812322383,6409.240926114338,0.0,0.0,1.0,"PatchTST-SSL(HoW-cond, patch-mask train)",Fox_retail_Manie,124,Fox
42618.42958761846,71553.59206665159,-28935.16247903313,-18688.120443403808,156.20038618583385,0.0,10403.242421815155,0.5,"PatchTST-SSL(HoW-cond, patch-mask train)",Hog_education_Bruno,124,Hog
54334.786102242215,77672.04116808399,-23337.255065841775,-42628.51995530496,35436.58475954485,0.0,16145.319870081665,0.5,"PatchTST-SSL(HoW-cond, patch-mask train)",Hog_education_Caridad,124,Hog
17470.448633477048,23086.3827802948,-5615.934146817752,-8147.091864657814,4006.610089440426,0.0,1475.452371600362,0.8333333333333334,"PatchTST-SSL(HoW-cond, patch-mask train)",Hog_education_Josh,124,Hog
127936.60138289072,196142.01313023447,-68205.41174734375,-44837.51421535791,2905.3524102318684,0.0,26273.24994221775,0.5,"PatchTST-SSL(HoW-cond, patch-mask train)",Hog_education_Luvenia,124,Hog
3025.5435080112547,3822.1505231146702,-796.6070151034155,-2001.0586998554072,1204.4516847519917,0.0,0.0,1.0,"PatchTST-SSL(HoW-cond, patch-mask train)",Hog_office_Almeda,124,Hog
3786.694516620524,2458.980865260216,1327.7136513603075,67.37446487842317,1631.8868017096545,0.0,371.5476152277705,0.8333333333333334,"PatchTST-SSL(HoW-cond, patch-mask train)",Hog_office_Cortney,124,Hog
1720.0054778704664,7751.822099732965,-6031.816621862499,-3760.389710625775,652.7574441064405,0.0,2924.184355343164,0.6666666666666666,"PatchTST-SSL(HoW-cond, patch-mask train)",Hog_office_Denita,124,Hog
16955.65165087042,44468.07323637981,-27512.42158550939,-29339.71246842856,1827.2908829191672,0.0,0.0,1.0,"PatchTST-SSL(HoW-cond, patch-mask train)",Hog_office_Garrett,124,Hog
40369.788331810174,18303.91089529943,22065.877436510746,-101.40245846807557,25062.15986848124,0.0,2894.879973502423,0.6666666666666666,"PatchTST-SSL(HoW-cond, patch-mask train)",Hog_office_Lavon,124,Hog
785.4656265423733,1748.4908840950743,-963.0252575527012,-831.1748735205614,30.46482028256187,0.0,162.31520431470176,0.6666666666666666,"PatchTST-SSL(HoW-cond, patch-mask train)",Hog_office_Merilyn,124,Hog
996.532567850823,6093.777128499795,-5097.244560648972,-5100.790727694106,87.2538612397361,0.0,83.70769419460251,0.6666666666666666,"PatchTST-SSL(HoW-cond, patch-mask train)",Hog_office_Miriam,124,Hog
17021.77828744128,35152.43654170148,-18130.658254260197,-17902.12544380593,98.91048913096714,0.0,327.44329958523474,0.8333333333333334,"PatchTST-SSL(HoW-cond, patch-mask train)",Hog_office_Napoleon,124,Hog
14106.341758568238,60629.39488884242,-46523.05313027418,-46523.05313027418,0.0,0.0,0.0,1.0,"PatchTST-SSL(HoW-cond, patch-mask train)",Hog_office_Shawna,124,Hog
27352.017072599447,114047.512877801,-86695.49580520156,-85470.05535049835,1461.544614814948,0.0,2686.9850695181667,0.8333333333333334,"PatchTST-SSL(HoW-cond, patch-mask train)",Hog_office_Shawnna,124,Hog
6198.1544092077,8119.345045345483,-1921.1906361377833,-1505.6266887238935,331.6233978952873,0.0,747.1873453091762,0.3333333333333333,"PatchTST-SSL(HoW-cond, patch-mask train)",Hog_office_Sherrie,124,Hog
2820.3292749430866,10770.257731199872,-7949.9284562567855,-6669.62593476062,717.3830005045584,0.0,1997.6855220007235,0.6666666666666666,"PatchTST-SSL(HoW-cond, patch-mask train)",Hog_office_Shon,124,Hog
2543.5530931520725,8856.373652864708,-6312.820559712635,-7130.015855984606,948.4227530887454,0.0,131.22745681677335,0.8333333333333334,"PatchTST-SSL(HoW-cond, patch-mask train)",Hog_office_Sydney,124,Hog
4876.193829194567,8066.392711949027,-3190.19888275446,-3256.07393008337,65.8750473289102,0.0,0.0,1.0,"PatchTST-SSL(HoW-cond, patch-mask train)",Hog_office_Valda,124,Hog
3939.477915899922,7835.65096786847,-3896.173051968547,-3277.9165010145416,41.6240393386168,0.0,659.8805902926218,0.5,"PatchTST-SSL(HoW-cond, patch-mask train)",Lamb_education_Armando,124,Lamb
360.5868479278058,342.0957980453817,18.491049882424136,-123.20724719877248,141.69829708119664,0.0,0.0,1.0,"PatchTST-SSL(HoW-cond, patch-mask train)",Lamb_education_Eula,124,Lamb
3703.883591666661,2503.5754895937785,1200.3081020728823,-28.648759871812388,3193.160583487661,0.0,1964.2037215429664,0.3333333333333333,"PatchTST-SSL(HoW-cond, patch-mask train)",Lamb_education_Lazaro,124,Lamb
1273.3878034633308,1435.2671199314705,-161.87931646813968,-491.8172348111053,329.93791834296525,0.0,0.0,1.0,"PatchTST-SSL(HoW-cond, patch-mask train)",Lamb_education_Lucas,124,Lamb
8009.859147136947,8105.260647408084,-95.40150027113668,-3883.0193334729784,3787.6178332018426,0.0,0.0,1.0,"PatchTST-SSL(HoW-cond, patch-mask train)",Lamb_education_Mae,124,Lamb
3021.394848873284,6555.499887271258,-3534.1050383979737,-3920.5081863908154,386.4031479928414,0.0,0.0,1.0,"PatchTST-SSL(HoW-cond, patch-mask train)",Lamb_education_Williams,124,Lamb
4280.370353791986,3288.8227186136746,991.5476351783118,128.069958004789,1363.232458663259,0.0,499.75478148973514,0.8333333333333334,"PatchTST-SSL(HoW-cond, patch-mask train)",Lamb_office_Caitlin,124,Lamb
11043.541535505956,13055.727673021716,-2012.1861375157605,-4859.795090284282,2847.608952768524,0.0,0.0,1.0,"PatchTST-SSL(HoW-cond, patch-mask train)",Lamb_office_Velma,124,Lamb
5923.253685429531,4143.872749149511,1779.3809362800205,-2275.4873073911367,4054.868243671156,0.0,0.0,1.0,"PatchTST-SSL(HoW-cond, patch-mask train)",Rat_retail_Jeffrey,124,Rat
48691.85324773828,66863.09876409886,-18171.245516360577,-18272.413759861083,335.4100466889686,0.0,234.24180318846012,0.8333333333333334,"PatchTST-SSL(HoW-cond, patch-mask train)",Robin_education_Zenia,124,Robin
1555.714421985948,3371.2383859812226,-1815.5239639952747,-1874.7810373069372,59.25707331166245,0.0,0.0,1.0,"PatchTST-SSL(HoW-cond, patch-mask train)",Robin_office_Dina,124,Robin
11555.873849076894,22205.525251411033,-10649.65140233414,-11657.382246976824,1291.4160796097074,0.0,283.6852349670226,0.8333333333333334,"PatchTST-SSL(HoW-cond, patch-mask train)",Robin_office_Sammie,124,Robin
25557.70593427799,53975.82450301497,-28418.11856873698,-28442.21913442625,24.100565689269892,0.0,0.0,1.0,"PatchTST-SSL(HoW-cond, patch-mask train)",Shrew_office_Doris,124,Shrew
3435.1126977846307,26468.99365643747,-23033.880958652837,-19687.57398484135,1275.2492237144147,0.0,4621.5561975259025,0.8333333333333334,"PatchTST-SSL(HoW-cond, patch-mask train)",Shrew_office_Ila,124,Shrew
2050.9872690831944,4927.278510300542,-2876.2912412173473,-3101.5218694295863,225.2306282122392,0.0,0.0,1.0,"PatchTST-SSL(HoW-cond, patch-mask train)",Shrew_office_Kenneth,124,Shrew
38076.00630222904,46105.69868921953,-8029.692386990486,-8373.712315497804,344.01992850732177,0.0,0.0,1.0,"PatchTST-SSL(HoW-cond, patch-mask train)",Shrew_office_Nora,124,Shrew
11472.634499528023,31230.57084805163,-19757.936348523603,-19691.764231673813,915.8672121137676,0.0,982.0393289635584,0.8333333333333334,"PatchTST-SSL(HoW-cond, patch-mask train)",Shrew_office_Sherill,124,Shrew
4453.075576552419,13227.415339689573,-8774.339763137154,-9523.139954686736,748.8001915495819,0.0,0.0,1.0,"PatchTST-SSL(HoW-cond, patch-mask train)",Wolf_office_Darleen,124,Wolf
3599.3966302117665,4697.6837304287565,-1098.28710021699,-921.0383813945982,847.4901449444633,0.0,1024.7388637668546,0.6666666666666666,"PatchTST-SSL(HoW-cond, patch-mask train)",Wolf_retail_Harriett,124,Wolf
767.3177703284036,1359.864499848302,-592.5467295198985,-741.2476162869452,148.7008867670466,0.0,0.0,1.0,"PatchTST-SSL(HoW-cond, patch-mask train)",Wolf_retail_Marcella,124,Wolf
7948.131160726052,3739.995106553061,4208.136054172992,-384.56521761850536,4592.701271791496,0.0,0.0,1.0,"PatchTST-SSL(HoW-cond, patch-mask train)",Wolf_retail_Toshia,124,Wolf
2062.0193397650414,3429.9159208458523,-1367.8965810808108,-1209.795258825388,520.9830096275759,0.0,679.0843318829989,0.5,PatchTST-SSL(HoW-cond),Fox_education_Henrietta,125,Fox
7646.565327763023,9611.042320833132,-1964.4769930701095,-6586.291870044189,5048.476824074845,0.0,426.66194710076456,0.8333333333333334,PatchTST-SSL(HoW-cond),Fox_retail_Manie,125,Fox
33447.176426166145,31961.536979511395,1485.63944665475,-521.7724509137079,2011.1815716879123,0.0,3.769674119454777,0.8333333333333334,PatchTST-SSL(HoW-cond),Hog_education_Bruno,125,Hog
55265.27600241967,124296.81358458528,-69031.53758216559,-83866.05773295551,14834.520150789904,0.0,0.0,1.0,PatchTST-SSL(HoW-cond),Hog_education_Caridad,125,Hog
10272.25669480454,20112.63349647996,-9840.376801675422,-12818.651540155255,2990.0594174911207,0.0,11.784679011288034,0.8333333333333334,PatchTST-SSL(HoW-cond),Hog_education_Josh,125,Hog
7063.380075256735,18361.935079844745,-11298.55500458801,-13906.938526825736,2608.383522237727,0.0,0.0,1.0,PatchTST-SSL(HoW-cond),Hog_education_Luvenia,125,Hog
6677.394323167804,16827.974858432746,-10150.580535264942,-10337.92039238888,477.6956791046775,0.0,290.3558219807369,0.8333333333333334,PatchTST-SSL(HoW-cond),Hog_office_Almeda,125,Hog
3640.845867090049,4532.6549373282905,-891.8090702382415,-1629.487919683114,737.6788494448726,0.0,0.0,1.0,PatchTST-SSL(HoW-cond),Hog_office_Cortney,125,Hog
5768.010713043039,12689.980941508116,-6921.9702284650775,-6575.084188603386,264.14355165140984,0.0,611.0295915131015,0.6666666666666666,PatchTST-SSL(HoW-cond),Hog_office_Denita,125,Hog
26226.156454369553,58234.28616826703,-32008.129713897473,-35020.95284903639,3012.8231351389163,0.0,0.0,1.0,PatchTST-SSL(HoW-cond),Hog_office_Garrett,125,Hog
31504.39112661524,8633.597687879219,22870.793438736026,465.78991662587214,25636.65574925929,0.0,3231.6522271491413,0.5,PatchTST-SSL(HoW-cond),Hog_office_Lavon,125,Hog
1176.6288744025928,7326.583547960754,-6149.954673558161,-6017.714011584901,50.51455109170695,0.0,182.75521306496756,0.8333333333333334,PatchTST-SSL(HoW-cond),Hog_office_Merilyn,125,Hog
385.3779832066161,1029.314616935383,-643.9366337287665,3.95916198956445,89.29572894206044,0.0,737.1915246603915,0.6666666666666666,PatchTST-SSL(HoW-cond),Hog_office_Miriam,125,Hog
2906.203807342159,6745.121077239119,-3838.91726989696,-5105.432118433565,1266.5148485366044,0.0,0.0,1.0,PatchTST-SSL(HoW-cond),Hog_office_Napoleon,125,Hog
6591.273480058196,7145.35790752264,-554.0844274644442,-3636.645554731165,3553.2259076692944,0.0,470.6647804025732,0.6666666666666666,PatchTST-SSL(HoW-cond),Hog_office_Shawna,125,Hog
6122.204736809995,17151.51100091407,-11029.306264104074,-10243.735582349756,1141.0085558058377,0.0,1926.5792375601536,0.8333333333333334,PatchTST-SSL(HoW-cond),Hog_office_Shawnna,125,Hog
11487.157275957472,17234.563596141936,-5747.406320184464,-4542.844900823773,23.741049698939573,0.0,1228.302469059633,0.6666666666666666,PatchTST-SSL(HoW-cond),Hog_office_Sherrie,125,Hog
12597.945046092633,24741.12685176349,-12143.181805670858,-12648.471052816823,722.0177864065397,0.0,216.7285392605703,0.8333333333333334,PatchTST-SSL(HoW-cond),Hog_office_Shon,125,Hog
12483.030870847757,23441.68382587528,-10958.652955027525,-11054.436333423566,216.13586446118936,0.0,120.35248606515016,0.8333333333333334,PatchTST-SSL(HoW-cond),Hog_office_Sydney,125,Hog
2250.8828210707934,3922.517846400864,-1671.635025330071,-909.2393765953044,247.05907963359687,0.0,1009.4547283683634,0.3333333333333333,PatchTST-SSL(HoW-cond),Hog_office_Valda,125,Hog
2869.251662858618,5382.032691153235,-2512.7810282946166,-2760.0649427917033,248.47738908005184,0.0,1.1934745829660691,0.8333333333333334,PatchTST-SSL(HoW-cond),Lamb_education_Armando,125,Lamb
233.6638007933921,207.7952324729355,25.868568320456603,-53.14770665448182,89.11770551955728,0.0,10.101430544618829,0.8333333333333334,PatchTST-SSL(HoW-cond),Lamb_education_Eula,125,Lamb
2944.3159197248606,3762.1009191331113,-817.7849994082508,-2068.7901259441105,2359.0295045102825,0.0,1108.024377974422,0.5,PatchTST-SSL(HoW-cond),Lamb_education_Lazaro,125,Lamb
810.3866851198648,588.3998877351698,221.9867973846949,-220.2876373673904,442.2744347520852,0.0,0.0,1.0,PatchTST-SSL(HoW-cond),Lamb_education_Lucas,125,Lamb
6065.419437781541,8702.42917113363,-2637.009733352089,-2949.8749989154812,1190.4066661582665,0.0,877.5414005948726,0.8333333333333334,PatchTST-SSL(HoW-cond),Lamb_education_Mae,125,Lamb
2854.879200440428,2374.9470238222984,479.9321766181297,-317.758736598842,797.6909132169716,0.0,0.0,1.0,PatchTST-SSL(HoW-cond),Lamb_education_Williams,125,Lamb
2557.4197825689,6403.871369081912,-3846.451586513013,-4973.750433667722,1783.9591533825364,0.0,656.6603062278259,0.8333333333333334,PatchTST-SSL(HoW-cond),Lamb_office_Caitlin,125,Lamb
10720.806360964289,14529.542282734534,-3808.735921770245,-5908.404232865607,3077.4060091223473,0.0,977.7376980269868,0.8333333333333334,PatchTST-SSL(HoW-cond),Lamb_office_Velma,125,Lamb
6599.938777821491,7743.574349620855,-1143.6355717993638,-4535.40244026562,3391.7668684662563,0.0,0.0,1.0,PatchTST-SSL(HoW-cond),Rat_retail_Jeffrey,125,Rat
10749.532104204163,15838.23490390274,-5088.702799698576,-9898.44084621625,4809.738046517674,0.0,0.0,1.0,PatchTST-SSL(HoW-cond),Robin_education_Zenia,125,Robin
1517.5058700189013,3713.807599138884,-2196.301729119982,-2409.682057308187,213.38032818820395,0.0,0.0,1.0,PatchTST-SSL(HoW-cond),Robin_office_Dina,125,Robin
8516.904645543087,27956.54830447615,-19439.643658933062,-14670.340878192885,389.3776015980845,0.0,5158.680382338263,0.5,PatchTST-SSL(HoW-cond),Robin_office_Sammie,125,Robin
5241.685151865131,20337.571223217237,-15095.886071352106,-15107.121247237475,180.5804154047792,0.0,169.34523951941205,0.6666666666666666,PatchTST-SSL(HoW-cond),Shrew_office_Doris,125,Shrew
8340.854781690625,9914.465300971013,-1573.610519280388,-1723.437846841468,302.81301487529265,0.0,152.98568731421085,0.8333333333333334,PatchTST-SSL(HoW-cond),Shrew_office_Ila,125,Shrew
2684.0560606451563,7261.742880661846,-4577.68682001669,-4349.045456430575,40.37318364169913,0.0,269.0145472278152,0.6666666666666666,PatchTST-SSL(HoW-cond),Shrew_office_Kenneth,125,Shrew
3167.7519899210683,14136.048022912511,-10968.296032991446,-10271.702519448192,585.8004540413015,0.0,1282.393967584554,0.6666666666666666,PatchTST-SSL(HoW-cond),Shrew_office_Nora,125,Shrew
28075.81279281048,42040.21325481517,-13964.40046200469,-14910.61771215393,946.217250149238,0.0,0.0,1.0,PatchTST-SSL(HoW-cond),Shrew_office_Sherill,125,Shrew
2131.3259149034543,2082.5112771442596,48.81463775919474,-571.1290986071533,1703.746664141596,0.0,1083.802927775248,0.6666666666666666,PatchTST-SSL(HoW-cond),Wolf_office_Darleen,125,Wolf
1154.931055370493,1166.9734225738605,-12.042367203367576,-438.77359647950664,426.7312292761394,0.0,0.0,1.0,PatchTST-SSL(HoW-cond),Wolf_retail_Harriett,125,Wolf
223.51907546969537,1248.9318516776468,-1025.4127762079515,-1024.7796477969946,106.98117948182175,0.0,107.61430789277895,0.5,PatchTST-SSL(HoW-cond),Wolf_retail_Marcella,125,Wolf
4650.1850132636655,7355.250385558945,-2705.0653722952793,-5114.626104746198,2409.5607324509187,0.0,0.0,1.0,PatchTST-SSL(HoW-cond),Wolf_retail_Toshia,125,Wolf
1325.4069554052307,3429.9159208458523,-2104.5089654406215,-1721.7996335576222,296.375,0.0,679.0843318829989,0.5,HOW-profile(HoW-cond),Fox_education_Henrietta,125,Fox
10668.604828514532,9611.042320833132,1057.5625076814013,-5665.515545217833,7149.740000000002,0.0,426.66194710076456,0.8333333333333334,HOW-profile(HoW-cond),Fox_retail_Manie,125,Fox
29553.13511280146,31961.536979511395,-2408.4018667099335,-3718.9676925904782,1314.3355000000008,0.0,3.769674119454777,0.8333333333333334,HOW-profile(HoW-cond),Hog_education_Bruno,125,Hog
50130.29148351798,124296.81358458528,-74166.52210106728,-47096.87217643363,13230.740500000002,0.0,40300.39042463366,0.8333333333333334,HOW-profile(HoW-cond),Hog_education_Caridad,125,Hog
7817.539807154137,20112.63349647996,-12295.093689325824,-15593.62901031454,3310.3199999999997,0.0,11.784679011288034,0.8333333333333334,HOW-profile(HoW-cond),Hog_education_Josh,125,Hog
7759.563419254539,18361.935079844745,-10602.371660590205,-13418.640160590208,2816.2685,0.0,0.0,1.0,HOW-profile(HoW-cond),Hog_education_Luvenia,125,Hog
8442.729289412484,16827.974858432746,-8385.245569020262,-9369.682247039524,1274.7925000000002,0.0,290.3558219807369,0.8333333333333334,HOW-profile(HoW-cond),Hog_office_Almeda,125,Hog
3772.036932200169,4532.6549373282905,-760.6180051281217,-1643.5175051281217,882.8995000000001,0.0,0.0,1.0,HOW-profile(HoW-cond),Hog_office_Cortney,125,Hog
6454.334296635479,12689.980941508116,-6235.646644872637,-5822.7000533595365,198.08299999999997,0.0,611.0295915131015,0.6666666666666666,HOW-profile(HoW-cond),Hog_office_Denita,125,Hog
29950.08230366078,58234.28616826703,-28284.203864606246,-30613.098864606247,2328.8950000000004,0.0,0.0,1.0,HOW-profile(HoW-cond),Hog_office_Garrett,125,Hog
41035.91971073008,8633.597687879219,32402.322022850854,356.5030000000006,35277.47125,0.0,3231.6522271491413,0.5,HOW-profile(HoW-cond),Hog_office_Lavon,125,Hog
961.2676022843632,7326.583547960754,-6365.315945676391,-6198.686732611423,16.126,0.0,182.75521306496756,0.8333333333333334,HOW-profile(HoW-cond),Hog_office_Merilyn,125,Hog
303.9558379241907,1029.314616935383,-725.3587790111919,-31.905754350800574,43.7385,0.0,737.1915246603915,0.6666666666666666,HOW-profile(HoW-cond),Hog_office_Miriam,125,Hog
3825.7620056355863,6745.121077239119,-2919.3590716035324,-4901.531571603533,1982.1725,0.0,0.0,1.0,HOW-profile(HoW-cond),Hog_office_Napoleon,125,Hog
9542.715952389985,7145.35790752264,2397.358044867343,-2163.0026858648616,5014.884,0.0,454.5232692677954,0.8333333333333334,HOW-profile(HoW-cond),Hog_office_Shawna,125,Hog
12766.995813242944,17151.51100091407,-4384.515187671126,-4339.829450110974,1881.8935,0.0,1926.5792375601536,0.8333333333333334,HOW-profile(HoW-cond),Hog_office_Shawnna,125,Hog
10663.550323601708,17234.563596141936,-6571.013272540229,-5348.6778034805975,5.966999999999999,0.0,1228.302469059633,0.6666666666666666,HOW-profile(HoW-cond),Hog_office_Sherrie,125,Hog
13521.748966479588,24741.12685176349,-11219.377885283902,-11850.097346023327,847.4479999999999,0.0,216.7285392605703,0.8333333333333334,HOW-profile(HoW-cond),Hog_office_Shon,125,Hog
11899.91515438987,23441.68382587528,-11541.76867148541,-11644.10843542026,222.69225000000003,0.0,120.35248606515016,0.8333333333333334,HOW-profile(HoW-cond),Hog_office_Sydney,125,Hog
2411.298839659545,3922.517846400864,-1511.219006741319,-754.8231852823155,161.23549999999997,0.0,917.6313214590036,0.5,HOW-profile(HoW-cond),Hog_office_Valda,125,Hog
4308.823700524243,5382.032691153235,-1073.208990628992,-1281.2589906289911,208.05,0.0,0.0,1.0,HOW-profile(HoW-cond),Lamb_education_Armando,125,Lamb
318.0136314626522,207.7952324729355,110.21839898971668,-18.925070465664504,139.2449,0.0,10.101430544618829,0.8333333333333334,HOW-profile(HoW-cond),Lamb_education_Eula,125,Lamb
1561.3871839450262,3762.1009191331113,-2200.713735188085,27.0,942.95,0.0,3170.6637351880854,0.3333333333333333,HOW-profile(HoW-cond),Lamb_education_Lazaro,125,Lamb
969.0851307943914,588.3998877351698,380.68524305922153,-128.12475694077847,508.81,0.0,0.0,1.0,HOW-profile(HoW-cond),Lamb_education_Lucas,125,Lamb
8156.990671894828,8702.42917113363,-545.4384992388023,-1646.897098643929,1979.0,0.0,877.5414005948726,0.8333333333333334,HOW-profile(HoW-cond),Lamb_education_Mae,125,Lamb
3101.4829024408964,2374.9470238222984,726.535878618598,178.53587861859842,547.9999999999999,0.0,0.0,1.0,HOW-profile(HoW-cond),Lamb_education_Williams,125,Lamb
5620.6977287297295,6403.871369081912,-783.1736403521827,-3335.232133101544,3596.05,0.0,1043.9915072506387,0.6666666666666666,HOW-profile(HoW-cond),Lamb_office_Caitlin,125,Lamb
13011.034888928396,14529.542282734534,-1518.5073938061378,-3188.0196957791504,2647.25,0.0,977.7376980269868,0.8333333333333334,HOW-profile(HoW-cond),Lamb_office_Velma,125,Lamb
8359.172097997405,7743.574349620855,615.59774837655,-3480.44725162345,4096.045,0.0,0.0,1.0,HOW-profile(HoW-cond),Rat_retail_Jeffrey,125,Rat
14889.615202299708,15838.23490390274,-948.6197016030328,-8404.762951603032,7456.14325,0.0,0.0,1.0,HOW-profile(HoW-cond),Robin_education_Zenia,125,Robin
2278.0644850592416,3713.807599138884,-1435.743114079642,-1618.0827140796418,182.3396,0.0,0.0,1.0,HOW-profile(HoW-cond),Robin_office_Dina,125,Robin
9914.127494387843,27956.54830447615,-18042.420810088304,-13298.702815570876,396.88775,0.0,5140.605744517431,0.6666666666666666,HOW-profile(HoW-cond),Robin_office_Sammie,125,Robin
9649.653258181852,20337.571223217237,-10687.917965035384,-10024.964396187424,588.3999999999999,0.0,1251.3535688479606,0.5,HOW-profile(HoW-cond),Shrew_office_Doris,125,Shrew
10069.632697194262,9914.465300971013,155.16739622324894,126.6530835374615,181.49999999999997,0.0,152.98568731421085,0.8333333333333334,HOW-profile(HoW-cond),Shrew_office_Ila,125,Shrew
4622.018658225461,7261.742880661846,-2639.7242224363854,-2465.674555758922,49.89999999999999,0.0,223.94966667746283,0.8333333333333334,HOW-profile(HoW-cond),Shrew_office_Kenneth,125,Shrew
8350.990973968897,14136.048022912511,-5785.057048943616,-5646.763081359062,1144.1,0.0,1282.393967584554,0.6666666666666666,HOW-profile(HoW-cond),Shrew_office_Nora,125,Shrew
35660.17587859868,42040.21325481517,-6380.037376216489,-7692.137376216495,1312.1,0.0,0.0,1.0,HOW-profile(HoW-cond),Shrew_office_Sherill,125,Shrew
2863.3035223677102,2082.5112771442596,780.7922452234507,-1098.8956012264632,2153.5,0.0,273.8121535500858,0.8333333333333334,HOW-profile(HoW-cond),Wolf_office_Darleen,125,Wolf
2593.213788830026,1166.9734225738605,1426.240366256165,560.8441162561653,865.39625,0.0,0.0,1.0,HOW-profile(HoW-cond),Wolf_retail_Harriett,125,Wolf
144.87787304534152,1248.9318516776468,-1104.0539786323052,-1095.6477371124836,73.515,0.0,81.9212415198219,0.6666666666666666,HOW-profile(HoW-cond),Wolf_retail_Marcella,125,Wolf
8344.461754994136,7355.250385558945,989.211369435191,-3806.37988056481,4795.591249999999,0.0,0.0,1.0,HOW-profile(HoW-cond),Wolf_retail_Toshia,125,Wolf
2218.5917563665907,3429.9159208458523,-1211.3241644792615,-1096.799728469323,564.5598958730609,0.0,679.0843318829989,0.5,TOWT(HoW-cond),Fox_education_Henrietta,125,Fox
8669.835914671017,9611.042320833132,-941.206406162115,-6557.7061151163225,6043.161656054974,0.0,426.66194710076456,0.8333333333333334,TOWT(HoW-cond),Fox_retail_Manie,125,Fox
29057.63626276342,31961.536979511395,-2903.900716747976,-4185.201676523793,1285.0706338952666,0.0,3.769674119454777,0.8333333333333334,TOWT(HoW-cond),Hog_education_Bruno,125,Hog
36452.37674608736,124296.81358458528,-87844.4368384979,-54305.9880808536,4023.0023630127394,0.0,37561.451120657046,0.6666666666666666,TOWT(HoW-cond),Hog_education_Caridad,125,Hog
12689.087475109647,20112.63349647996,-7423.546021370314,-13043.420817098013,5619.874795727699,0.0,0.0,1.0,TOWT(HoW-cond),Hog_education_Josh,125,Hog
7251.154313132835,18361.935079844745,-11110.780766711909,-13954.370257887838,2843.5894911759297,0.0,0.0,1.0,TOWT(HoW-cond),Hog_education_Luvenia,125,Hog
8253.298958720348,16827.974858432746,-8574.675899712398,-9404.782539279124,1120.4624615474645,0.0,290.3558219807369,0.8333333333333334,TOWT(HoW-cond),Hog_office_Almeda,125,Hog
4063.9229878400793,4532.6549373282905,-468.7319494882113,-1642.1286229775665,1173.396673489356,0.0,0.0,1.0,TOWT(HoW-cond),Hog_office_Cortney,125,Hog
6072.476013163889,12689.980941508116,-6617.504928344228,-6118.671990141262,112.19665331013496,0.0,611.0295915131015,0.6666666666666666,TOWT(HoW-cond),Hog_office_Denita,125,Hog
22720.053692699188,58234.28616826703,-35514.23247556784,-30307.64073611367,209.1821782654948,0.0,5415.773917719659,0.8333333333333334,TOWT(HoW-cond),Hog_office_Garrett,125,Hog
7807.640652202603,8633.597687879219,-825.9570356766162,724.7151120902508,1652.003502534737,0.0,3202.6756503016036,0.6666666666666666,TOWT(HoW-cond),Hog_office_Lavon,125,Hog
4026.349083968449,7326.583547960754,-3300.234463992305,-3194.8747309325654,77.39548000522844,0.0,182.75521306496756,0.8333333333333334,TOWT(HoW-cond),Hog_office_Merilyn,125,Hog
415.32175429564745,1029.314616935383,-613.9928626397352,-591.0660692313547,134.74133821348607,0.0,157.6681316218665,0.8333333333333334,TOWT(HoW-cond),Hog_office_Miriam,125,Hog
3663.500657542283,6745.121077239119,-3081.620419696835,-4997.328512044463,1915.7080923476285,0.0,0.0,1.0,TOWT(HoW-cond),Hog_office_Napoleon,125,Hog
7895.3326844034,7145.35790752264,749.9747768807601,-2910.0297395501298,4114.527785698687,0.0,454.5232692677954,0.8333333333333334,TOWT(HoW-cond),Hog_office_Shawna,125,Hog
5796.11890315936,17151.51100091407,-11355.39209775471,-9947.615415087634,518.80255489308,0.0,1926.5792375601536,0.8333333333333334,TOWT(HoW-cond),Hog_office_Shawnna,125,Hog
9503.554526414897,17234.563596141936,-7731.009069727041,-6564.377291446353,61.6706907789441,0.0,1228.302469059633,0.6666666666666666,TOWT(HoW-cond),Hog_office_Sherrie,125,Hog
10806.473700160444,24741.12685176349,-13934.653151603045,-14287.061062093666,569.1364497511914,0.0,216.7285392605703,0.8333333333333334,TOWT(HoW-cond),Hog_office_Shon,125,Hog
11885.850287506602,23441.68382587528,-11555.833538368675,-11622.269738624263,186.7886863207352,0.0,120.35248606515016,0.8333333333333334,TOWT(HoW-cond),Hog_office_Sydney,125,Hog
2366.737848846792,3922.517846400864,-1555.779997554072,-819.037202914034,98.0915196551254,0.0,834.8343142951636,0.6666666666666666,TOWT(HoW-cond),Hog_office_Valda,125,Hog
3465.1195593351517,5382.032691153235,-1916.913131818083,-1945.8401016536627,28.926969835579627,0.0,0.0,1.0,TOWT(HoW-cond),Lamb_education_Armando,125,Lamb
291.55417041150673,207.7952324729355,83.75893793857122,-6.931510948852008,100.79187943204208,0.0,10.101430544618829,0.8333333333333334,TOWT(HoW-cond),Lamb_education_Eula,125,Lamb
2656.0816044481994,3762.1009191331113,-1106.019314684912,-2015.0335030465528,2017.0385663360623,0.0,1108.024377974422,0.5,TOWT(HoW-cond),Lamb_education_Lazaro,125,Lamb
704.863812830972,588.3998877351698,116.4639250958022,-242.4976696855456,358.9615947813477,0.0,0.0,1.0,TOWT(HoW-cond),Lamb_education_Lucas,125,Lamb
2822.8848298575417,8702.42917113363,-5879.544341276089,-4294.297376079316,0.0,0.0,1585.2469651967729,0.6666666666666666,TOWT(HoW-cond),Lamb_education_Mae,125,Lamb
2772.148609429254,2374.9470238222984,397.2015856069556,-332.0166411304492,729.2182267374052,0.0,0.0,1.0,TOWT(HoW-cond),Lamb_education_Williams,125,Lamb
3308.5749309244948,6403.871369081912,-3095.2964381574175,-3213.5349154414885,2665.985774274118,0.0,2547.747296990045,0.5,TOWT(HoW-cond),Lamb_office_Caitlin,125,Lamb
9641.867244434374,14529.542282734534,-4887.67503830016,-5575.244376820923,1665.3070365477506,0.0,977.7376980269868,0.8333333333333334,TOWT(HoW-cond),Lamb_office_Velma,125,Lamb
5703.589991274693,7743.574349620855,-2039.9843583461625,-5326.398062192414,3286.41370384625,0.0,0.0,1.0,TOWT(HoW-cond),Rat_retail_Jeffrey,125,Rat
20754.181892425328,15838.23490390274,4915.946988522586,-5955.848479713482,10871.795468236069,0.0,0.0,1.0,TOWT(HoW-cond),Robin_education_Zenia,125,Robin
1986.89982165493,3713.807599138884,-1726.9077774839536,-1856.975408628453,130.0676311444991,0.0,0.0,1.0,TOWT(HoW-cond),Robin_office_Dina,125,Robin
10932.739981428089,27956.54830447615,-17023.808323048062,-12013.16956403398,148.04162332417667,0.0,5158.680382338263,0.5,TOWT(HoW-cond),Robin_office_Sammie,125,Robin
8998.695693488624,20337.571223217237,-11338.875529728612,-10556.802743851513,469.28078297086313,0.0,1251.3535688479606,0.5,TOWT(HoW-cond),Shrew_office_Doris,125,Shrew
8531.602170159993,9914.465300971013,-1382.8631308110198,-1480.9796725591514,251.10222906234225,0.0,152.98568731421085,0.8333333333333334,TOWT(HoW-cond),Shrew_office_Ila,125,Shrew
1182.215039822244,7261.742880661846,-6079.5278408396025,-5890.217188862208,34.639014700069,0.0,223.94966667746283,0.8333333333333334,TOWT(HoW-cond),Shrew_office_Kenneth,125,Shrew
9218.198569067874,14136.048022912511,-4917.849453844639,-4777.336026926969,1141.8805406668837,0.0,1282.393967584554,0.6666666666666666,TOWT(HoW-cond),Shrew_office_Nora,125,Shrew
36555.42093500937,42040.21325481517,-5484.792319805798,-6228.562335827293,743.7700160214931,0.0,0.0,1.0,TOWT(HoW-cond),Shrew_office_Sherill,125,Shrew
2563.623063929013,2082.5112771442596,481.11178678475335,-1060.8443655476076,1815.7683058824464,0.0,273.8121535500858,0.8333333333333334,TOWT(HoW-cond),Wolf_office_Darleen,125,Wolf
2247.079391465045,1166.9734225738605,1080.1059688911844,369.146733371588,710.9592355195965,0.0,0.0,1.0,TOWT(HoW-cond),Wolf_retail_Harriett,125,Wolf
116.41946076528004,1248.9318516776468,-1132.5123909123668,-745.1889389145202,34.266245506242754,0.0,421.5896975040894,0.6666666666666666,TOWT(HoW-cond),Wolf_retail_Marcella,125,Wolf
7295.087242923173,7355.250385558945,-60.16314263577169,-3991.060844478736,3930.897701842965,0.0,0.0,1.0,TOWT(HoW-cond),Wolf_retail_Toshia,125,Wolf
1087.7268870700364,3429.9159208458523,-2342.189033775816,-2010.5521771346137,347.4474752417969,0.0,679.0843318829989,0.5,"PatchTST-SSL(HoW-cond, patch-mask train)",Fox_education_Henrietta,125,Fox
5829.958618992374,9611.042320833132,-3781.0837018407583,-7092.038778651846,3737.6170239118537,0.0,426.66194710076456,0.8333333333333334,"PatchTST-SSL(HoW-cond, patch-mask train)",Fox_retail_Manie,125,Fox
26824.665938726488,31961.536979511395,-5136.871040784907,-6398.673915742427,1265.5725490769762,0.0,3.769674119454777,0.8333333333333334,"PatchTST-SSL(HoW-cond, patch-mask train)",Hog_education_Bruno,125,Hog
34274.82743361843,124296.81358458528,-90021.98615096684,-94321.2548840456,13474.337101348585,0.0,9175.068368269807,0.8333333333333334,"PatchTST-SSL(HoW-cond, patch-mask train)",Hog_education_Caridad,125,Hog
9970.13219315387,20112.63349647996,-10142.501303326091,-12894.579888799264,2763.863264484461,0.0,11.784679011288034,0.8333333333333334,"PatchTST-SSL(HoW-cond, patch-mask train)",Hog_education_Josh,125,Hog
9836.807018605004,18361.935079844745,-8525.128061239742,-13481.584546086884,4956.456484847142,0.0,0.0,1.0,"PatchTST-SSL(HoW-cond, patch-mask train)",Hog_education_Luvenia,125,Hog
5032.153526765202,16827.974858432746,-11795.821331667545,-11884.67548463702,379.20997495021464,0.0,290.3558219807369,0.8333333333333334,"PatchTST-SSL(HoW-cond, patch-mask train)",Hog_office_Almeda,125,Hog
3746.524541343661,4532.6549373282905,-786.13039598463,-1945.8100215817772,1159.6796255971472,0.0,0.0,1.0,"PatchTST-SSL(HoW-cond, patch-mask train)",Hog_office_Cortney,125,Hog
2989.091971598305,12689.980941508116,-9700.88896990981,-9089.859378396712,0.0,0.0,611.0295915131015,0.6666666666666666,"PatchTST-SSL(HoW-cond, patch-mask train)",Hog_office_Denita,125,Hog
11222.7583866174,58234.28616826703,-47011.527781649624,-47218.52407254552,206.9962908958973,0.0,0.0,1.0,"PatchTST-SSL(HoW-cond, patch-mask train)",Hog_office_Garrett,125,Hog
31107.343346120964,8633.597687879219,22473.745658241744,-803.4383549925979,26508.83624038348,0.0,3231.6522271491413,0.5,"PatchTST-SSL(HoW-cond, patch-mask train)",Hog_office_Lavon,125,Hog
689.4724809759687,7326.583547960754,-6637.111066984786,-6473.822066770979,19.466212851161735,0.0,182.75521306496756,0.8333333333333334,"PatchTST-SSL(HoW-cond, patch-mask train)",Hog_office_Merilyn,125,Hog
302.4261362727117,1029.314616935383,-726.888480662671,-600.3828281153853,31.162479074580876,0.0,157.6681316218665,0.8333333333333334,"PatchTST-SSL(HoW-cond, patch-mask train)",Hog_office_Miriam,125,Hog
1276.5312778301516,6745.121077239119,-5468.589799408967,-4610.506741011001,224.52733512118417,0.0,1082.6103935191493,0.8333333333333334,"PatchTST-SSL(HoW-cond, patch-mask train)",Hog_office_Napoleon,125,Hog
3265.5341542353267,7145.35790752264,-3879.823753287313,-4898.629245901682,1489.4702730169429,0.0,470.6647804025732,0.6666666666666666,"PatchTST-SSL(HoW-cond, patch-mask train)",Hog_office_Shawna,125,Hog
3972.5097461949713,17151.51100091407,-13179.001254719098,-11546.823520453236,294.40150329429275,0.0,1926.5792375601536,0.8333333333333334,"PatchTST-SSL(HoW-cond, patch-mask train)",Hog_office_Shawnna,125,Hog
6610.208250477087,17234.563596141936,-10624.355345664848,-9396.05287660522,0.0,0.0,1228.302469059633,0.6666666666666666,"PatchTST-SSL(HoW-cond, patch-mask train)",Hog_office_Sherrie,125,Hog
9887.427288058578,24741.12685176349,-14853.699563704911,-15024.092790060551,387.121765616211,0.0,216.7285392605703,0.8333333333333334,"PatchTST-SSL(HoW-cond, patch-mask train)",Hog_office_Shon,125,Hog
10707.214223469266,23441.68382587528,-12734.469602406014,-12636.298750284945,22.181633944076452,0.0,120.35248606515016,0.8333333333333334,"PatchTST-SSL(HoW-cond, patch-mask train)",Hog_office_Sydney,125,Hog
1656.9741030710225,3922.517846400864,-2265.5437433298416,-1629.456740160129,281.544318289291,0.0,917.6313214590036,0.5,"PatchTST-SSL(HoW-cond, patch-mask train)",Hog_office_Valda,125,Hog
1473.1148150839,5382.032691153235,-3908.917876069335,-3981.2658900545384,73.54148856816965,0.0,1.1934745829660691,0.8333333333333334,"PatchTST-SSL(HoW-cond, patch-mask train)",Lamb_education_Armando,125,Lamb
165.06987661911367,207.7952324729355,-42.72535585382184,-78.50455580479097,90.52981980793076,0.0,54.75061985696162,0.6666666666666666,"PatchTST-SSL(HoW-cond, patch-mask train)",Lamb_education_Eula,125,Lamb
2993.3819833800067,3762.1009191331113,-768.7189357531047,-2577.9004970072097,2425.2113827671474,0.0,616.0298215130422,0.6666666666666666,"PatchTST-SSL(HoW-cond, patch-mask train)",Lamb_education_Lazaro,125,Lamb
669.3760769448589,588.3998877351698,80.9761892096891,-268.11911372528675,349.0953029349759,0.0,0.0,1.0,"PatchTST-SSL(HoW-cond, patch-mask train)",Lamb_education_Lucas,125,Lamb
4186.072295921274,8702.42917113363,-4516.356875212356,-3993.144058832343,1062.0341488167594,0.0,1585.2469651967729,0.6666666666666666,"PatchTST-SSL(HoW-cond, patch-mask train)",Lamb_education_Mae,125,Lamb
1506.211854359841,2374.9470238222984,-868.7351694624574,-1018.5577926186808,149.82262315622373,0.0,0.0,1.0,"PatchTST-SSL(HoW-cond, patch-mask train)",Lamb_education_Williams,125,Lamb
1788.644044519447,6403.871369081912,-4615.227324562466,-4735.018992316437,1163.783175004611,0.0,1043.9915072506387,0.6666666666666666,"PatchTST-SSL(HoW-cond, patch-mask train)",Lamb_office_Caitlin,125,Lamb
8627.101017113975,14529.542282734534,-5902.441265620559,-6818.1827130162665,1893.479145422694,0.0,977.7376980269868,0.8333333333333334,"PatchTST-SSL(HoW-cond, patch-mask train)",Lamb_office_Velma,125,Lamb
3453.940424052221,7743.574349620855,-4289.633925568634,-5850.250174411674,1560.6162488430411,0.0,0.0,1.0,"PatchTST-SSL(HoW-cond, patch-mask train)",Rat_retail_Jeffrey,125,Rat
10890.92775283657,15838.23490390274,-4947.307151066172,-9962.760350935834,5015.453199869662,0.0,0.0,1.0,"PatchTST-SSL(HoW-cond, patch-mask train)",Robin_education_Zenia,125,Robin
1304.1247125568568,3713.807599138884,-2409.682886582027,-2474.3617475411193,64.67886095909222,0.0,0.0,1.0,"PatchTST-SSL(HoW-cond, patch-mask train)",Robin_office_Dina,125,Robin
8960.145140617553,27956.54830447615,-18996.403163858595,-14093.77436437238,256.0515828520394,0.0,5158.680382338263,0.5,"PatchTST-SSL(HoW-cond, patch-mask train)",Robin_office_Sammie,125,Robin
4821.700018161763,20337.571223217237,-15515.871205055477,-15353.843283295731,7.317317759670946,0.0,169.34523951941205,0.6666666666666666,"PatchTST-SSL(HoW-cond, patch-mask train)",Shrew_office_Doris,125,Shrew
6223.870290170896,9914.465300971013,-3690.595010800117,-3600.171694372826,62.56237088691923,0.0,152.98568731421085,0.8333333333333334,"PatchTST-SSL(HoW-cond, patch-mask train)",Shrew_office_Ila,125,Shrew
2269.942589490201,7261.742880661846,-4991.800291171645,-4785.4325316133845,17.581907119201972,0.0,223.94966667746283,0.8333333333333334,"PatchTST-SSL(HoW-cond, patch-mask train)",Shrew_office_Kenneth,125,Shrew
1977.6493679535884,14136.048022912511,-12158.398654958924,-11941.851684060028,1065.8469966856571,0.0,1282.393967584554,0.6666666666666666,"PatchTST-SSL(HoW-cond, patch-mask train)",Shrew_office_Nora,125,Shrew
22786.06750991099,42040.21325481517,-19254.145744904177,-21221.97921936711,1967.8334744629303,0.0,0.0,1.0,"PatchTST-SSL(HoW-cond, patch-mask train)",Shrew_office_Sherill,125,Shrew
1952.332433947715,2082.5112771442596,-130.1788431965449,-622.8621738785573,1576.4862584572609,0.0,1083.802927775248,0.6666666666666666,"PatchTST-SSL(HoW-cond, patch-mask train)",Wolf_office_Darleen,125,Wolf
885.5544433992201,1166.9734225738605,-281.4189791746404,-601.4699097723367,320.0509305976963,0.0,0.0,1.0,"PatchTST-SSL(HoW-cond, patch-mask train)",Wolf_retail_Harriett,125,Wolf
96.03843930882344,1248.9318516776468,-1152.8934123688234,-1111.815730980713,40.84356013171123,0.0,81.9212415198219,0.6666666666666666,"PatchTST-SSL(HoW-cond, patch-mask train)",Wolf_retail_Marcella,125,Wolf
7108.069097408148,7355.250385558945,-247.18128815079672,-4765.55669911094,4518.375410960142,0.0,0.0,1.0,"PatchTST-SSL(HoW-cond, patch-mask train)",Wolf_retail_Toshia,125,Wolf
