estimator,model,stat,value,boot_lo,boot_hi,cluster_lo,cluster_hi,n_buildings,n_sites
flagged-hours,HOW-profile(HoW-cond),agg_bias,-0.35851083784379156,-0.4376014277675861,-0.2286901303745103,-0.38583851977524997,-0.17117842825058616,41,7
flagged-hours,HOW-profile(HoW-cond),agg_gross_rel,0.6013369131172593,0.5152569880187492,0.7079222393695384,0.46304228956098364,0.7085172418179825,41,7
flagged-hours,HOW-profile(HoW-cond),pb_gross_rel,0.6013369131172593,0.5152569880187491,0.7079222393695382,0.4630422895609836,0.7085172418179824,41,7
flagged-hours,HOW-profile(HoW-cond),median_abs_rel_err,0.4282699999142062,0.3604920335449146,0.5288239057668876,0.3157472697820761,0.5340809574387929,41,7
flagged-hours,PatchTST-SSL(HoW-cond),agg_bias,-0.4108886189157773,-0.49386196071449945,-0.2893667389385234,-0.4601500642650133,-0.3057223435964295,41,7
flagged-hours,PatchTST-SSL(HoW-cond),agg_gross_rel,0.6409263382198924,0.5614268547392857,0.733535978356113,0.5705327662957422,0.7453138576885063,41,7
flagged-hours,PatchTST-SSL(HoW-cond),pb_gross_rel,0.6435777526472928,0.5631001881798547,0.7407360993427257,0.5705327662957422,0.7453138576885064,41,7
flagged-hours,PatchTST-SSL(HoW-cond),median_abs_rel_err,0.453482375678257,0.3528823797932473,0.5300434428091121,0.29476677884971797,0.5222556941000482,41,7
flagged-hours,"PatchTST-SSL(HoW-cond, patch-mask train)",agg_bias,-0.4609186854201313,-0.543387410080116,-0.3410489191697431,-0.4841217876662791,-0.297165367840446,41,7
flagged-hours,"PatchTST-SSL(HoW-cond, patch-mask train)",agg_gross_rel,0.69015386112026,0.5965244296053209,0.7943683904489041,0.5545894720914138,0.7897940495407351,41,7
flagged-hours,"PatchTST-SSL(HoW-cond, patch-mask train)",pb_gross_rel,0.69015386112026,0.5965244296053211,0.7943683904489042,0.5545894720914138,0.789794049540735,41,7
flagged-hours,"PatchTST-SSL(HoW-cond, patch-mask train)",median_abs_rel_err,0.4948843515227073,0.4385371436615215,0.5477359064636633,0.3511042399781638,0.5477359064636633,41,7
flagged-hours,TOWT(HoW-cond),agg_bias,-0.49608515863317404,-0.577436413799954,-0.39547799548462903,-0.549291840197649,-0.2846932829046281,41,7
flagged-hours,TOWT(HoW-cond),agg_gross_rel,0.6218468240454454,0.5312773178007263,0.7079964936694025,0.4905500563304644,0.754245279574635,41,7
flagged-hours,TOWT(HoW-cond),pb_gross_rel,0.6245016174090523,0.5335140228001432,0.7110709058842406,0.4905500563304644,0.7542452795746352,41,7
flagged-hours,TOWT(HoW-cond),median_abs_rel_err,0.4457950149259802,0.3861143345950144,0.5687559166124071,0.3052065056215855,0.4777675535092459,41,7
ext:none,HOW-profile(HoW-cond),agg_bias,-0.35851083784379156,-0.4363287634136369,-0.2229514746670645,-0.38590139762371567,-0.17964821246859336,41,7
ext:none,HOW-profile(HoW-cond),agg_gross_rel,0.6013369131172593,0.5134871888054822,0.7121561947651974,0.46731538494912056,0.7055036950005172,41,7
ext:none,HOW-profile(HoW-cond),pb_gross_rel,0.6013369131172593,0.5134871888054822,0.7121561947651975,0.4673153849491205,0.7055036950005174,41,7
ext:none,HOW-profile(HoW-cond),median_abs_rel_err,0.4282699999142062,0.3604920335449146,0.5288239057668876,0.3157472697820761,0.5340809574387929,41,7
ext:none,PatchTST-SSL(HoW-cond),agg_bias,-0.4108886189157773,-0.49850722869171255,-0.28916866625886084,-0.46356137579357415,-0.2965252641051987,41,7
ext:none,PatchTST-SSL(HoW-cond),agg_gross_rel,0.6409263382198924,0.5626117382229276,0.7343348021009182,0.5684310793060758,0.7698525014737538,41,7
ext:none,PatchTST-SSL(HoW-cond),pb_gross_rel,0.6435777526472928,0.5636923245337344,0.7456907532099485,0.5684310793060756,0.7698525014737538,41,7
ext:none,PatchTST-SSL(HoW-cond),median_abs_rel_err,0.453482375678257,0.3528823797932473,0.5300434428091121,0.29476677884971797,0.5222556941000482,41,7
ext:none,TOWT(HoW-cond),agg_bias,-0.49608515863317404,-0.584918596703531,-0.3974798610252878,-0.5482419224028103,-0.2913102584922185,41,7
ext:none,TOWT(HoW-cond),agg_gross_rel,0.6218468240454454,0.5299928094743516,0.7136181578282355,0.4848933746700547,0.7419589419584487,41,7
ext:none,TOWT(HoW-cond),pb_gross_rel,0.6245016174090523,0.5323842983575252,0.7155129049279051,0.4848933746700547,0.7419589419584488,41,7
ext:none,TOWT(HoW-cond),median_abs_rel_err,0.4457950149259802,0.3861143345950144,0.5687559166124071,0.3052065056215855,0.4777675535092459,41,7
ext:z6,HOW-profile(HoW-cond),agg_bias,0.3655544409904057,-0.1615809355365265,1.3896626838410115,0.12577661159892978,1.1420630728682422,41,7
ext:z6,HOW-profile(HoW-cond),agg_gross_rel,0.7194263236880136,0.2891984016061166,1.599857114388291,0.2722618387135743,1.235315915687577,41,7
ext:z6,HOW-profile(HoW-cond),pb_gross_rel,0.87295382340207,0.35663591834785774,1.799898098268527,0.31631200938406057,1.3549877901804708,41,7
ext:z6,HOW-profile(HoW-cond),median_abs_rel_err,0.3025294161943259,0.18447405889151855,0.41680740059587523,0.08205903015268814,0.43516259138482405,41,7
ext:z6,PatchTST-SSL(HoW-cond),agg_bias,0.2582435548768407,-0.02672384063472501,0.7202873412466938,0.11071770365172907,1.1326104544782538,41,7
ext:z6,PatchTST-SSL(HoW-cond),agg_gross_rel,0.46225839846112465,0.2815792994576316,0.8273459886132072,0.2635302608579057,1.222834163870867,41,7
ext:z6,PatchTST-SSL(HoW-cond),pb_gross_rel,0.6557384472636443,0.39132235743782906,1.0149815410845182,0.359355675310453,1.367866468319224,41,7
ext:z6,PatchTST-SSL(HoW-cond),median_abs_rel_err,0.3683510322013165,0.18424597634882797,0.44969259530085387,0.1591971314834727,0.501265451065031,41,7
ext:z6,TOWT(HoW-cond),agg_bias,0.025631802427925135,-0.2560239775920905,0.4922844494326046,-0.1902110338823883,1.2463560836869023,41,7
ext:z6,TOWT(HoW-cond),agg_gross_rel,0.4314775972202983,0.3042153324203877,0.6218253641411127,0.28167788096960766,1.3719241889323162,41,7
ext:z6,TOWT(HoW-cond),pb_gross_rel,0.58293737230079,0.3417032098271183,0.9156322012237235,0.3421920679407864,1.5045574402990285,41,7
ext:z6,TOWT(HoW-cond),median_abs_rel_err,0.2729459889809648,0.20384606996343782,0.3667468735451737,0.19889967264213831,0.4945316709587098,41,7
ext:z12,HOW-profile(HoW-cond),agg_bias,0.4704183310931784,-0.06184897803453136,1.4785620580799608,0.24355518371888207,1.2772590993058917,41,7
ext:z12,HOW-profile(HoW-cond),agg_gross_rel,0.7039230972502882,0.2924558719098729,1.626833761777658,0.3073563493513644,1.377789101294374,41,7
ext:z12,HOW-profile(HoW-cond),pb_gross_rel,0.8866863658083839,0.3870315361370502,1.7793405430313856,0.384473325422602,1.4264318041004933,41,7
ext:z12,HOW-profile(HoW-cond),median_abs_rel_err,0.35282376110570124,0.2077570882674143,0.5891984863829282,0.1565570313657373,0.6477958592575777,41,7
ext:z12,PatchTST-SSL(HoW-cond),agg_bias,0.47605231881861104,0.1544290070593385,1.008263975644927,0.3000564756469479,1.4983938475443805,41,7
ext:z12,PatchTST-SSL(HoW-cond),agg_gross_rel,0.5853079618041556,0.35747511039250107,1.1031792647814824,0.417160476499692,1.5878548946306177,41,7
ext:z12,PatchTST-SSL(HoW-cond),pb_gross_rel,0.7818672997730692,0.4840186296879161,1.2288467820410267,0.525075894602652,1.6552659405449393,41,7
ext:z12,PatchTST-SSL(HoW-cond),median_abs_rel_err,0.4010365889703978,0.26409282502422,0.9271459149882996,0.27149264210281054,1.1641776348381165,41,7
ext:z12,TOWT(HoW-cond),agg_bias,0.13684154226256914,-0.14783042849451503,0.5785243353660463,-0.08184868918272317,1.3829286945151722,41,7
ext:z12,TOWT(HoW-cond),agg_gross_rel,0.43422896097753666,0.3171921728523689,0.719697578106832,0.30748031490296746,1.5276515236654236,41,7
ext:z12,TOWT(HoW-cond),pb_gross_rel,0.6154704474607439,0.37989212218222773,0.9510439452013859,0.41238932800014855,1.6070161560923522,41,7
ext:z12,TOWT(HoW-cond),median_abs_rel_err,0.26793353819632404,0.19753957375844503,0.43200023867969184,0.22956453085258788,0.8949366845797039,41,7
ext:cusum,HOW-profile(HoW-cond),agg_bias,0.7640629160461077,0.21632477453274152,1.864876224295868,0.5274216953672847,1.7281189595710091,41,7
ext:cusum,HOW-profile(HoW-cond),agg_gross_rel,0.8884120028360338,0.396567077670411,1.9836213607967113,0.6115858497015817,1.8380418851279696,41,7
ext:cusum,HOW-profile(HoW-cond),pb_gross_rel,1.0467743868552775,0.5168447982184559,2.0995286116543608,0.6249329900419593,1.841533619530731,41,7
ext:cusum,HOW-profile(HoW-cond),median_abs_rel_err,0.5931447899312359,0.2178115738944152,0.976860326620824,0.2178115738944152,1.8154822374395247,41,7
ext:cusum,PatchTST-SSL(HoW-cond),agg_bias,1.411327709457205,0.8571251374847247,2.4016991516749897,1.1532044581110577,2.8775698016384266,41,7
ext:cusum,PatchTST-SSL(HoW-cond),agg_gross_rel,1.520583352442749,0.9750657989692905,2.50903062953885,1.2527258732983069,2.9716844174614843,41,7
ext:cusum,PatchTST-SSL(HoW-cond),pb_gross_rel,1.5306619658089131,0.9872489006806494,2.521131176265862,1.2600454798050222,2.975475002690801,41,7
ext:cusum,PatchTST-SSL(HoW-cond),median_abs_rel_err,1.2481777147727917,0.8213222107065311,1.8150196770655542,0.8213222107065311,3.901344337299112,41,7
ext:cusum,TOWT(HoW-cond),agg_bias,0.5349357682688183,0.18668238240194696,1.0930703691342591,0.31737452795837084,1.828873067921098,41,7
ext:cusum,TOWT(HoW-cond),agg_gross_rel,0.7045504587932986,0.40166474257160006,1.2390366251281004,0.5024579045725314,1.9486284502286215,41,7
ext:cusum,TOWT(HoW-cond),pb_gross_rel,0.8273942365826669,0.5141875652146897,1.3250843641097139,0.6205482288106962,1.9621637244683783,41,7
ext:cusum,TOWT(HoW-cond),median_abs_rel_err,0.5414913613178054,0.2738539147947112,0.7920277777946282,0.2606903246528706,1.1469735475962393,41,7
ext:chosen,HOW-profile(HoW-cond),agg_bias,0.3655544409904057,-0.16852552714019753,1.3927941869725922,0.14284777512368374,1.189101891257282,41,7
ext:chosen,HOW-profile(HoW-cond),agg_gross_rel,0.7194263236880136,0.2966068127207749,1.6502223599666568,0.2813625625883353,1.276484442379784,41,7
ext:chosen,HOW-profile(HoW-cond),pb_gross_rel,0.87295382340207,0.37081354888250123,1.833369394572275,0.33085705994489795,1.3931091806725455,41,7
ext:chosen,HOW-profile(HoW-cond),median_abs_rel_err,0.3025294161943259,0.18447405889151855,0.41680740059587523,0.11485082525661781,0.43516259138482405,41,7
ext:chosen,PatchTST-SSL(HoW-cond),agg_bias,0.4198377152975048,0.11381601414970828,0.9537295251383122,0.2495862138942591,1.3883459233284103,41,7
ext:chosen,PatchTST-SSL(HoW-cond),agg_gross_rel,0.5290933582830489,0.3229388169894251,1.0520310632084229,0.37195920305134667,1.4785385194281238,41,7
ext:chosen,PatchTST-SSL(HoW-cond),pb_gross_rel,0.7463357846130512,0.44108049029714164,1.1801146230141826,0.42946432249607236,1.5671162255540794,41,7
ext:chosen,PatchTST-SSL(HoW-cond),median_abs_rel_err,0.40538308980136667,0.23052254063327005,0.8074661938457485,0.23052254063327005,1.0689802375497846,41,7
ext:chosen,TOWT(HoW-cond),agg_bias,0.025631802427925135,-0.2407219109402197,0.48249106399271396,-0.1885985007593143,1.3143572908940888,41,7
ext:chosen,TOWT(HoW-cond),agg_gross_rel,0.4314775972202983,0.30281342472439754,0.623992900254061,0.2727204132363854,1.4200946428913563,41,7
ext:chosen,TOWT(HoW-cond),pb_gross_rel,0.58293737230079,0.3426878229549416,0.9054071396182086,0.3355640461075247,1.569721694231159,41,7
ext:chosen,TOWT(HoW-cond),median_abs_rel_err,0.2729459889809648,0.20384606996343782,0.3667468735451737,0.19889967264213831,0.4945316709587098,41,7
