mode,est_kwh,true_kwh,bias,matched_err_kwh,false_add_kwh,missed_kwh,window_cov,model,building_id,seed,site,chosen
none,1176.2455761238116,2314.3794962106817,-0.4917663338922287,-1870.159234365259,843.7042233375576,111.67890905916886,0.03,PatchTST-SSL(HoW-cond),Fox_education_Henrietta,123,Fox,False
z6,1425.7087340768023,2314.3794962106817,-0.383977979233265,-1841.6391835107563,1064.6473304360454,111.67890905916886,0.03666666666666667,PatchTST-SSL(HoW-cond),Fox_education_Henrietta,123,Fox,False
z12,2099.3217882351173,2314.3794962106817,-0.09292240461327841,-1753.5249609995626,1650.1461620831667,111.67890905916886,0.056666666666666664,PatchTST-SSL(HoW-cond),Fox_education_Henrietta,123,Fox,True
cusum,5767.577785643065,2314.3794962106817,1.4920622547366507,-1548.8622447688176,5113.739443260369,111.67890905916886,0.1,PatchTST-SSL(HoW-cond),Fox_education_Henrietta,123,Fox,False
none,12671.55926363586,10343.34322776189,0.2250931816344407,-2954.1274376814818,5608.532097798683,326.18862424323294,0.20224719101123595,PatchTST-SSL(HoW-cond),Fox_retail_Manie,123,Fox,False
z6,18823.85025087965,10343.34322776189,0.8198999913640866,965.1227509676737,7841.572896393316,326.18862424323294,0.5037453183520599,PatchTST-SSL(HoW-cond),Fox_retail_Manie,123,Fox,False
z12,22316.04653087091,10343.34322776189,1.157527410573969,981.6686207642724,11317.223306587977,326.18862424323294,0.5187265917602997,PatchTST-SSL(HoW-cond),Fox_retail_Manie,123,Fox,True
cusum,25353.652146555214,10343.34322776189,1.4512047592605393,1885.835628144585,13450.66191489197,326.18862424323294,0.7340823970037453,PatchTST-SSL(HoW-cond),Fox_retail_Manie,123,Fox,False
none,37202.82150378713,54426.024768996416,-0.31645161185867876,-18311.69373072657,1088.4904655172738,0.0,0.3308913308913309,PatchTST-SSL(HoW-cond),Hog_education_Bruno,123,Hog,False
z6,65874.77203613654,54426.024768996416,0.21035428024980166,7759.772874262315,3688.974392877799,0.0,0.5543345543345544,PatchTST-SSL(HoW-cond),Hog_education_Bruno,123,Hog,False
z12,68266.89516871388,54426.024768996416,0.2543061055526852,8081.715553714224,5759.154846003231,0.0,0.5811965811965812,PatchTST-SSL(HoW-cond),Hog_education_Bruno,123,Hog,True
cusum,96902.75950790774,54426.024768996416,0.7804489657144323,18232.837313775395,24243.897425135936,0.0,0.8437118437118437,PatchTST-SSL(HoW-cond),Hog_education_Bruno,123,Hog,False
none,177400.85879312636,228760.23935675388,-0.22451183259837412,-70764.1824001135,22924.089687256655,3519.2878507706814,0.3006872852233677,PatchTST-SSL(HoW-cond),Hog_education_Caridad,123,Hog,False
z6,151611.04650892483,228760.23935675388,-0.3372491350103639,-107160.31755346243,33530.41255640409,3519.2878507706814,0.25945017182130586,PatchTST-SSL(HoW-cond),Hog_education_Caridad,123,Hog,False
z12,186305.59021530705,228760.23935675388,-0.18558578737644343,-83712.97866614987,44777.61737547373,3519.2878507706814,0.34536082474226804,PatchTST-SSL(HoW-cond),Hog_education_Caridad,123,Hog,True
cusum,319737.6273750043,228760.23935675388,0.3976975556332159,17895.730101252353,76600.94576776873,3519.2878507706814,0.6872852233676976,PatchTST-SSL(HoW-cond),Hog_education_Caridad,123,Hog,False
none,7253.965692863468,26559.941717637586,-0.7268832224866537,-19893.786744486344,4951.3729835393615,4363.562263827134,0.015594541910331383,PatchTST-SSL(HoW-cond),Hog_education_Josh,123,Hog,False
z6,37712.4405598221,26559.941717637586,0.41989922119364076,-11272.077529199654,26788.138635211304,4363.562263827134,0.12280701754385964,PatchTST-SSL(HoW-cond),Hog_education_Josh,123,Hog,False
z12,53353.40076410956,26559.941717637586,1.0087920873967624,-7972.806877512159,39129.828187811276,4363.562263827134,0.1695906432748538,PatchTST-SSL(HoW-cond),Hog_education_Josh,123,Hog,True
cusum,139193.02542467625,26559.941717637586,4.240712758501376,13973.188288890353,103023.45768197544,4363.562263827134,0.6296296296296297,PatchTST-SSL(HoW-cond),Hog_education_Josh,123,Hog,False
none,66655.33055053675,131732.1106100514,-0.49400848250395507,-63504.3814666595,1205.5912024938675,2777.9897953490085,0.3852739726027397,PatchTST-SSL(HoW-cond),Hog_education_Luvenia,123,Hog,False
z6,141029.07427401087,131732.1106100514,0.07057477194364556,7069.34600817936,5005.607451129154,2777.9897953490085,0.6541095890410958,PatchTST-SSL(HoW-cond),Hog_education_Luvenia,123,Hog,False
z12,144545.4582930731,131732.1106100514,0.09726821823231328,7323.231808145501,8268.105670225204,2777.9897953490085,0.6575342465753424,PatchTST-SSL(HoW-cond),Hog_education_Luvenia,123,Hog,True
cusum,175235.52863542235,131732.1106100514,0.330241562394367,18063.98940672961,28217.418413990374,2777.9897953490085,0.791095890410959,PatchTST-SSL(HoW-cond),Hog_education_Luvenia,123,Hog,False
none,10150.626628371221,16200.222099144257,-0.37342669956929747,-6943.3377639657465,893.7422931927103,0.0,0.23796791443850268,PatchTST-SSL(HoW-cond),Hog_office_Almeda,123,Hog,False
z6,25679.4837400476,16200.222099144257,0.5851315854122805,5769.98423096576,3709.277409937584,0.0,0.5882352941176471,PatchTST-SSL(HoW-cond),Hog_office_Almeda,123,Hog,False
z12,30758.01584628767,16200.222099144257,0.8986169237712117,7277.5098979088125,7280.283849234607,0.0,0.6711229946524064,PatchTST-SSL(HoW-cond),Hog_office_Almeda,123,Hog,True
cusum,42343.23817074346,16200.222099144257,1.6137443000229084,10977.560556015209,15165.455515583993,0.0,0.9451871657754011,PatchTST-SSL(HoW-cond),Hog_office_Almeda,123,Hog,False
none,7604.607207163913,14151.505445393912,-0.46262910073365443,-6602.884984447799,731.6465019960883,675.659755778285,0.1839080459770115,PatchTST-SSL(HoW-cond),Hog_office_Cortney,123,Hog,False
z6,26708.5782405437,14151.505445393912,0.8873312343766869,8581.880637419552,4650.851913508524,675.659755778285,0.5500821018062397,PatchTST-SSL(HoW-cond),Hog_office_Cortney,123,Hog,False
z12,31901.65233140895,14151.505445393912,1.2542938950564038,9938.76685092595,8487.039790867375,675.659755778285,0.6026272577996716,PatchTST-SSL(HoW-cond),Hog_office_Cortney,123,Hog,True
cusum,46408.55974792842,14151.505445393912,2.279407970198228,11004.388779099827,21928.325279212968,675.659755778285,0.6847290640394089,PatchTST-SSL(HoW-cond),Hog_office_Cortney,123,Hog,False
none,2417.474738332211,5469.765870194816,-0.5580295764567875,-3730.5586478788887,678.2675160162839,0.0,0.08895705521472393,PatchTST-SSL(HoW-cond),Hog_office_Denita,123,Hog,False
z6,11108.468356788559,5469.765870194816,1.0308855297297963,825.6071846427667,4813.095301950976,0.0,0.2745398773006135,PatchTST-SSL(HoW-cond),Hog_office_Denita,123,Hog,False
z12,16236.65458213332,5469.765870194816,1.9684368522258195,3275.451972975131,7491.436738963373,0.0,0.39263803680981596,PatchTST-SSL(HoW-cond),Hog_office_Denita,123,Hog,True
cusum,25501.605311617615,5469.765870194816,3.662284623657818,6215.502703161915,13816.336738260887,0.0,0.8926380368098159,PatchTST-SSL(HoW-cond),Hog_office_Denita,123,Hog,False
none,45904.760780904726,87474.51543031975,-0.4752213195456746,-43191.17678799289,1621.4221385778567,0.0,0.1843191196698762,PatchTST-SSL(HoW-cond),Hog_office_Garrett,123,Hog,False
z6,80966.91957597365,87474.51543031975,-0.07439419152347186,-10182.119510842342,3674.523656496229,0.0,0.3328748280605227,PatchTST-SSL(HoW-cond),Hog_office_Garrett,123,Hog,False
z12,91617.77288099893,87474.51543031975,0.04736530897367031,-1167.8317696633458,5311.089220342547,0.0,0.40852819807427787,PatchTST-SSL(HoW-cond),Hog_office_Garrett,123,Hog,True
cusum,108362.5568793162,87474.51543031975,0.23879002182796194,7758.267355443924,13129.774093552514,0.0,0.6451169188445667,PatchTST-SSL(HoW-cond),Hog_office_Garrett,123,Hog,False
none,53982.2728030259,22610.81553189638,1.387453593917246,1455.6707664753085,29915.786504654217,0.0,0.04573170731707317,PatchTST-SSL(HoW-cond),Hog_office_Lavon,123,Hog,False
z6,128665.00310474721,22610.81553189638,4.690418504509201,5974.191619670037,100079.9959531808,0.0,0.10060975609756098,PatchTST-SSL(HoW-cond),Hog_office_Lavon,123,Hog,False
z12,158088.8946259249,22610.81553189638,5.991737843463177,7769.448560419714,127708.63053360881,0.0,0.15548780487804878,PatchTST-SSL(HoW-cond),Hog_office_Lavon,123,Hog,True
cusum,364298.084908146,22610.81553189638,15.111673831235407,16221.020761460404,325466.2486147892,0.0,0.4695121951219512,PatchTST-SSL(HoW-cond),Hog_office_Lavon,123,Hog,False
none,1038.0578315668924,4521.8789214531,-0.7704366150446783,-1896.6446605962904,19.91685100065521,1607.0932802905722,0.04639175257731959,PatchTST-SSL(HoW-cond),Hog_office_Merilyn,123,Hog,False
z6,2864.0931229792113,4521.8789214531,-0.36661437143061787,-230.31863321561514,179.6261150322984,1607.0932802905722,0.14948453608247422,PatchTST-SSL(HoW-cond),Hog_office_Merilyn,123,Hog,False
z12,3225.4311596276293,4521.8789214531,-0.2867055452711809,52.25990747281958,258.38561099228184,1607.0932802905722,0.17353951890034364,PatchTST-SSL(HoW-cond),Hog_office_Merilyn,123,Hog,True
cusum,5884.48607882189,4521.8789214531,0.30133649773420257,1624.5554604476715,1345.1449772116907,1607.0932802905722,0.3556701030927835,PatchTST-SSL(HoW-cond),Hog_office_Merilyn,123,Hog,False
none,551.2910219705936,1369.9129303274124,-0.5975722180833538,-983.2952572762266,164.67334891940789,0.0,0.052805280528052806,PatchTST-SSL(HoW-cond),Hog_office_Miriam,123,Hog,False
z6,1720.4935607633543,1369.9129303274124,0.25591453491292493,-263.1144362172206,613.6950666531627,0.0,0.2838283828382838,PatchTST-SSL(HoW-cond),Hog_office_Miriam,123,Hog,False
z12,3008.133411826638,1369.9129303274124,1.1958573754812922,634.7761651552605,1003.4443163439655,0.0,0.5412541254125413,PatchTST-SSL(HoW-cond),Hog_office_Miriam,123,Hog,True
cusum,4231.18173464071,1369.9129303274124,2.0886501185366924,1020.3112267959275,1840.9575775173698,0.0,0.7128712871287128,PatchTST-SSL(HoW-cond),Hog_office_Miriam,123,Hog,False
none,9871.592362505016,41848.965212604075,-0.7641138242641209,-31986.92956547693,9.55671537786894,0.0,0.1539424280350438,PatchTST-SSL(HoW-cond),Hog_office_Napoleon,123,Hog,False
z6,30542.035701823446,41848.965212604075,-0.27018420774177726,-11797.071518700166,490.142007919536,0.0,0.4142678347934919,PatchTST-SSL(HoW-cond),Hog_office_Napoleon,123,Hog,False
z12,32563.77162375075,41848.965212604075,-0.22187391113930843,-10164.75111882792,879.5575299745955,0.0,0.509386733416771,PatchTST-SSL(HoW-cond),Hog_office_Napoleon,123,Hog,True
cusum,47143.21223923844,41848.965212604075,0.12650843335643205,-7776.435565786771,13070.682592421137,0.0,0.6770963704630788,PatchTST-SSL(HoW-cond),Hog_office_Napoleon,123,Hog,False
none,9130.942056528917,29276.541662722142,-0.6881140483831341,-19988.128198620558,1533.1248667622012,1690.5962743348705,0.13617886178861788,PatchTST-SSL(HoW-cond),Hog_office_Shawna,123,Hog,False
z6,53979.30215995684,29276.541662722142,0.8437731745033517,17421.093205962596,8972.263565606983,1690.5962743348705,0.6971544715447154,PatchTST-SSL(HoW-cond),Hog_office_Shawna,123,Hog,False
z12,61772.10314305239,29276.541662722142,1.109952188161175,20786.73046717468,13399.427287490436,1690.5962743348705,0.8150406504065041,PatchTST-SSL(HoW-cond),Hog_office_Shawna,123,Hog,True
cusum,94448.35427873541,29276.541662722142,2.2260762000792127,21961.101040998332,44901.30784934982,1690.5962743348705,0.8373983739837398,PatchTST-SSL(HoW-cond),Hog_office_Shawna,123,Hog,False
none,10507.206388825216,18696.22773067866,-0.43800393639921653,-9151.891238310904,962.8698964574587,0.0,0.11627906976744186,PatchTST-SSL(HoW-cond),Hog_office_Shawnna,123,Hog,False
z6,16156.944264059777,18696.22773067866,-0.13581795767561014,-4835.846762893583,2296.563296274699,0.0,0.28875968992248063,PatchTST-SSL(HoW-cond),Hog_office_Shawnna,123,Hog,False
z12,24456.55692221001,18696.22773067866,0.3081011460980024,-826.908610378563,6587.237801909911,0.0,0.4496124031007752,PatchTST-SSL(HoW-cond),Hog_office_Shawnna,123,Hog,True
cusum,37752.60787569478,18696.22773067866,1.0192633733138845,7301.564559229031,11754.815585787095,0.0,0.9670542635658915,PatchTST-SSL(HoW-cond),Hog_office_Shawnna,123,Hog,False
none,5115.499142683056,6296.856878678277,-0.18761070145891434,-1440.5152303422146,259.15749434699325,0.0,0.2353870458135861,PatchTST-SSL(HoW-cond),Hog_office_Sherrie,123,Hog,False
z6,9227.452875071673,6296.856878678277,0.46540616260735684,1454.7466327190414,1475.8493636743535,0.0,0.39652448657187994,PatchTST-SSL(HoW-cond),Hog_office_Sherrie,123,Hog,False
z12,10578.870611671517,6296.856878678277,0.6800239890305467,2261.3543709617798,2020.6593620314595,0.0,0.49921011058451814,PatchTST-SSL(HoW-cond),Hog_office_Sherrie,123,Hog,True
cusum,19469.003137316722,6296.856878678277,2.0918605127012677,5806.0594483160285,7366.086810322416,0.0,1.0,PatchTST-SSL(HoW-cond),Hog_office_Sherrie,123,Hog,False
none,7116.945445347268,23837.74064586406,-0.7014421143732812,-16839.04277976106,118.24757924427016,0.0,0.15977961432506887,PatchTST-SSL(HoW-cond),Hog_office_Shon,123,Hog,False
z6,25311.521045623696,23837.74064586406,0.0618255069410423,832.6111160134096,641.1692837462275,0.0,0.568870523415978,PatchTST-SSL(HoW-cond),Hog_office_Shon,123,Hog,False
z12,27432.0486051484,23837.74064586406,0.15078224118140007,1995.7782028993097,1598.5297563850343,0.0,0.6115702479338843,PatchTST-SSL(HoW-cond),Hog_office_Shon,123,Hog,True
cusum,48048.44658796996,23837.74064586406,1.015646000255756,12002.271464391095,12208.4344777148,0.0,1.0,PatchTST-SSL(HoW-cond),Hog_office_Shon,123,Hog,False
none,5312.353835931455,13503.723662481836,-0.6066008185067449,-9041.017895502377,849.6480689519957,0.0,0.18683001531393567,PatchTST-SSL(HoW-cond),Hog_office_Sydney,123,Hog,False
z6,13704.994143364198,13503.723662481836,0.014904813362077536,-3042.3806914047964,3243.6511722871564,0.0,0.4869831546707504,PatchTST-SSL(HoW-cond),Hog_office_Sydney,123,Hog,False
z12,17498.890617370125,13503.723662481836,0.2958566877363085,-789.0171550023333,4784.184109890618,0.0,0.7029096477794793,PatchTST-SSL(HoW-cond),Hog_office_Sydney,123,Hog,True
cusum,21746.29531916076,13503.723662481836,0.6103925008166251,473.4736359886647,7769.098020690261,0.0,0.8453292496171516,PatchTST-SSL(HoW-cond),Hog_office_Sydney,123,Hog,False
none,1214.5249414002042,659.9110469348791,0.8404373544606765,101.22605350642039,453.38784095890463,0.0,0.19642857142857142,PatchTST-SSL(HoW-cond),Hog_office_Valda,123,Hog,False
z6,3325.2220557930254,659.9110469348791,4.03889436498729,348.5643611485676,2316.7466477095786,0.0,0.4375,PatchTST-SSL(HoW-cond),Hog_office_Valda,123,Hog,False
z12,4899.110980467172,659.9110469348791,6.423895998138403,872.8896162758576,3366.310317256435,0.0,0.6607142857142857,PatchTST-SSL(HoW-cond),Hog_office_Valda,123,Hog,True
cusum,10069.641158416827,659.9110469348791,14.259088638063838,1132.7827306978945,8276.947380784053,0.0,0.9910714285714286,PatchTST-SSL(HoW-cond),Hog_office_Valda,123,Hog,False
none,4491.164807691608,9324.415559898544,-0.5183435595677724,-5529.213965766398,899.1001512747438,203.13693771528114,0.10892857142857143,PatchTST-SSL(HoW-cond),Lamb_education_Armando,123,Lamb,False
z6,9933.394337232357,9324.415559898544,0.0653101283851875,-1565.5147655308683,2377.630480579963,203.13693771528114,0.3482142857142857,PatchTST-SSL(HoW-cond),Lamb_education_Armando,123,Lamb,False
z12,15151.614320197936,9324.415559898544,0.6249398391637959,1057.7346116679419,4972.60108634673,203.13693771528114,0.4517857142857143,PatchTST-SSL(HoW-cond),Lamb_education_Armando,123,Lamb,True
cusum,40772.725938174495,9324.415559898544,3.3726843442634094,6828.66773801507,24822.779577976165,203.13693771528114,0.7142857142857143,PatchTST-SSL(HoW-cond),Lamb_education_Armando,123,Lamb,False
none,282.5918522375297,95.53374276853432,1.9580318330269182,15.46220834766703,171.59590112132832,0.0,0.9285714285714286,PatchTST-SSL(HoW-cond),Lamb_education_Eula,123,Lamb,False
z6,761.3169085063632,95.53374276853432,6.969089103427401,15.699960024735645,650.0832057130933,0.0,1.0,PatchTST-SSL(HoW-cond),Lamb_education_Eula,123,Lamb,False
z12,969.51677201669,95.53374276853432,9.148422368060062,15.699960024735645,858.28306922342,0.0,1.0,PatchTST-SSL(HoW-cond),Lamb_education_Eula,123,Lamb,True
cusum,1497.4061148105625,95.53374276853432,14.674107089456134,15.699960024735645,1386.1724120172923,0.0,1.0,PatchTST-SSL(HoW-cond),Lamb_education_Eula,123,Lamb,False
none,3814.412374510735,3042.745085912202,0.253608917871998,-1318.2412672406042,2732.688041889895,642.7794860507587,0.020477815699658702,PatchTST-SSL(HoW-cond),Lamb_education_Lazaro,123,Lamb,False
z6,5162.45941701349,3042.745085912202,0.6966453880463032,-658.485514278475,3420.9793314305216,642.7794860507587,0.07679180887372014,PatchTST-SSL(HoW-cond),Lamb_education_Lazaro,123,Lamb,False
z12,9473.71694299254,3042.745085912202,2.113542763360461,-49.19188027460859,7122.943223405705,642.7794860507587,0.08703071672354949,PatchTST-SSL(HoW-cond),Lamb_education_Lazaro,123,Lamb,True
cusum,21473.51592932826,3042.745085912202,6.057283907465615,5213.936667814964,13859.613661651852,642.7794860507587,0.3430034129692833,PatchTST-SSL(HoW-cond),Lamb_education_Lazaro,123,Lamb,False
none,748.2559563943632,466.93086828488964,0.6024983722811575,-105.09218894325187,386.4172770527254,0.0,0.060240963855421686,PatchTST-SSL(HoW-cond),Lamb_education_Lucas,123,Lamb,False
z6,3725.721073926231,466.93086828488964,6.97917063742517,983.9138359066073,2274.8763697347335,0.0,0.3301204819277108,PatchTST-SSL(HoW-cond),Lamb_education_Lucas,123,Lamb,False
z12,4666.994022652502,466.93086828488964,8.995042820353907,1320.4065978212884,2879.6565565463243,0.0,0.5734939759036145,PatchTST-SSL(HoW-cond),Lamb_education_Lucas,123,Lamb,True
cusum,6075.497350092146,466.93086828488964,12.011556448192001,1511.7052058101433,4096.861275997113,0.0,1.0,PatchTST-SSL(HoW-cond),Lamb_education_Lucas,123,Lamb,False
none,5539.23408160668,10256.801447824697,-0.4599452753585805,-7213.151179533252,2500.693346594492,5.109533279254961,0.07142857142857142,PatchTST-SSL(HoW-cond),Lamb_education_Mae,123,Lamb,False
z6,14293.305956191372,10256.801447824697,0.39354417933309543,-1412.4244015994082,5454.038443245342,5.109533279254961,0.2819548872180451,PatchTST-SSL(HoW-cond),Lamb_education_Mae,123,Lamb,False
z12,20371.439613084887,10256.801447824697,0.9861396086014069,917.5829775514176,9202.164720988027,5.109533279254961,0.40476190476190477,PatchTST-SSL(HoW-cond),Lamb_education_Mae,123,Lamb,True
cusum,44415.24414772648,10256.801447824697,3.330321140919252,6519.690663458441,27643.861569722598,5.109533279254961,0.7982456140350878,PatchTST-SSL(HoW-cond),Lamb_education_Mae,123,Lamb,False
none,3607.5125933153604,1474.2353547993025,1.4470398037676115,55.010670604795905,2078.266567911263,0.0,0.0825242718446602,PatchTST-SSL(HoW-cond),Lamb_education_Williams,123,Lamb,False
z6,10269.629008712925,1474.2353547993025,5.966071580959336,1930.2385468730836,6865.155107040539,0.0,0.3737864077669903,PatchTST-SSL(HoW-cond),Lamb_education_Williams,123,Lamb,False
z12,14951.175897281762,1474.2353547993025,9.141647904867378,3123.3216777762227,10353.618864706237,0.0,0.5825242718446602,PatchTST-SSL(HoW-cond),Lamb_education_Williams,123,Lamb,True
cusum,35340.77484796415,1474.2353547993025,22.97227466626272,4990.212626666675,28876.32686649818,0.0,1.0,PatchTST-SSL(HoW-cond),Lamb_education_Williams,123,Lamb,False
none,3759.740532371777,2722.576096492226,0.3809496591172737,-509.09478218001186,1851.3404159016136,305.0811978420506,0.08018867924528301,PatchTST-SSL(HoW-cond),Lamb_office_Caitlin,123,Lamb,False
z6,5194.210490735066,2722.576096492226,0.9078293155615741,404.34616233578527,2372.3694297491047,305.0811978420506,0.2783018867924528,PatchTST-SSL(HoW-cond),Lamb_office_Caitlin,123,Lamb,False
z12,7042.782493978679,2722.576096492226,1.586808318435109,1442.698732017781,3182.5888633107224,305.0811978420506,0.3938679245283019,PatchTST-SSL(HoW-cond),Lamb_office_Caitlin,123,Lamb,True
cusum,9264.68371493975,2722.576096492226,2.4029108412713946,3067.569483226672,3779.6193330629035,305.0811978420506,0.8584905660377359,PatchTST-SSL(HoW-cond),Lamb_office_Caitlin,123,Lamb,False
none,6314.82392117694,16837.45779202471,-0.6249538380925865,-11934.510057846173,1941.5886593837408,529.7124723853377,0.05821474773609314,PatchTST-SSL(HoW-cond),Lamb_office_Velma,123,Lamb,False
z6,18666.14152090908,16837.45779202471,0.1086080661030997,-518.0298918779372,2876.426093147648,529.7124723853377,0.2820181112548512,PatchTST-SSL(HoW-cond),Lamb_office_Velma,123,Lamb,False
z12,33763.98187098229,16837.45779202471,1.0052897704649364,9757.40704008946,7698.829511253452,529.7124723853377,0.49676584734799484,PatchTST-SSL(HoW-cond),Lamb_office_Velma,123,Lamb,True
cusum,67708.76590605715,16837.45779202471,3.021317632530507,24133.228330988164,27267.792255429613,529.7124723853377,0.9831824062095731,PatchTST-SSL(HoW-cond),Lamb_office_Velma,123,Lamb,False
none,20358.50492022463,39202.5579631034,-0.4806842722001555,-18579.08045601884,577.5657080063343,842.5382948662567,0.2992213570634038,PatchTST-SSL(HoW-cond),Rat_retail_Jeffrey,123,Rat,False
z6,31743.959534241872,39202.5579631034,-0.19025795296014605,-7930.924466871194,1314.8643328759294,842.5382948662567,0.5105672969966629,PatchTST-SSL(HoW-cond),Rat_retail_Jeffrey,123,Rat,False
z12,42948.12749036074,39202.5579631034,0.09554400839819158,2478.8536848171134,2109.254137306478,842.5382948662567,0.7708565072302559,PatchTST-SSL(HoW-cond),Rat_retail_Jeffrey,123,Rat,True
cusum,45668.52088917483,39202.5579631034,0.16493727098515001,3824.9536779763876,3483.547542961306,842.5382948662567,0.8843159065628476,PatchTST-SSL(HoW-cond),Rat_retail_Jeffrey,123,Rat,False
none,23641.073986658907,45250.35916989452,-0.4775494731898718,-23354.126782788673,2343.9627777505257,599.1211781974617,0.16423841059602648,PatchTST-SSL(HoW-cond),Robin_education_Zenia,123,Robin,False
z6,147657.1538332654,45250.35916989452,2.2631156203397182,28998.998211665268,74006.91762990304,599.1211781974617,0.623841059602649,PatchTST-SSL(HoW-cond),Robin_education_Zenia,123,Robin,False
z12,167572.78364699485,45250.35916989452,2.7032365426721867,44844.14806360485,78077.39759169295,599.1211781974617,0.8649006622516556,PatchTST-SSL(HoW-cond),Robin_education_Zenia,123,Robin,True
cusum,174098.91371154174,45250.35916989452,2.847459266740392,44844.14806360485,84603.52765623986,599.1211781974617,0.8649006622516556,PatchTST-SSL(HoW-cond),Robin_education_Zenia,123,Robin,False
none,4243.593104259353,8399.874397599166,-0.4948027906855074,-4170.489316371954,140.52652922809446,126.3185061959526,0.31448763250883394,PatchTST-SSL(HoW-cond),Robin_office_Dina,123,Robin,False
z6,11247.74702736851,8399.874397599166,0.33903752544006105,1591.2161033296088,1382.9750326356875,126.3185061959526,0.8533568904593639,PatchTST-SSL(HoW-cond),Robin_office_Dina,123,Robin,False
z12,11687.783253873404,8399.874397599166,0.3914235738112919,1601.0606996564766,1813.1666628137143,126.3185061959526,0.8568904593639576,PatchTST-SSL(HoW-cond),Robin_office_Dina,123,Robin,True
cusum,13668.522631296913,8399.874397599166,0.6272294065734628,1878.2293039497072,3516.737435943991,126.3185061959526,0.9876325088339223,PatchTST-SSL(HoW-cond),Robin_office_Dina,123,Robin,False
none,1531.6433544631702,7369.35742045381,-0.7921605281062822,-5091.41195956747,231.08764986180665,977.3897562849763,0.018726591760299626,PatchTST-SSL(HoW-cond),Robin_office_Sammie,123,Robin,False
z6,4078.195195421892,7369.35742045381,-0.4466009771621643,-4069.823490644533,1756.0510218975912,977.3897562849763,0.062421972534332085,PatchTST-SSL(HoW-cond),Robin_office_Sammie,123,Robin,False
z12,5285.466658525329,7369.35742045381,-0.28277781128441365,-3615.460848400231,2508.959842756726,977.3897562849763,0.09987515605493133,PatchTST-SSL(HoW-cond),Robin_office_Sammie,123,Robin,True
cusum,14527.168528377082,7369.35742045381,0.9712937912410943,-1837.2998309648783,9972.500695173125,977.3897562849763,0.32709113607990015,PatchTST-SSL(HoW-cond),Robin_office_Sammie,123,Robin,False
none,27091.792300263824,46922.276078840725,-0.42262408041027066,-18835.470409475696,338.09868042319033,1333.1120495243858,0.24033149171270718,PatchTST-SSL(HoW-cond),Shrew_office_Doris,123,Shrew,False
z6,51180.26326879661,46922.276078840725,0.09074553806387059,4154.413330599564,1436.6859088807078,1333.1120495243858,0.4074585635359116,PatchTST-SSL(HoW-cond),Shrew_office_Doris,123,Shrew,False
z12,52216.929772794916,46922.276078840725,0.112838807841672,4174.141678333566,2453.62406514501,1333.1120495243858,0.4240331491712707,PatchTST-SSL(HoW-cond),Shrew_office_Doris,123,Shrew,True
cusum,63835.59723694279,46922.276078840725,0.36045397988971406,9807.868439483536,8438.56476814293,1333.1120495243858,0.5994475138121547,PatchTST-SSL(HoW-cond),Shrew_office_Doris,123,Shrew,False
none,28798.445911422637,38533.35760444251,-0.2526359574722743,-9763.914746738094,32.187830161091064,3.1847764428720353,0.2962962962962963,PatchTST-SSL(HoW-cond),Shrew_office_Ila,123,Shrew,False
z6,46432.568771205435,38533.35760444251,0.20499670046537083,7301.801145986268,600.5947972195409,3.1847764428720353,0.5266485998193315,PatchTST-SSL(HoW-cond),Shrew_office_Ila,123,Shrew,False
z12,50634.26676615064,38533.35760444251,0.31403723718882504,9207.848014069947,2896.2459240810585,3.1847764428720353,0.5672990063233966,PatchTST-SSL(HoW-cond),Shrew_office_Ila,123,Shrew,True
cusum,60599.30863972902,38533.35760444251,0.5726454274190349,15910.954720308306,6158.181091421067,3.1847764428720353,0.7506775067750677,PatchTST-SSL(HoW-cond),Shrew_office_Ila,123,Shrew,False
none,3457.953153178429,13728.537242390868,-0.7481193304046269,-10342.114477346693,71.53038813425333,0.0,0.20539152759948653,PatchTST-SSL(HoW-cond),Shrew_office_Kenneth,123,Shrew,False
z6,10679.451582022197,13728.537242390868,-0.2220983639068064,-3467.0996608151527,418.014000446481,0.0,0.5943517329910141,PatchTST-SSL(HoW-cond),Shrew_office_Kenneth,123,Shrew,False
z12,12471.93085303401,13728.537242390868,-0.09153243110829898,-2027.7998422279888,771.1934528711312,0.0,0.711168164313222,PatchTST-SSL(HoW-cond),Shrew_office_Kenneth,123,Shrew,True
cusum,15299.981247126552,13728.537242390868,0.11446550910634466,-211.17140169328377,1782.6154064289674,0.0,0.993581514762516,PatchTST-SSL(HoW-cond),Shrew_office_Kenneth,123,Shrew,False
none,5099.137322908729,6256.343088371316,-0.1849652023741295,-2230.85145926969,1073.645693807103,0.0,0.19607843137254902,PatchTST-SSL(HoW-cond),Shrew_office_Nora,123,Shrew,False
z6,11767.220357325508,6256.343088371316,0.8808463971864452,-424.0129690586755,5934.8902380128675,0.0,0.42745098039215684,PatchTST-SSL(HoW-cond),Shrew_office_Nora,123,Shrew,False
z12,16893.162022854107,6256.343088371316,1.7001655414731776,2406.2215638972875,8230.597370585503,0.0,0.6470588235294118,PatchTST-SSL(HoW-cond),Shrew_office_Nora,123,Shrew,True
cusum,37899.959570103056,6256.343088371316,5.057845459362327,4876.434092663457,26767.182389068283,0.0,0.9333333333333333,PatchTST-SSL(HoW-cond),Shrew_office_Nora,123,Shrew,False
none,15167.326163589489,24840.88014206239,-0.38942074206513055,-10492.416086533107,871.7541159321876,52.89200787198175,0.15337423312883436,PatchTST-SSL(HoW-cond),Shrew_office_Sherill,123,Shrew,False
z6,28455.608903419306,24840.88014206239,0.1455153255715845,-350.1873956123454,4017.808164841247,52.89200787198175,0.3537832310838446,PatchTST-SSL(HoW-cond),Shrew_office_Sherill,123,Shrew,False
z12,30734.354000614192,24840.88014206239,0.23724899539982655,-346.60711701518085,6292.972983438957,52.89200787198175,0.39059304703476483,PatchTST-SSL(HoW-cond),Shrew_office_Sherill,123,Shrew,True
cusum,81326.6518142767,24840.88014206239,2.273903796853336,9955.348307889533,46583.315372196754,52.89200787198175,0.6728016359918201,PatchTST-SSL(HoW-cond),Shrew_office_Sherill,123,Shrew,False
none,4477.899015353962,11834.971950501258,-0.6216383922089224,-8048.966553868184,698.2659830357428,6.372364314854387,0.1169811320754717,PatchTST-SSL(HoW-cond),Wolf_office_Darleen,123,Wolf,False
z6,10260.229880552064,11834.971950501258,-0.13305836942710264,-2593.072984047785,1024.7032784134487,6.372364314854387,0.3745283018867924,PatchTST-SSL(HoW-cond),Wolf_office_Darleen,123,Wolf,False
z12,11894.961987927238,11834.971950501258,0.005068878716137455,-1501.5366756490257,1567.8990773898613,6.372364314854387,0.4320754716981132,PatchTST-SSL(HoW-cond),Wolf_office_Darleen,123,Wolf,True
cusum,20963.086901646937,11834.971950501258,0.7712831926702679,1505.1505971376373,7629.3367183228975,6.372364314854387,0.6792452830188679,PatchTST-SSL(HoW-cond),Wolf_office_Darleen,123,Wolf,False
none,2993.206706966496,9160.220925635385,-0.6732385898477797,-5289.321045261555,367.95424815300424,1245.6474215603403,0.07659574468085106,PatchTST-SSL(HoW-cond),Wolf_retail_Harriett,123,Wolf,False
z6,12428.763143506405,9160.220925635385,0.3568191470932566,2699.926887626425,1814.262751804934,1245.6474215603403,0.29929078014184396,PatchTST-SSL(HoW-cond),Wolf_retail_Harriett,123,Wolf,False
z12,17463.461088909677,9160.220925635385,0.9064454046121545,5354.208290123726,4194.679294710904,1245.6474215603403,0.44680851063829785,PatchTST-SSL(HoW-cond),Wolf_retail_Harriett,123,Wolf,True
cusum,23441.46309243184,9160.220925635385,1.5590499708178007,5447.910947256603,10078.978641100193,1245.6474215603403,0.4397163120567376,PatchTST-SSL(HoW-cond),Wolf_retail_Harriett,123,Wolf,False
none,832.1718135733234,1465.0727599937973,-0.43199284274669975,-810.6163660666174,177.71541964614363,0.0,0.1431980906921241,PatchTST-SSL(HoW-cond),Wolf_retail_Marcella,123,Wolf,False
z6,2032.0927025770577,1465.0727599937973,0.38702510760329817,59.574381891035955,507.4455606922245,0.0,0.41766109785202865,PatchTST-SSL(HoW-cond),Wolf_retail_Marcella,123,Wolf,False
z12,2131.6190209571337,1465.0727599937973,0.4549577871928753,112.3106482097844,554.235612753552,0.0,0.49403341288782815,PatchTST-SSL(HoW-cond),Wolf_retail_Marcella,123,Wolf,True
cusum,3151.8633278057787,1465.0727599937973,1.1513356973609439,556.0118864326182,1130.7786813793634,0.0,0.9904534606205251,PatchTST-SSL(HoW-cond),Wolf_retail_Marcella,123,Wolf,False
none,6247.611213860626,1509.3555988403855,3.139257321906493,31.359709524547497,4796.730658678202,89.8347531825095,0.025362318840579712,PatchTST-SSL(HoW-cond),Wolf_retail_Toshia,123,Wolf,False
z6,12117.432547846955,1509.3555988403855,7.0282158539422985,39.65908605955474,10658.252616129525,89.8347531825095,0.028985507246376812,PatchTST-SSL(HoW-cond),Wolf_retail_Toshia,123,Wolf,False
z12,14765.911731014265,1509.3555988403855,8.782924409833365,303.54587280434885,13042.845012552041,89.8347531825095,0.043478260869565216,PatchTST-SSL(HoW-cond),Wolf_retail_Toshia,123,Wolf,True
cusum,31337.025277282584,1509.3555988403855,19.76185711396197,4143.100256672826,25774.40417495188,89.8347531825095,0.7028985507246377,PatchTST-SSL(HoW-cond),Wolf_retail_Toshia,123,Wolf,False
none,934.9280740176408,2314.3794962106817,-0.5960351033404883,-1886.497513133872,618.725,111.67890905916886,0.02666666666666667,HOW-profile(HoW-cond),Fox_education_Henrietta,123,Fox,False
z6,1315.3150089298724,2314.3794962106817,-0.43167703866914264,-1836.6155782216406,949.2299999999999,111.67890905916886,0.03666666666666667,HOW-profile(HoW-cond),Fox_education_Henrietta,123,Fox,True
z12,1622.2725834425917,2314.3794962106817,-0.2990464242797139,-1752.7130037089214,1172.2849999999999,111.67890905916886,0.056666666666666664,HOW-profile(HoW-cond),Fox_education_Henrietta,123,Fox,False
cusum,4092.2070548481233,2314.3794962106817,0.7681659648075292,-1599.0835323033898,3488.59,111.67890905916886,0.1,HOW-profile(HoW-cond),Fox_education_Henrietta,123,Fox,False
none,15054.060999554016,10343.34322776189,0.4554347340179524,-2223.369576037222,7033.160000000001,99.0726521706526,0.2303370786516854,HOW-profile(HoW-cond),Fox_retail_Manie,123,Fox,False
z6,18568.332337867127,10343.34322776189,0.7951963817684288,297.1117622758902,8026.950000000001,99.0726521706526,0.5037453183520599,HOW-profile(HoW-cond),Fox_retail_Manie,123,Fox,True
z12,20428.390738110236,10343.34322776189,0.975027830777164,520.1401625189992,9663.98,99.0726521706526,0.6367041198501873,HOW-profile(HoW-cond),Fox_retail_Manie,123,Fox,False
cusum,21854.237661887062,10343.34322776189,1.1128794801307118,719.3320862958262,10890.635,99.0726521706526,0.7340823970037453,HOW-profile(HoW-cond),Fox_retail_Manie,123,Fox,False
none,32365.270267791642,54426.024768996416,-0.4053346647093653,-22892.413501204777,831.6590000000003,0.0,0.36385836385836384,HOW-profile(HoW-cond),Hog_education_Bruno,123,Hog,False
z6,55556.820164908495,54426.024768996416,0.020776740552182163,-90.30510408792907,1221.1004999999998,0.0,0.608058608058608,HOW-profile(HoW-cond),Hog_education_Bruno,123,Hog,True
z12,55910.30566490849,54426.024768996416,0.02727152868892951,-87.21310408792488,1571.494,0.0,0.6153846153846154,HOW-profile(HoW-cond),Hog_education_Bruno,123,Hog,False
cusum,60791.60961338783,54426.024768996416,0.11695847476293265,3022.336344391406,3343.2485,0.0,0.9010989010989011,HOW-profile(HoW-cond),Hog_education_Bruno,123,Hog,False
none,151031.75857435414,228760.23935675388,-0.33978142793067023,-95856.06678239978,18127.586000000003,0.0,0.3281786941580756,HOW-profile(HoW-cond),Hog_education_Caridad,123,Hog,False
z6,98914.09000530354,228760.23935675388,-0.5676080323947991,-153586.83685145035,23740.6875,0.0,0.19759450171821305,HOW-profile(HoW-cond),Hog_education_Caridad,123,Hog,True
z12,114178.9339317934,228760.23935675388,-0.5008794611648827,-140571.37992496046,25990.074500000002,0.0,0.26288659793814434,HOW-profile(HoW-cond),Hog_education_Caridad,123,Hog,False
cusum,211617.68053137488,228760.23935675388,-0.07493679353362195,-53385.812325379025,36243.253500000006,0.0,0.6735395189003437,HOW-profile(HoW-cond),Hog_education_Caridad,123,Hog,False
none,4637.3934592563,26559.941717637586,-0.8253989595098863,-12758.335488910172,3525.5345,12689.747269471116,0.007797270955165692,HOW-profile(HoW-cond),Hog_education_Josh,123,Hog,False
z6,19897.121737667323,26559.941717637586,-0.2508597364709465,-7313.909210499148,13340.8365,12689.747269471116,0.08771929824561403,HOW-profile(HoW-cond),Hog_education_Josh,123,Hog,True
z12,28704.906093629437,26559.941717637586,0.08075937811894558,-4967.118354537033,19801.83,12689.747269471116,0.1267056530214425,HOW-profile(HoW-cond),Hog_education_Josh,123,Hog,False
cusum,93758.15777494406,26559.941717637586,2.53005886728593,10021.301826777575,69866.6615,12689.747269471116,0.4171539961013645,HOW-profile(HoW-cond),Hog_education_Josh,123,Hog,False
none,70238.89296535542,131732.1106100514,-0.46680507402425186,-59861.10784934698,1145.8800000000003,2777.9897953490085,0.4332191780821918,HOW-profile(HoW-cond),Hog_education_Luvenia,123,Hog,False
z6,124550.05211147593,131732.1106100514,-0.054520180883122236,-6864.609203226442,2460.5405,2777.9897953490085,0.6506849315068494,HOW-profile(HoW-cond),Hog_education_Luvenia,123,Hog,True
z12,125926.92023690656,131732.1106100514,-0.04406814971885749,-6780.367077795832,3753.1665000000003,2777.9897953490085,0.6541095890410958,HOW-profile(HoW-cond),Hog_education_Luvenia,123,Hog,False
cusum,144295.38484157002,131732.1106100514,0.09536986975565863,7048.000526867661,8293.263500000001,2777.9897953490085,0.833904109589041,HOW-profile(HoW-cond),Hog_education_Luvenia,123,Hog,False
none,12005.100937605977,16200.222099144257,-0.25895454617007246,-5268.055661538279,1072.9345,0.0,0.3074866310160428,HOW-profile(HoW-cond),Hog_office_Almeda,123,Hog,False
z6,23873.85052176291,16200.222099144257,0.4736742728375308,3955.2744226186533,3718.354,0.0,0.7179144385026738,HOW-profile(HoW-cond),Hog_office_Almeda,123,Hog,True
z12,25911.663872722314,16200.222099144257,0.5994634958795437,4711.204273578058,5000.237499999999,0.0,0.8248663101604278,HOW-profile(HoW-cond),Hog_office_Almeda,123,Hog,False
cusum,28397.981430544656,16200.222099144257,0.7529377842322742,5280.951331400394,6916.808,0.0,0.9478609625668449,HOW-profile(HoW-cond),Hog_office_Almeda,123,Hog,False
none,8457.317442705033,14151.505445393912,-0.4023733040036561,-5433.270746910591,414.74250000000006,675.659755778285,0.3136288998357964,HOW-profile(HoW-cond),Hog_office_Cortney,123,Hog,False
z6,14771.369898303205,14151.505445393912,0.043802014937643866,92.1227086875806,1203.4015000000004,675.659755778285,0.5599343185550082,HOW-profile(HoW-cond),Hog_office_Cortney,123,Hog,True
z12,15535.738330599625,14151.505445393912,0.09781523884840522,180.8071409840013,1879.0855000000006,675.659755778285,0.5911330049261084,HOW-profile(HoW-cond),Hog_office_Cortney,123,Hog,False
cusum,17492.728580449915,14151.505445393912,0.23610372394291929,414.7338908342881,3602.1490000000013,675.659755778285,0.6847290640394089,HOW-profile(HoW-cond),Hog_office_Cortney,123,Hog,False
none,1445.7962423510107,5469.765870194816,-0.73567493076271,-4333.771627843806,309.80199999999996,0.0,0.0598159509202454,HOW-profile(HoW-cond),Hog_office_Denita,123,Hog,False
z6,3181.4147018240383,5469.765870194816,-0.41836364163961437,-3254.6829183707778,966.3317499999998,0.0,0.19785276073619631,HOW-profile(HoW-cond),Hog_office_Denita,123,Hog,True
z12,3353.5580234020777,5469.765870194816,-0.38689185186593106,-3203.615596792738,1087.4077499999999,0.0,0.24846625766871167,HOW-profile(HoW-cond),Hog_office_Denita,123,Hog,False
cusum,5089.552857308495,5469.765870194816,-0.06951175277138123,-2352.91876288632,1972.7057499999996,0.0,0.75,HOW-profile(HoW-cond),Hog_office_Denita,123,Hog,False
none,54590.386849163886,87474.51543031975,-0.37592810225225687,-34285.56958115586,1401.441,0.0,0.328748280605227,HOW-profile(HoW-cond),Hog_office_Garrett,123,Hog,False
z6,73850.8422714882,87474.51543031975,-0.15574448274233493,-16238.31215883154,2614.639000000001,0.0,0.5488308115543329,HOW-profile(HoW-cond),Hog_office_Garrett,123,Hog,True
z12,83147.87512071323,87474.51543031975,-0.049461723661139045,-7868.4718096065335,3541.8315000000007,0.0,0.7414030261348006,HOW-profile(HoW-cond),Hog_office_Garrett,123,Hog,False
cusum,84919.31307899358,87474.51543031975,-0.029210820302989663,-6869.01585132617,4313.8135,0.0,0.8431911966987621,HOW-profile(HoW-cond),Hog_office_Garrett,123,Hog,False
none,55585.67537947117,22610.81553189638,1.4583666741722858,-1617.899652425207,34592.75949999999,0.0,0.03353658536585366,HOW-profile(HoW-cond),Hog_office_Lavon,123,Hog,False
z6,360127.00474658504,22610.81553189638,14.927201044056327,-711.3990353113877,338227.58825,0.0,0.07317073170731707,HOW-profile(HoW-cond),Hog_office_Lavon,123,Hog,True
z12,360188.9484556806,22610.81553189638,14.929940605086676,-649.4553262157497,338227.58825,0.0,0.10975609756097561,HOW-profile(HoW-cond),Hog_office_Lavon,123,Hog,False
cusum,363140.77469298046,22610.81553189638,15.06048990938469,-592.3990889158667,341122.35825,0.0,0.1402439024390244,HOW-profile(HoW-cond),Hog_office_Lavon,123,Hog,False
none,777.8666221872384,4521.8789214531,-0.8279771228511197,-2144.7408750301183,52.256,1651.5274242357434,0.037800687285223365,HOW-profile(HoW-cond),Hog_office_Merilyn,123,Hog,False
z6,2281.6169022053273,4521.8789214531,-0.49542724565651736,-775.2190950120289,186.48450000000003,1651.5274242357434,0.140893470790378,HOW-profile(HoW-cond),Hog_office_Merilyn,123,Hog,True
z12,2718.074532653757,4521.8789214531,-0.3989059459866503,-439.5289645635994,287.25200000000007,1651.5274242357434,0.16494845360824742,HOW-profile(HoW-cond),Hog_office_Merilyn,123,Hog,False
cusum,3728.7383935637226,4521.8789214531,-0.1754006557155897,718.5353963463667,139.8515,1651.5274242357434,0.29381443298969073,HOW-profile(HoW-cond),Hog_office_Merilyn,123,Hog,False
none,280.04121412618326,1369.9129303274124,-0.7955773626727847,-956.131166860297,96.7055,230.44604934093218,0.026402640264026403,HOW-profile(HoW-cond),Hog_office_Miriam,123,Hog,False
z6,584.9810931653167,1369.9129303274124,-0.5729793622536983,-776.1902878211635,221.7045,230.44604934093218,0.11221122112211221,HOW-profile(HoW-cond),Hog_office_Miriam,123,Hog,True
z12,766.965267027319,1369.9129303274124,-0.4401357560410701,-695.0181139591612,322.5165,230.44604934093218,0.20132013201320131,HOW-profile(HoW-cond),Hog_office_Miriam,123,Hog,False
cusum,1308.637664590764,1369.9129303274124,-0.04472931409005934,-199.73721639571636,368.908,230.44604934093218,0.5346534653465347,HOW-profile(HoW-cond),Hog_office_Miriam,123,Hog,False
none,10806.374536179712,41848.965212604075,-0.7417767803509501,-31108.801676424362,66.211,0.0,0.1739674593241552,HOW-profile(HoW-cond),Hog_office_Napoleon,123,Hog,False
z6,28916.279865016033,41848.965212604075,-0.3090323806547306,-13187.063347588042,254.37800000000004,0.0,0.4806007509386733,HOW-profile(HoW-cond),Hog_office_Napoleon,123,Hog,True
z12,30507.972027831973,41848.965212604075,-0.2709981746778394,-12184.4121847721,843.419,0.0,0.6020025031289111,HOW-profile(HoW-cond),Hog_office_Napoleon,123,Hog,False
cusum,31921.760506872677,41848.965212604075,-0.23721505789446667,-12205.954705731398,2278.75,0.0,0.5844806007509387,HOW-profile(HoW-cond),Hog_office_Napoleon,123,Hog,False
none,13599.35417555519,29276.541662722142,-0.5354863176045391,-15759.300101146833,1116.7195,1034.6068860201226,0.2804878048780488,HOW-profile(HoW-cond),Hog_office_Shawna,123,Hog,False
z6,36848.99221975811,29276.541662722142,0.25865249537577656,4712.684943056091,3894.3725000000004,1034.6068860201226,0.6951219512195121,HOW-profile(HoW-cond),Hog_office_Shawna,123,Hog,True
z12,41558.18908345145,29276.541662722142,0.4195047202712315,5960.297306749424,7355.957,1034.6068860201226,0.7764227642276422,HOW-profile(HoW-cond),Hog_office_Shawna,123,Hog,False
cusum,45915.60493076953,29276.541662722142,0.5683411469748125,6654.839654067502,11018.8305,1034.6068860201226,0.823170731707317,HOW-profile(HoW-cond),Hog_office_Shawna,123,Hog,False
none,12596.026067531915,18696.22773067866,-0.326279811682916,-8112.626663146744,2012.4249999999997,0.0,0.15891472868217055,HOW-profile(HoW-cond),Hog_office_Shawnna,123,Hog,False
z6,14821.653835861385,18696.22773067866,-0.20723827023456087,-6870.074894817273,2995.501,0.0,0.4050387596899225,HOW-profile(HoW-cond),Hog_office_Shawnna,123,Hog,True
z12,17781.080695578392,18696.22773067866,-0.04894821823327507,-6110.33603510027,5195.1889999999985,0.0,0.7131782945736435,HOW-profile(HoW-cond),Hog_office_Shawnna,123,Hog,False
cusum,20099.439700937146,18696.22773067866,0.07505321343278003,-6274.027529741514,7677.239499999998,0.0,0.9593023255813954,HOW-profile(HoW-cond),Hog_office_Shawnna,123,Hog,False
none,3991.1464152523995,6296.856878678277,-0.3661684722791176,-2386.9689634258775,81.25850000000001,0.0,0.24644549763033174,HOW-profile(HoW-cond),Hog_office_Sherrie,123,Hog,False
z6,4842.974866645094,6296.856878678277,-0.23089011550447622,-1678.5570120331822,224.675,0.0,0.3412322274881517,HOW-profile(HoW-cond),Hog_office_Sherrie,123,Hog,True
z12,5278.655678866763,6296.856878678277,-0.16169991146840812,-1323.4176998115145,305.21650000000005,0.0,0.4265402843601896,HOW-profile(HoW-cond),Hog_office_Sherrie,123,Hog,False
cusum,7100.44573262446,6296.856878678277,0.12761745572893787,-224.58414605381768,1028.173,0.0,0.7772511848341233,HOW-profile(HoW-cond),Hog_office_Sherrie,123,Hog,False
none,6520.262482195599,23837.74064586406,-0.7264731343854566,-17502.455163668463,184.977,0.0,0.1487603305785124,HOW-profile(HoW-cond),Hog_office_Shon,123,Hog,False
z6,23564.882938840437,23837.74064586406,-0.011446458415553157,-1054.9857070236249,782.1279999999999,0.0,0.6225895316804407,HOW-profile(HoW-cond),Hog_office_Shon,123,Hog,True
z12,24247.017030586052,23837.74064586406,0.01716926074506148,-732.551615278011,1141.828,0.0,0.6556473829201102,HOW-profile(HoW-cond),Hog_office_Shon,123,Hog,False
cusum,33303.37978318347,23837.74064586406,0.3970862540180262,4033.860137319407,5431.7789999999995,0.0,0.9972451790633609,HOW-profile(HoW-cond),Hog_office_Shon,123,Hog,False
none,4076.684621601293,13503.723662481836,-0.6981066316598452,-9094.772217018908,624.4994999999999,956.7663238616351,0.11944869831546708,HOW-profile(HoW-cond),Hog_office_Sydney,123,Hog,False
z6,7129.582126740112,13503.723662481836,-0.47202843416082074,-6315.92171188009,898.5465000000002,956.7663238616351,0.32924961715160794,HOW-profile(HoW-cond),Hog_office_Sydney,123,Hog,True
z12,7562.936649003836,13503.723662481836,-0.43993695087108653,-5916.4361896163655,932.4154999999998,956.7663238616351,0.39663093415007655,HOW-profile(HoW-cond),Hog_office_Sydney,123,Hog,False
cusum,8820.569189781256,13503.723662481836,-0.34680467327038506,-4790.006898838946,1063.6187499999999,956.7663238616351,0.48545176110260335,HOW-profile(HoW-cond),Hog_office_Sydney,123,Hog,False
none,901.3420481449871,659.9110469348791,0.3658538561090836,33.47600121010794,207.955,0.0,0.16964285714285715,HOW-profile(HoW-cond),Hog_office_Valda,123,Hog,False
z6,1342.1736004988556,659.9110469348791,1.0338704841098123,243.5435535639765,438.71899999999994,0.0,0.5,HOW-profile(HoW-cond),Hog_office_Valda,123,Hog,True
z12,1621.6332658557415,659.9110469348791,1.4573512951295788,322.03121892086233,639.691,0.0,0.6607142857142857,HOW-profile(HoW-cond),Hog_office_Valda,123,Hog,False
cusum,3268.888096132919,659.9110469348791,3.9535283752500923,460.3190491980404,2148.658,0.0,0.9642857142857143,HOW-profile(HoW-cond),Hog_office_Valda,123,Hog,False
none,5719.824790297573,9324.415559898544,-0.3865755174086419,-4314.153831885689,912.6999999999999,203.13693771528114,0.2357142857142857,HOW-profile(HoW-cond),Lamb_education_Armando,123,Lamb,False
z6,10106.179602115377,9324.415559898544,0.08384054069607978,-2196.749020067885,3181.6499999999996,203.13693771528114,0.4035714285714286,HOW-profile(HoW-cond),Lamb_education_Armando,123,Lamb,True
z12,12904.356011272808,9324.415559898544,0.3839318859586753,-1140.3726109104555,4923.450000000001,203.13693771528114,0.55,HOW-profile(HoW-cond),Lamb_education_Armando,123,Lamb,False
cusum,18761.174997396305,9324.415559898544,1.0120483559401166,-662.2036247869582,10302.1,203.13693771528114,0.6,HOW-profile(HoW-cond),Lamb_education_Armando,123,Lamb,False
none,359.12864276853435,95.53374276853432,2.7591811265958226,12.449999999999989,251.14490000000006,0.0,0.9285714285714286,HOW-profile(HoW-cond),Lamb_education_Eula,123,Lamb,False
z6,624.5684427685344,95.53374276853432,5.53767375451605,12.449999999999989,516.5847,0.0,0.9285714285714286,HOW-profile(HoW-cond),Lamb_education_Eula,123,Lamb,True
z12,711.7684427685343,95.53374276853432,6.450440254319937,12.449999999999989,603.7846999999999,0.0,0.9285714285714286,HOW-profile(HoW-cond),Lamb_education_Eula,123,Lamb,False
cusum,745.1429427685343,95.53374276853432,6.799788024362424,12.549999999999997,637.0592,0.0,1.0,HOW-profile(HoW-cond),Lamb_education_Eula,123,Lamb,False
none,2351.871191955912,3042.745085912202,-0.22705612019718996,-723.966562705361,1050.35,1017.257331250929,0.07679180887372014,HOW-profile(HoW-cond),Lamb_education_Lazaro,123,Lamb,False
z6,5053.800034741335,3042.745085912202,0.6609344168002256,385.0622800800618,2643.25,1017.257331250929,0.14334470989761092,HOW-profile(HoW-cond),Lamb_education_Lazaro,123,Lamb,True
z12,5877.200034741335,3042.745085912202,0.9315453213457006,385.0622800800618,3466.6499999999996,1017.257331250929,0.14334470989761092,HOW-profile(HoW-cond),Lamb_education_Lazaro,123,Lamb,False
cusum,12699.611899861444,3042.745085912202,3.173735078452737,3216.72414520017,7457.4,1017.257331250929,0.3430034129692833,HOW-profile(HoW-cond),Lamb_education_Lazaro,123,Lamb,False
none,838.512656242212,466.93086828488964,0.7957961514135926,-68.07371204267787,439.6555,0.0,0.11325301204819277,HOW-profile(HoW-cond),Lamb_education_Lucas,123,Lamb,False
z6,1695.6078215472753,466.93086828488964,2.631389434105115,236.90345326238554,991.7735,0.0,0.43373493975903615,HOW-profile(HoW-cond),Lamb_education_Lucas,123,Lamb,True
z12,1874.4731334471549,466.93086828488964,3.01445537394516,338.49726516226536,1069.045,0.0,0.6771084337349398,HOW-profile(HoW-cond),Lamb_education_Lucas,123,Lamb,False
cusum,2394.7997805227933,466.93086828488964,4.128810158384407,527.5704122379036,1400.2985,0.0,1.0,HOW-profile(HoW-cond),Lamb_education_Lucas,123,Lamb,False
none,7610.278246532093,10256.801447824697,-0.25802617070781736,-5130.173201292603,2483.6499999999996,0.0,0.15162907268170425,HOW-profile(HoW-cond),Lamb_education_Mae,123,Lamb,False
z6,12005.759428609013,10256.801447824697,0.17051689941363177,-3109.5371192156817,4858.4951,0.0,0.24185463659147868,HOW-profile(HoW-cond),Lamb_education_Mae,123,Lamb,True
z12,15353.765861861319,10256.801447824697,0.49693507668685605,-1325.0501859633787,6422.0146,0.0,0.40100250626566414,HOW-profile(HoW-cond),Lamb_education_Mae,123,Lamb,False
cusum,31209.803671378482,10256.801447824697,2.0428398005108677,4261.065123553786,16691.937100000003,0.0,0.9824561403508771,HOW-profile(HoW-cond),Lamb_education_Mae,123,Lamb,False
none,2573.683394044338,1474.2353547993025,0.7457751136315074,19.14803924503508,1080.3,0.0,0.16019417475728157,HOW-profile(HoW-cond),Lamb_education_Williams,123,Lamb,False
z6,4908.883394044337,1474.2353547993025,2.329782709432183,1183.3980392450349,2251.25,0.0,0.5388349514563107,HOW-profile(HoW-cond),Lamb_education_Williams,123,Lamb,True
z12,7065.462492460405,1474.2353547993025,3.792628578238292,1469.9771376611025,4121.25,0.0,0.912621359223301,HOW-profile(HoW-cond),Lamb_education_Williams,123,Lamb,False
cusum,10373.389200596532,1474.2353547993025,6.036453960235359,1570.9538457972294,7328.200000000001,0.0,0.9902912621359223,HOW-profile(HoW-cond),Lamb_education_Williams,123,Lamb,False
none,5224.8957123506,2722.576096492226,0.9190999726627912,166.97999909574855,2902.9500000000003,567.6103832373751,0.1792452830188679,HOW-profile(HoW-cond),Lamb_office_Caitlin,123,Lamb,False
z6,5274.630558276655,2722.576096492226,0.9373675413783669,225.84524502180466,2893.8196,567.6103832373751,0.22641509433962265,HOW-profile(HoW-cond),Lamb_office_Caitlin,123,Lamb,True
z12,6836.670046175392,2722.576096492226,1.5111033829261096,1597.634732920541,3084.0696,567.6103832373751,0.4410377358490566,HOW-profile(HoW-cond),Lamb_office_Caitlin,123,Lamb,False
cusum,8603.859201372596,2722.576096492226,2.1601905314814998,3048.823888117744,3400.0696000000003,567.6103832373751,0.7051886792452831,HOW-profile(HoW-cond),Lamb_office_Caitlin,123,Lamb,False
none,9438.154688824321,16837.45779202471,-0.43945488651530096,-8389.990630815051,1520.4,529.7124723853377,0.17464424320827943,HOW-profile(HoW-cond),Lamb_office_Velma,123,Lamb,False
z6,21142.588859067895,16837.45779202471,0.2556877124931751,2492.9935394285203,2341.8499999999995,529.7124723853377,0.47347994825355755,HOW-profile(HoW-cond),Lamb_office_Velma,123,Lamb,True
z12,25093.006777952756,16837.45779202471,0.490308518536474,4390.111458313382,4395.150000000001,529.7124723853377,0.5899094437257438,HOW-profile(HoW-cond),Lamb_office_Velma,123,Lamb,False
cusum,35536.77791216153,16837.45779202471,1.1105785891854771,6588.9325925221565,12640.100000000002,529.7124723853377,0.7658473479948253,HOW-profile(HoW-cond),Lamb_office_Velma,123,Lamb,False
none,20309.28927237608,39202.5579631034,-0.48193969149944893,-19432.635395861063,1381.9050000000002,842.5382948662567,0.31590656284760843,HOW-profile(HoW-cond),Rat_retail_Jeffrey,123,Rat,False
z6,36044.9326943013,39202.5579631034,-0.08054640903213475,-4454.926973935835,2139.84,842.5382948662567,0.5739710789766407,HOW-profile(HoW-cond),Rat_retail_Jeffrey,123,Rat,True
z12,47334.37804519644,39202.5579631034,0.2074308541230023,5245.783376959291,3728.575,842.5382948662567,0.8042269187986651,HOW-profile(HoW-cond),Rat_retail_Jeffrey,123,Rat,False
cusum,48478.55584836456,39202.5579631034,0.2366171588596726,6665.986180127431,3452.55,842.5382948662567,0.8865406006674083,HOW-profile(HoW-cond),Rat_retail_Jeffrey,123,Rat,False
none,30084.788914312,45250.35916989452,-0.3351480636571899,-19071.614827385052,4505.16575,599.1211781974617,0.2052980132450331,HOW-profile(HoW-cond),Robin_education_Zenia,123,Robin,False
z6,162578.64708305287,45250.35916989452,2.592869759832049,51448.55599135581,66478.85310000001,599.1211781974617,0.9960264900662251,HOW-profile(HoW-cond),Robin_education_Zenia,123,Robin,True
z12,166186.40898305288,45250.35916989452,2.672598671738682,51448.55599135581,70086.61499999999,599.1211781974617,0.9960264900662251,HOW-profile(HoW-cond),Robin_education_Zenia,123,Robin,False
cusum,169574.78513305288,45250.35916989452,2.7474793182608055,51448.55599135581,73474.99115,599.1211781974617,0.9960264900662251,HOW-profile(HoW-cond),Robin_education_Zenia,123,Robin,False
none,5608.374881725326,8399.874397599166,-0.33232634010238293,-2995.8339096778873,330.6529,126.3185061959526,0.4045936395759717,HOW-profile(HoW-cond),Robin_office_Dina,123,Robin,False
z6,10865.96676530829,8399.874397599166,0.2935868146330829,840.7436739050772,1751.6671999999999,126.3185061959526,0.8533568904593639,HOW-profile(HoW-cond),Robin_office_Dina,123,Robin,True
z12,11374.58386530829,8399.874397599166,0.3541373747873361,841.2436739050754,2259.7843000000003,126.3185061959526,0.8551236749116607,HOW-profile(HoW-cond),Robin_office_Dina,123,Robin,False
cusum,11801.053918082394,8399.874397599166,0.4049083783271029,959.2827266791792,2568.2153,126.3185061959526,0.8957597173144877,HOW-profile(HoW-cond),Robin_office_Dina,123,Robin,False
none,2265.9446854143466,7369.35742045381,-0.6925180098979635,-3554.3121948343733,765.1859999999999,2314.2865402050898,0.04369538077403246,HOW-profile(HoW-cond),Robin_office_Sammie,123,Robin,False
z6,4639.298610374715,7369.35742045381,-0.3704609037555646,-2805.8626698740045,2390.0904,2314.2865402050898,0.11735330836454431,HOW-profile(HoW-cond),Robin_office_Sammie,123,Robin,True
z12,5250.14363505586,7369.35742045381,-0.2875710410674378,-2493.4342451928596,2688.507,2314.2865402050898,0.1947565543071161,HOW-profile(HoW-cond),Robin_office_Sammie,123,Robin,False
cusum,8649.322488160096,7369.35742045381,0.1736874729611724,-1115.2676920886238,4709.5193,2314.2865402050898,0.5955056179775281,HOW-profile(HoW-cond),Robin_office_Sammie,123,Robin,False
none,33367.788270621335,46922.276078840725,-0.2888710638299938,-12944.792464901631,687.4999999999999,1297.1953433177616,0.287292817679558,HOW-profile(HoW-cond),Shrew_office_Doris,123,Shrew,False
z6,47788.70194321696,46922.276078840725,0.01846512865063137,196.971207694005,1966.6499999999999,1297.1953433177616,0.4447513812154696,HOW-profile(HoW-cond),Shrew_office_Doris,123,Shrew,True
z12,48921.25809633797,46922.276078840725,0.042601983205982526,611.2273608150135,2684.95,1297.1953433177616,0.48204419889502764,HOW-profile(HoW-cond),Shrew_office_Doris,123,Shrew,False
cusum,53596.03048406864,46922.276078840725,0.14222998036187326,2253.649748545664,5717.299999999999,1297.1953433177616,0.6546961325966851,HOW-profile(HoW-cond),Shrew_office_Doris,123,Shrew,False
none,29175.569901395276,38533.35760444251,-0.2428490088797343,-9351.817175516288,54.45,60.42052753094859,0.3188798554652213,HOW-profile(HoW-cond),Shrew_office_Ila,123,Shrew,False
z6,39025.359538482444,38533.35760444251,0.012768208238962478,-847.9775384291206,1400.4,60.42052753094859,0.46160794941282746,HOW-profile(HoW-cond),Shrew_office_Ila,123,Shrew,True
z12,42282.296683331166,38533.35760444251,0.0972907452647323,953.6596064196056,2855.7,60.42052753094859,0.49232158988256547,HOW-profile(HoW-cond),Shrew_office_Ila,123,Shrew,False
cusum,54462.58685254978,38533.35760444251,0.41338804190452333,5238.349775638213,10751.3,60.42052753094859,0.6892502258355917,HOW-profile(HoW-cond),Shrew_office_Ila,123,Shrew,False
none,6405.15015882353,13728.537242390868,-0.5334426351668583,-7429.087083567338,105.7,0.0,0.4557124518613607,HOW-profile(HoW-cond),Shrew_office_Kenneth,123,Shrew,False
z6,11960.465980381514,13728.537242390868,-0.12878802969262582,-2145.971262009354,377.90000000000003,0.0,0.6341463414634146,HOW-profile(HoW-cond),Shrew_office_Kenneth,123,Shrew,True
z12,12739.025371439591,13728.537242390868,-0.07207700671094588,-1603.0118709512772,613.4999999999999,0.0,0.72400513478819,HOW-profile(HoW-cond),Shrew_office_Kenneth,123,Shrew,False
cusum,16793.359225157146,13728.537242390868,0.22324461292953665,-775.9280172337203,3840.75,0.0,0.9974326059050064,HOW-profile(HoW-cond),Shrew_office_Kenneth,123,Shrew,False
none,7360.585886827637,6256.343088371316,0.17649971922236496,-185.257201543679,1289.5000000000002,0.0,0.396078431372549,HOW-profile(HoW-cond),Shrew_office_Nora,123,Shrew,False
z6,9568.979646593398,6256.343088371316,0.5294844786212715,295.5865582220822,3017.0499999999997,0.0,0.7019607843137254,HOW-profile(HoW-cond),Shrew_office_Nora,123,Shrew,True
z12,10707.879286696902,6256.343088371316,0.711523670528822,429.78619832558525,4021.75,0.0,0.9921568627450981,HOW-profile(HoW-cond),Shrew_office_Nora,123,Shrew,False
cusum,12820.529286696903,6256.343088371316,1.0492049597673854,431.6861983255849,6132.5,0.0,0.996078431372549,HOW-profile(HoW-cond),Shrew_office_Nora,123,Shrew,False
none,23568.84799023749,24840.88014206239,-0.051207209428582305,-1905.2901439529196,686.1500000000001,52.89200787198175,0.3067484662576687,HOW-profile(HoW-cond),Shrew_office_Sherill,123,Shrew,False
z6,27190.242717951936,24840.88014206239,0.09457646276837972,641.6045837615311,1760.65,52.89200787198175,0.40286298568507156,HOW-profile(HoW-cond),Shrew_office_Sherill,123,Shrew,True
z12,27677.052737031634,24840.88014206239,0.1141735952490198,928.4146028412324,1960.65,52.89200787198175,0.4396728016359918,HOW-profile(HoW-cond),Shrew_office_Sherill,123,Shrew,False
cusum,30105.490050442182,24840.88014206239,0.2119333082512391,2035.6019162517769,3281.9,52.89200787198175,0.6850715746421268,HOW-profile(HoW-cond),Shrew_office_Sherill,123,Shrew,False
none,6590.896889505144,11834.971950501258,-0.44309991463680715,-6079.575060996115,835.5,0.0,0.22735849056603774,HOW-profile(HoW-cond),Wolf_office_Darleen,123,Wolf,False
z6,11474.246394726326,11834.971950501258,-0.030479629126594934,-1960.7255557749322,1600.0,0.0,0.5,HOW-profile(HoW-cond),Wolf_office_Darleen,123,Wolf,True
z12,12058.578762157013,11834.971950501258,0.01889373397680793,-1656.8931883442456,1880.5,0.0,0.5471698113207547,HOW-profile(HoW-cond),Wolf_office_Darleen,123,Wolf,False
cusum,13699.008607230679,11834.971950501258,0.1575024144142962,-957.4633432705814,2821.5,0.0,0.7745283018867924,HOW-profile(HoW-cond),Wolf_office_Darleen,123,Wolf,False
none,5304.864888050358,9160.220925635385,-0.42088024610799507,-3765.966195502224,1176.284375,1265.674217082806,0.13333333333333333,HOW-profile(HoW-cond),Wolf_retail_Harriett,123,Wolf,False
z6,15275.954638746825,9160.220925635385,0.6676404164004627,3615.1988522027905,3766.209077991453,1265.674217082806,0.4156028368794326,HOW-profile(HoW-cond),Wolf_retail_Harriett,123,Wolf,True
z12,17683.49700278334,9160.220925635385,0.9304662132432958,4453.62026965811,5335.33002457265,1265.674217082806,0.49361702127659574,HOW-profile(HoW-cond),Wolf_retail_Harriett,123,Wolf,False
cusum,21680.64019669991,9160.220925635385,1.3668250332287772,6481.4385469080125,7304.654941239316,1265.674217082806,0.7687943262411348,HOW-profile(HoW-cond),Wolf_retail_Harriett,123,Wolf,False
none,1114.3988919643507,1465.0727599937973,-0.23935594026806642,-666.5901180294467,315.91624999999993,0.0,0.1957040572792363,HOW-profile(HoW-cond),Wolf_retail_Marcella,123,Wolf,False
z6,2059.044916008903,1465.0727599937973,0.4054216092432299,61.609656015105884,532.3625000000001,0.0,0.45346062052505964,HOW-profile(HoW-cond),Wolf_retail_Marcella,123,Wolf,True
z12,2284.974985592412,1465.0727599937973,0.5596324278134049,116.36597559861457,703.5362499999999,0.0,0.5560859188544153,HOW-profile(HoW-cond),Wolf_retail_Marcella,123,Wolf,False
cusum,2656.6530238530727,1465.0727599937973,0.813324973610403,471.51651385927516,720.06375,0.0,0.9952267303102625,HOW-profile(HoW-cond),Wolf_retail_Marcella,123,Wolf,False
none,7256.411590763328,1509.3555988403855,3.807622270284296,-176.6627451244176,5930.245000000001,6.526262952639762,0.03260869565217391,HOW-profile(HoW-cond),Wolf_retail_Toshia,123,Wolf,False
z6,9017.788233814528,1509.3555988403855,4.9745948805853,-143.94485207321713,7658.9037499999995,6.526262952639762,0.06159420289855073,HOW-profile(HoW-cond),Wolf_retail_Toshia,123,Wolf,True
z12,9744.181826558055,1509.3555988403855,5.455855620798942,-122.18000932969107,8363.532500000001,6.526262952639762,0.15579710144927536,HOW-profile(HoW-cond),Wolf_retail_Toshia,123,Wolf,False
cusum,12114.766582891505,1509.3555988403855,7.02644956046083,521.8559970037606,10090.08125,6.526262952639762,0.4927536231884058,HOW-profile(HoW-cond),Wolf_retail_Toshia,123,Wolf,False
none,1656.169022794687,2314.3794962106817,-0.28440040818443063,-1748.1347434079044,1201.6031790510785,111.67890905916886,0.05,TOWT(HoW-cond),Fox_education_Henrietta,123,Fox,False
z6,3270.837893475852,2314.3794962106817,0.4132677457742662,-931.5742997763664,1999.711606100705,111.67890905916886,0.22333333333333333,TOWT(HoW-cond),Fox_education_Henrietta,123,Fox,True
z12,3905.5894506514587,2314.3794962106817,0.687531995960928,-803.2085373595014,2506.0974008594476,111.67890905916886,0.24666666666666667,TOWT(HoW-cond),Fox_education_Henrietta,123,Fox,False
cusum,9620.552195664066,2314.3794962106817,3.1568602778480073,-113.18948940986866,7531.041097922422,111.67890905916886,0.75,TOWT(HoW-cond),Fox_education_Henrietta,123,Fox,False
none,11972.549175838503,10343.34322776189,0.1575125094663559,-3314.9483383572624,5526.958272741251,582.8039863073747,0.1947565543071161,TOWT(HoW-cond),Fox_retail_Manie,123,Fox,False
z6,16843.32324077773,10343.34322776189,0.6284215722020775,-240.30533600060517,7323.089335323815,582.8039863073747,0.4887640449438202,TOWT(HoW-cond),Fox_retail_Manie,123,Fox,True
z12,19760.135155134736,10343.34322776189,0.9104205207169236,238.45279591999133,9761.14311776023,582.8039863073747,0.7340823970037453,TOWT(HoW-cond),Fox_retail_Manie,123,Fox,False
cusum,19308.599478620436,10343.34322776189,0.8667658080605396,20.43199269033539,9527.628244475585,582.8039863073747,0.7303370786516854,TOWT(HoW-cond),Fox_retail_Manie,123,Fox,False
none,32114.635624560804,54426.024768996416,-0.40993971614008473,-22755.12912016332,520.1935341645653,76.45355843684771,0.3614163614163614,TOWT(HoW-cond),Hog_education_Bruno,123,Hog,False
z6,49704.14319022866,54426.024768996416,-0.08675778910565524,-13643.392738967923,8997.964718637013,76.45355843684771,0.38095238095238093,TOWT(HoW-cond),Hog_education_Bruno,123,Hog,True
z12,62808.61622420346,54426.024768996416,0.15401807298596165,-1028.105888071339,9487.150901715242,76.45355843684771,0.5482295482295483,TOWT(HoW-cond),Hog_education_Bruno,123,Hog,False
cusum,70388.45307443805,54426.024768996416,0.2932866835891819,5710.949633456854,10327.93223042163,76.45355843684771,0.6959706959706959,TOWT(HoW-cond),Hog_education_Bruno,123,Hog,False
none,72401.27896169637,228760.23935675388,-0.6835058436497531,-164762.13719453814,8403.176799480652,0.0,0.1254295532646048,TOWT(HoW-cond),Hog_education_Caridad,123,Hog,False
z6,116291.4966122114,228760.23935675388,-0.4916446278461283,-126202.87012178027,13734.127377237834,0.0,0.21649484536082475,TOWT(HoW-cond),Hog_education_Caridad,123,Hog,True
z12,142422.314965269,228760.23935675388,-0.37741665524680634,-104204.23090572565,17866.306514240765,0.0,0.2800687285223368,TOWT(HoW-cond),Hog_education_Caridad,123,Hog,False
cusum,225150.233280159,228760.23935675388,-0.01578074094845229,-42882.820312529046,39272.81423593421,0.0,0.6357388316151202,TOWT(HoW-cond),Hog_education_Caridad,123,Hog,False
none,7497.877696312472,26559.941717637586,-0.7176997684699972,-12587.21410147684,6214.89734962284,12689.747269471116,0.011695906432748537,TOWT(HoW-cond),Hog_education_Josh,123,Hog,False
z6,26957.372314788947,26559.941717637586,0.014963534234242683,-7461.757872124672,20548.935738747146,12689.747269471116,0.0935672514619883,TOWT(HoW-cond),Hog_education_Josh,123,Hog,True
z12,39152.771228073856,26559.941717637586,0.47412865752163097,-5234.99419599027,30517.57097589766,12689.747269471116,0.13060428849902533,TOWT(HoW-cond),Hog_education_Josh,123,Hog,False
cusum,75213.51854889441,26559.941717637586,1.8318404968090567,8800.394440486538,52542.929660241396,12689.747269471116,0.4269005847953216,TOWT(HoW-cond),Hog_education_Josh,123,Hog,False
none,66357.4162231498,131732.1106100514,-0.4962699988951167,-63565.746753079955,969.0421615273924,2777.9897953490085,0.4126712328767123,TOWT(HoW-cond),Hog_education_Luvenia,123,Hog,False
z6,122650.77810208159,131732.1106100514,-0.06893788056620485,-8661.661286755581,2358.3185741347684,2777.9897953490085,0.6404109589041096,TOWT(HoW-cond),Hog_education_Luvenia,123,Hog,True
z12,123943.33860361719,131732.1106100514,-0.059125842365725496,-8661.661286755581,3650.87907567038,2777.9897953490085,0.6404109589041096,TOWT(HoW-cond),Hog_education_Luvenia,123,Hog,False
cusum,141681.88463057237,131732.1106100514,0.07553036214514113,4670.5506112719595,8057.213204597992,2777.9897953490085,0.8202054794520548,TOWT(HoW-cond),Hog_education_Luvenia,123,Hog,False
none,10242.57322571689,16200.222099144257,-0.36775106149575987,-7059.908539141967,1102.2596657146016,0.0,0.29812834224598933,TOWT(HoW-cond),Hog_office_Almeda,123,Hog,False
z6,19839.325494285215,16200.222099144257,0.22463293236783372,856.3798805494425,2782.7235145915147,0.0,0.6844919786096256,TOWT(HoW-cond),Hog_office_Almeda,123,Hog,True
z12,21535.726872994044,16200.222099144257,0.3293476312359708,1801.7060930359821,3533.7986808138025,0.0,0.8181818181818182,TOWT(HoW-cond),Hog_office_Almeda,123,Hog,False
cusum,24632.043525047848,16200.222099144257,0.5204756684384583,2682.696736735581,5749.124689168007,0.0,0.9478609625668449,TOWT(HoW-cond),Hog_office_Almeda,123,Hog,False
none,6953.279120516254,14151.505445393912,-0.5086544574818056,-6946.134767676487,423.5681985771173,675.659755778285,0.28078817733990147,TOWT(HoW-cond),Hog_office_Cortney,123,Hog,False
z6,14453.55425836298,14151.505445393912,0.021343935041722332,-631.5690159154619,1609.2775846628151,675.659755778285,0.5451559934318555,TOWT(HoW-cond),Hog_office_Cortney,123,Hog,True
z12,14942.797315496122,14151.505445393912,0.055915737951382605,-573.1519288531963,2040.1035547336962,675.659755778285,0.5763546798029556,TOWT(HoW-cond),Hog_office_Cortney,123,Hog,False
cusum,16916.787559197484,14151.505445393912,0.19540550823189115,-188.67597444649255,3629.617844028353,675.659755778285,0.6847290640394089,TOWT(HoW-cond),Hog_office_Cortney,123,Hog,False
none,1223.2789454375916,5469.765870194816,-0.7763562509862927,-4363.935711052596,117.4487862953724,0.0,0.06134969325153374,TOWT(HoW-cond),Hog_office_Denita,123,Hog,False
z6,2876.7628960620523,5469.765870194816,-0.47406105410512,-3180.4063516364818,587.4033775037185,0.0,0.2085889570552147,TOWT(HoW-cond),Hog_office_Denita,123,Hog,True
z12,3255.200551864443,5469.765870194816,-0.4048738777646249,-2997.647237577436,783.0819192470626,0.0,0.26993865030674846,TOWT(HoW-cond),Hog_office_Denita,123,Hog,False
cusum,4445.647504547277,5469.765870194816,-0.1872325781306363,-2284.2889430450928,1260.1705773975536,0.0,0.6901840490797546,TOWT(HoW-cond),Hog_office_Denita,123,Hog,False
none,28750.712961683144,87474.51543031975,-0.6713246958814499,-53517.00953876437,209.1821782654948,5415.975108137738,0.11004126547455295,TOWT(HoW-cond),Hog_office_Garrett,123,Hog,False
z6,68162.64381054329,87474.51543031975,-0.220771404388743,-14328.249602122873,432.35309048414854,5415.975108137738,0.2627235213204952,TOWT(HoW-cond),Hog_office_Garrett,123,Hog,True
z12,70156.324172416,87474.51543031975,-0.1979798478757968,-12879.203086528854,976.9869367628414,5415.975108137738,0.2792297111416781,TOWT(HoW-cond),Hog_office_Garrett,123,Hog,False
cusum,77071.70252502283,87474.51543031975,-0.1189239272046447,-6124.59024463917,1137.7524474799975,5415.975108137738,0.5405777166437414,TOWT(HoW-cond),Hog_office_Garrett,123,Hog,False
none,18659.810669326875,22610.81553189638,-0.1747396000376875,1126.1973470414268,1921.7134640879879,6998.915673698919,0.021341463414634148,TOWT(HoW-cond),Hog_office_Lavon,123,Hog,False
z6,28953.089077903347,22610.81553189638,0.2804973370845522,1126.1973470414268,12214.99187266446,6998.915673698919,0.021341463414634148,TOWT(HoW-cond),Hog_office_Lavon,123,Hog,True
z12,37742.93405546742,22610.81553189638,0.6692424915954326,1126.1973470414268,21004.836850228527,6998.915673698919,0.021341463414634148,TOWT(HoW-cond),Hog_office_Lavon,123,Hog,False
cusum,136941.5471348556,22610.81553189638,5.056462091854952,1424.7436159041317,119904.90366075399,6998.915673698919,0.027439024390243903,TOWT(HoW-cond),Hog_office_Lavon,123,Hog,False
none,3251.528913511149,4521.8789214531,-0.28093410504979327,-1358.457840464469,132.5419764676895,44.434143945171144,0.22336769759450173,TOWT(HoW-cond),Hog_office_Merilyn,123,Hog,False
z6,4579.573311978682,4521.8789214531,0.012758941919444867,-216.72957958934967,318.85811406010254,44.434143945171144,0.34536082474226804,TOWT(HoW-cond),Hog_office_Merilyn,123,Hog,True
z12,4780.846579659725,4521.8789214531,0.057269923123772194,-215.69544121493527,519.0972433667314,44.434143945171144,0.3556701030927835,TOWT(HoW-cond),Hog_office_Merilyn,123,Hog,False
cusum,5438.302148353157,4521.8789214531,0.20266425590306725,-176.45620784499351,1137.3135786902212,44.434143945171144,0.359106529209622,TOWT(HoW-cond),Hog_office_Merilyn,123,Hog,False
none,459.13754217764694,1369.9129303274124,-0.6648418070862999,-799.5735362985556,119.24419748972232,230.44604934093218,0.0594059405940594,TOWT(HoW-cond),Hog_office_Miriam,123,Hog,False
z6,1060.5708894529564,1369.9129303274124,-0.2258114614631183,-326.4889863143943,247.59299478087058,230.44604934093218,0.27887788778877887,TOWT(HoW-cond),Hog_office_Miriam,123,Hog,True
z12,1427.804944057376,1369.9129303274124,0.042259630118336944,-39.77434725698595,328.11241032788155,230.44604934093218,0.42244224422442245,TOWT(HoW-cond),Hog_office_Miriam,123,Hog,False
cusum,1604.7869636855974,1369.9129303274124,0.17145179679561792,50.76571214356727,414.55437055555,230.44604934093218,0.533003300330033,TOWT(HoW-cond),Hog_office_Miriam,123,Hog,False
none,10520.068384862116,41848.965212604075,-0.7486181956610559,-31388.961615914755,60.06478817279531,0.0,0.1702127659574468,TOWT(HoW-cond),Hog_office_Napoleon,123,Hog,False
z6,25384.91778995178,41848.965212604075,-0.3934158787203094,-16735.735487543476,271.6880648911851,0.0,0.44806007509386736,TOWT(HoW-cond),Hog_office_Napoleon,123,Hog,True
z12,27078.833786551026,41848.965212604075,-0.35293898788218014,-15682.820985224826,912.6895591717771,0.0,0.5694618272841051,TOWT(HoW-cond),Hog_office_Napoleon,123,Hog,False
cusum,29012.654176396267,41848.965212604075,-0.30672947278375634,-15650.138035528318,2813.826999320515,0.0,0.5869837296620776,TOWT(HoW-cond),Hog_office_Napoleon,123,Hog,False
none,9946.09689520559,29276.541662722142,-0.6602707720813223,-19023.049104852624,727.2112233561891,1034.6068860201226,0.24390243902439024,TOWT(HoW-cond),Hog_office_Shawna,123,Hog,False
z6,34139.21647561352,29276.541662722142,0.16609457732103056,2906.1317210834786,2991.1499778280177,1034.6068860201226,0.6951219512195121,TOWT(HoW-cond),Hog_office_Shawna,123,Hog,True
z12,38704.13808177841,29276.541662722142,0.3220187864969187,4063.848431229664,6398.3548738467225,1034.6068860201226,0.7764227642276422,TOWT(HoW-cond),Hog_office_Shawna,123,Hog,False
cusum,43112.13757310252,29276.541662722142,0.47258300074415066,4738.318361663049,10131.884434737447,1034.6068860201226,0.8353658536585366,TOWT(HoW-cond),Hog_office_Shawna,123,Hog,False
none,10530.423446017881,18696.22773067866,-0.4367621320348758,-8186.518131382469,673.7512159379191,653.0373692162267,0.08333333333333333,TOWT(HoW-cond),Hog_office_Shawnna,123,Hog,False
z6,14674.097290026832,18696.22773067866,-0.215130586693267,-5158.689136554418,1789.5960651188198,653.0373692162267,0.24224806201550386,TOWT(HoW-cond),Hog_office_Shawnna,123,Hog,True
z12,15822.998827053047,18696.22773067866,-0.15367960558754476,-4247.614568368572,2027.4230339591884,653.0373692162267,0.3488372093023256,TOWT(HoW-cond),Hog_office_Shawnna,123,Hog,False
cusum,21377.55937261925,18696.22773067866,0.14341564943289545,-2193.349988007938,5527.718999164756,653.0373692162267,0.6375968992248062,TOWT(HoW-cond),Hog_office_Shawnna,123,Hog,False
none,4161.999425372672,6296.856878678277,-0.3390354099573748,-2362.1025806747857,227.24512736918086,0.0,0.21800947867298578,TOWT(HoW-cond),Hog_office_Sherrie,123,Hog,False
z6,5981.049513953307,6296.856878678277,-0.05015317495849753,-1053.1924442838545,737.3850795588842,0.0,0.36492890995260663,TOWT(HoW-cond),Hog_office_Sherrie,123,Hog,True
z12,7033.9463034478495,6296.856878678277,0.11705672194415334,-287.9259719209267,1025.0153966904998,0.0,0.4849921011058452,TOWT(HoW-cond),Hog_office_Sherrie,123,Hog,False
cusum,10228.217143408901,6296.856878678277,0.624336925624364,1683.8372965835479,2247.522968147076,0.0,0.8451816745655608,TOWT(HoW-cond),Hog_office_Sherrie,123,Hog,False
none,2608.792325754204,23837.74064586406,-0.8905604199445455,-21279.944673905764,50.99635379590735,0.0,0.06611570247933884,TOWT(HoW-cond),Hog_office_Shon,123,Hog,False
z6,15186.984400545349,23837.74064586406,-0.362901684930432,-8859.35008400837,208.59383868965665,0.0,0.39669421487603307,TOWT(HoW-cond),Hog_office_Shon,123,Hog,True
z12,16123.071262399382,23837.74064586406,-0.3236325748347801,-8488.366187477084,773.6968040124082,0.0,0.4393939393939394,TOWT(HoW-cond),Hog_office_Shon,123,Hog,False
cusum,26721.072114405873,23837.74064586406,0.12095657517953912,525.6675018624883,2357.663966679319,0.0,0.9972451790633609,TOWT(HoW-cond),Hog_office_Shon,123,Hog,False
none,4025.6594503032393,13503.723662481836,-0.7018852317388604,-9047.45205589748,526.1541675805187,956.7663238616351,0.12863705972434916,TOWT(HoW-cond),Hog_office_Sydney,123,Hog,False
z6,5477.417179408294,13503.723662481836,-0.5943772757564261,-7960.751096413222,891.2109372013138,956.7663238616351,0.2787136294027565,TOWT(HoW-cond),Hog_office_Sydney,123,Hog,True
z12,7439.9341304828795,13503.723662481836,-0.4490457360917662,-6118.555974606816,1011.5327664694935,956.7663238616351,0.46401225114854516,TOWT(HoW-cond),Hog_office_Sydney,123,Hog,False
cusum,8433.053019455274,13503.723662481836,-0.3755016593767166,-5481.8635731031245,1367.959253938196,956.7663238616351,0.5941807044410413,TOWT(HoW-cond),Hog_office_Sydney,123,Hog,False
none,808.8609763012869,659.9110469348791,0.22571213204907353,-39.86200015396571,188.81192952037352,0.0,0.11607142857142858,TOWT(HoW-cond),Hog_office_Valda,123,Hog,False
z6,1562.5962814845968,659.9110469348791,1.3678892613519105,-9.188128824075193,911.873363373793,0.0,0.21428571428571427,TOWT(HoW-cond),Hog_office_Valda,123,Hog,True
z12,2048.7230080086324,659.9110469348791,2.1045441920156294,22.058982663401935,1366.7529784103513,0.0,0.26785714285714285,TOWT(HoW-cond),Hog_office_Valda,123,Hog,False
cusum,4024.229723902059,659.9110469348791,5.098139654721034,178.13152159583922,3186.187155371341,0.0,0.5982142857142857,TOWT(HoW-cond),Hog_office_Valda,123,Hog,False
none,3999.917085785404,9324.415559898544,-0.571027582362607,-5341.403441621849,307.3252544121022,290.42028690339396,0.14107142857142857,TOWT(HoW-cond),Lamb_education_Armando,123,Lamb,False
z6,6915.8733018245,9324.415559898544,-0.25830490314400467,-3413.2045503457784,1295.0825791751283,290.42028690339396,0.2767857142857143,TOWT(HoW-cond),Lamb_education_Armando,123,Lamb,True
z12,8173.607619675575,9324.415559898544,-0.12341877438112489,-2721.005038762478,1860.6173854429017,290.42028690339396,0.39464285714285713,TOWT(HoW-cond),Lamb_education_Armando,123,Lamb,False
cusum,18155.219024050082,9324.415559898544,0.9470624091583949,-542.3340069744263,9663.557758029358,290.42028690339396,0.5696428571428571,TOWT(HoW-cond),Lamb_education_Armando,123,Lamb,False
none,347.79188567908545,95.53374276853432,2.640513556783171,11.285130531867708,240.97301237868345,0.0,0.8571428571428571,TOWT(HoW-cond),Lamb_education_Eula,123,Lamb,False
z6,670.2680695839483,95.53374276853432,6.016034860142762,13.205970174375295,561.5283566410388,0.0,0.9285714285714286,TOWT(HoW-cond),Lamb_education_Eula,123,Lamb,True
z12,759.0175729491324,95.53374276853432,6.945020795302995,13.205970174375295,650.2778600062228,0.0,0.9285714285714286,TOWT(HoW-cond),Lamb_education_Eula,123,Lamb,False
cusum,820.8844065002941,95.53374276853432,7.592612230101659,13.307240989956483,712.0434227418032,0.0,1.0,TOWT(HoW-cond),Lamb_education_Eula,123,Lamb,False
none,3400.284740737191,3042.745085912202,0.11750562230151472,-634.2841215456194,2009.0811076215373,1017.257331250929,0.08361774744027303,TOWT(HoW-cond),Lamb_education_Lazaro,123,Lamb,False
z6,4978.685745021443,3042.745085912202,0.6362480603690974,565.1241614409612,2388.0738289192086,1017.257331250929,0.14334470989761092,TOWT(HoW-cond),Lamb_education_Lazaro,123,Lamb,True
z12,6982.2098245245,3042.745085912202,1.2947074524421631,565.1241614409612,4391.597908422265,1017.257331250929,0.14334470989761092,TOWT(HoW-cond),Lamb_education_Lazaro,123,Lamb,False
cusum,16169.047628662429,3042.745085912202,4.313967214514461,4364.526849728594,9779.033024272561,1017.257331250929,0.3430034129692833,TOWT(HoW-cond),Lamb_education_Lazaro,123,Lamb,False
none,621.1398481976279,466.93086828488964,0.3302608381389991,-146.16560304473035,300.37458295746865,0.0,0.06987951807228916,TOWT(HoW-cond),Lamb_education_Lucas,123,Lamb,False
z6,1619.0018085059269,466.93086828488964,2.4673265754581073,214.9254292727913,937.1455109482459,0.0,0.24096385542168675,TOWT(HoW-cond),Lamb_education_Lucas,123,Lamb,True
z12,1938.000844981033,466.93086828488964,3.1505091580250717,322.46460674300425,1148.6053699531392,0.0,0.4795180722891566,TOWT(HoW-cond),Lamb_education_Lucas,123,Lamb,False
cusum,2430.5100847645153,466.93086828488964,4.20528894072084,400.68323759195465,1562.8959788876705,0.0,1.0,TOWT(HoW-cond),Lamb_education_Lucas,123,Lamb,False
none,2539.2585153401888,10256.801447824697,-0.7524317372957703,-4241.838900266383,145.97040484901638,3621.6744370671436,0.05889724310776942,TOWT(HoW-cond),Lamb_education_Mae,123,Lamb,False
z6,6535.894943112598,10256.801447824697,-0.362774547566312,-1113.5699812547018,1014.3379136097457,3621.6744370671436,0.13283208020050125,TOWT(HoW-cond),Lamb_education_Mae,123,Lamb,True
z12,7956.090498023417,10256.801447824697,-0.22431076213230428,-774.8933220920062,2095.856809357867,3621.6744370671436,0.16791979949874686,TOWT(HoW-cond),Lamb_education_Mae,123,Lamb,False
cusum,20855.37767622078,10256.801447824697,1.0333217701746458,4990.328682433427,9229.921983029795,3621.6744370671436,0.7506265664160401,TOWT(HoW-cond),Lamb_education_Mae,123,Lamb,False
none,2638.354365027684,1474.2353547993025,0.7896425807715489,77.89083887040806,1086.2281713579735,0.0,0.0970873786407767,TOWT(HoW-cond),Lamb_education_Williams,123,Lamb,False
z6,5655.874004985019,1474.2353547993025,2.8364796954384475,1069.6561421139272,3111.98250807179,0.0,0.2815533980582524,TOWT(HoW-cond),Lamb_education_Williams,123,Lamb,True
z12,7176.203227788175,1474.2353547993025,3.8677459839952895,1336.0629220685446,4365.904950920329,0.0,0.46116504854368934,TOWT(HoW-cond),Lamb_education_Williams,123,Lamb,False
cusum,10105.4148096621,1474.2353547993025,5.854682175925578,1281.520533729737,7349.658921133059,0.0,0.9029126213592233,TOWT(HoW-cond),Lamb_education_Williams,123,Lamb,False
none,3749.404135239202,2722.576096492226,0.3771531088038067,-320.0845443427579,1914.5229663271095,567.6103832373751,0.05660377358490566,TOWT(HoW-cond),Lamb_office_Caitlin,123,Lamb,False
z6,4571.797089138705,2722.576096492226,0.6792173761567288,-174.83482115734137,2591.6661970411947,567.6103832373751,0.08726415094339622,TOWT(HoW-cond),Lamb_office_Caitlin,123,Lamb,True
z12,4949.042290858528,2722.576096492226,0.8177792338788571,40.54141195679222,2753.5351656468856,567.6103832373751,0.14386792452830188,TOWT(HoW-cond),Lamb_office_Caitlin,123,Lamb,False
cusum,7018.240720439848,2722.576096492226,1.577794144847656,1988.374706640071,2874.9003005449263,567.6103832373751,0.6981132075471698,TOWT(HoW-cond),Lamb_office_Caitlin,123,Lamb,False
none,4502.951020336628,16837.45779202471,-0.7325634857733979,-13288.933399301966,1484.1390999992227,529.7124723853377,0.054333764553686936,TOWT(HoW-cond),Lamb_office_Velma,123,Lamb,False
z6,17924.164535301243,16837.45779202471,0.06454102256406344,-920.4468594882637,2536.8660751501347,529.7124723853377,0.34023285899094435,TOWT(HoW-cond),Lamb_office_Velma,123,Lamb,True
z12,21608.362175291048,16837.45779202471,0.28335063655073517,953.6165699638441,4347.000285687829,529.7124723853377,0.4243208279430789,TOWT(HoW-cond),Lamb_office_Velma,123,Lamb,False
cusum,33652.905391464774,16837.45779202471,0.9986927840974263,7556.031238896539,9789.128832928865,529.7124723853377,0.7347994825355757,TOWT(HoW-cond),Lamb_office_Velma,123,Lamb,False
none,15870.565164224705,39202.5579631034,-0.5951650609339897,-23394.273284569907,904.8187805574753,842.5382948662567,0.21579532814238042,TOWT(HoW-cond),Rat_retail_Jeffrey,123,Rat,False
z6,33969.149136508684,39202.5579631034,-0.13349661599940202,-6367.061821620773,1976.1912898923147,842.5382948662567,0.5205784204671857,TOWT(HoW-cond),Rat_retail_Jeffrey,123,Rat,True
z12,35952.984256568525,39202.5579631034,-0.08289187939198513,-5046.049714688117,2639.014303019506,842.5382948662567,0.5761957730812013,TOWT(HoW-cond),Rat_retail_Jeffrey,123,Rat,False
cusum,46679.703408377754,39202.5579631034,0.19073106026172285,2900.5312283690364,5419.152511771575,842.5382948662567,0.7931034482758621,TOWT(HoW-cond),Rat_retail_Jeffrey,123,Rat,False
none,32502.827163145976,45250.35916989452,-0.2817111784436308,-16973.603860780502,4825.193032229425,599.1211781974617,0.21721854304635763,TOWT(HoW-cond),Robin_education_Zenia,123,Robin,False
z6,183646.35115753903,45250.35916989452,3.0584506847344684,59942.17401888911,79052.93914695286,599.1211781974617,0.9960264900662251,TOWT(HoW-cond),Robin_education_Zenia,123,Robin,True
z12,188876.4092641949,45250.35916989452,3.1740311619417185,59942.17401888911,84282.99725360872,599.1211781974617,0.9960264900662251,TOWT(HoW-cond),Robin_education_Zenia,123,Robin,False
cusum,188876.4092641949,45250.35916989452,3.1740311619417185,59942.17401888911,84282.99725360872,599.1211781974617,0.9960264900662251,TOWT(HoW-cond),Robin_education_Zenia,123,Robin,False
none,4787.056208529334,8399.874397599166,-0.4301038346600087,-3672.028897077428,185.52921420354858,126.3185061959526,0.3869257950530035,TOWT(HoW-cond),Robin_office_Dina,123,Robin,False
z6,10289.2009755667,8399.874397599166,0.2249231939119873,353.10865154970634,1662.536432613781,126.3185061959526,0.8515901060070671,TOWT(HoW-cond),Robin_office_Dina,123,Robin,True
z12,10718.931773722556,8399.874397599166,0.27608238723024453,359.07660998419124,2086.299272335151,126.3185061959526,0.8551236749116607,TOWT(HoW-cond),Robin_office_Dina,123,Robin,False
cusum,11017.969090356646,8399.874397599166,0.31168260010004184,403.61379832167404,2340.7994006317585,126.3185061959526,0.8957597173144877,TOWT(HoW-cond),Robin_office_Dina,123,Robin,False
none,1300.758123450302,7369.35742045381,-0.8234909708898065,-3129.9958248858684,353.0728243724272,3291.6762964900663,0.012484394506866416,TOWT(HoW-cond),Robin_office_Sammie,123,Robin,False
z6,2370.3061595196714,7369.35742045381,-0.6783564666112087,-2889.100808416534,1181.7258439724621,3291.6762964900663,0.033707865168539325,TOWT(HoW-cond),Robin_office_Sammie,123,Robin,True
z12,2820.7067114677725,7369.35742045381,-0.6172384442042612,-2813.6446693262983,1556.6702568303276,3291.6762964900663,0.04868913857677903,TOWT(HoW-cond),Robin_office_Sammie,123,Robin,False
cusum,5667.519811164764,7369.35742045381,-0.2309343287605455,-1854.121646636269,3443.96033383729,3291.6762964900663,0.2908863920099875,TOWT(HoW-cond),Robin_office_Sammie,123,Robin,False
none,31964.39723309808,46922.276078840725,-0.318779907875948,-14253.536376322161,592.8528738972739,1297.1953433177616,0.2803867403314917,TOWT(HoW-cond),Shrew_office_Doris,123,Shrew,False
z6,49446.08937716526,46922.276078840725,0.053787103040012885,1610.15571789362,2210.852923748679,1297.1953433177616,0.457182320441989,TOWT(HoW-cond),Shrew_office_Doris,123,Shrew,True
z12,50286.11900923419,46922.276078840725,0.07168967943373851,1917.6611255781609,2743.3771481330605,1297.1953433177616,0.4861878453038674,TOWT(HoW-cond),Shrew_office_Doris,123,Shrew,False
cusum,55510.41837844932,46922.276078840725,0.18302910722358073,3950.148607074123,5935.189035852232,1297.1953433177616,0.6560773480662984,TOWT(HoW-cond),Shrew_office_Doris,123,Shrew,False
none,29288.477189659563,38533.35760444251,-0.2399188907876823,-9206.804566797735,22.34467954573526,60.42052753094859,0.3405600722673893,TOWT(HoW-cond),Shrew_office_Ila,123,Shrew,False
z6,38197.68049967673,38533.35760444251,-0.008711338062247706,-451.52430193067994,176.26772469585546,60.42052753094859,0.5194218608852755,TOWT(HoW-cond),Shrew_office_Ila,123,Shrew,True
z12,39350.428956477044,38533.35760444251,0.021204260485733806,630.029471362941,247.46240820254036,60.42052753094859,0.5519421860885275,TOWT(HoW-cond),Shrew_office_Ila,123,Shrew,False
cusum,44799.51186458135,38533.35760444251,0.16261635761053977,1339.638198813016,4986.936588856759,60.42052753094859,0.5826558265582655,TOWT(HoW-cond),Shrew_office_Ila,123,Shrew,False
none,2115.4213665484663,13728.537242390868,-0.8459106509893505,-11613.115875842403,0.0,0.0,0.14249037227214378,TOWT(HoW-cond),Shrew_office_Kenneth,123,Shrew,False
z6,4854.751195250355,13728.537242390868,-0.6463752030143538,-8873.786047140515,0.0,0.0,0.31450577663671375,TOWT(HoW-cond),Shrew_office_Kenneth,123,Shrew,True
z12,4945.111887236109,13728.537242390868,-0.6397932423589432,-8783.80784338168,0.38248822692088424,0.0,0.36713735558408217,TOWT(HoW-cond),Shrew_office_Kenneth,123,Shrew,False
cusum,8202.091383477882,13728.537242390868,-0.4025516893269933,-6421.437319070599,894.9914601576132,0.0,0.8267008985879333,TOWT(HoW-cond),Shrew_office_Kenneth,123,Shrew,False
none,7793.472129959964,6256.343088371316,0.24569129599777131,328.0566054674573,1209.0724361211899,0.0,0.3803921568627451,TOWT(HoW-cond),Shrew_office_Nora,123,Shrew,False
z6,11523.243810115473,6256.343088371316,0.8418497271247417,1094.0201574012617,4172.880564342896,0.0,0.7098039215686275,TOWT(HoW-cond),Shrew_office_Nora,123,Shrew,True
z12,13107.195231993737,6256.343088371316,1.0950250085159365,1453.1721336057662,5397.680010016656,0.0,0.9686274509803922,TOWT(HoW-cond),Shrew_office_Nora,123,Shrew,False
cusum,18069.050182752748,6256.343088371316,1.8881168963284234,1524.775454652211,10287.931639729217,0.0,0.996078431372549,TOWT(HoW-cond),Shrew_office_Nora,123,Shrew,False
none,24944.623615403438,24840.88014206239,0.004176320353697219,-556.9587279391089,660.7022012801583,0.0,0.30879345603271985,TOWT(HoW-cond),Shrew_office_Sherill,123,Shrew,False
z6,29206.77970577437,24840.88014206239,0.17575462458430854,1598.910434468471,2766.9891292435123,0.0,0.42535787321063395,TOWT(HoW-cond),Shrew_office_Sherill,123,Shrew,True
z12,30863.053071282902,24840.88014206239,0.24242993383408065,2286.640608750993,3735.5323204695223,0.0,0.49897750511247446,TOWT(HoW-cond),Shrew_office_Sherill,123,Shrew,False
cusum,42443.48899595482,24840.88014206239,0.7086145399528905,4552.6525157262,13049.956338166234,0.0,0.9038854805725971,TOWT(HoW-cond),Shrew_office_Sherill,123,Shrew,False
none,6217.054789716415,11834.971950501258,-0.4746878306329152,-6352.171396724996,740.6266002550083,6.372364314854387,0.21037735849056605,TOWT(HoW-cond),Wolf_office_Darleen,123,Wolf,False
z6,11124.09279786272,11834.971950501258,-0.06006597697161665,-1953.598050427534,1249.0912621038515,6.372364314854387,0.4556603773584906,TOWT(HoW-cond),Wolf_office_Darleen,123,Wolf,True
z12,11643.640050531867,11834.971950501258,-0.01616665428271568,-1722.1133087765556,1537.1537731220205,6.372364314854387,0.4877358490566038,TOWT(HoW-cond),Wolf_office_Darleen,123,Wolf,False
cusum,14055.609130877165,11834.971950501258,0.18763349754131473,-670.7573700852881,2897.766914776047,6.372364314854387,0.710377358490566,TOWT(HoW-cond),Wolf_office_Darleen,123,Wolf,False
none,4432.548223442234,9160.220925635385,-0.516109026253122,-4425.621298707536,1005.2118541685504,1307.2632576541673,0.10354609929078014,TOWT(HoW-cond),Wolf_retail_Harriett,123,Wolf,False
z6,13635.409712823339,9160.220925635385,0.4885459448542218,2647.3148867493483,3135.1371580927726,1307.2632576541673,0.3588652482269504,TOWT(HoW-cond),Wolf_retail_Harriett,123,Wolf,True
z12,14748.94859267896,9160.220925635385,0.6101083928448943,3003.1130423043514,3892.8778823933903,1307.2632576541673,0.40709219858156026,TOWT(HoW-cond),Wolf_retail_Harriett,123,Wolf,False
cusum,18353.188182715443,9160.220925635385,1.0035748407937444,4488.940136299249,6011.290378434975,1307.2632576541673,0.5546099290780142,TOWT(HoW-cond),Wolf_retail_Harriett,123,Wolf,False
none,1111.770565490404,1465.0727599937973,-0.24114993067299206,-638.0655875688891,284.7633930654957,0.0,0.2243436754176611,TOWT(HoW-cond),Wolf_retail_Marcella,123,Wolf,False
z6,1981.0200889698935,1465.0727599937973,0.35216498665791907,58.15843846904704,457.7888905070493,0.0,0.5178997613365155,TOWT(HoW-cond),Wolf_retail_Marcella,123,Wolf,True
z12,2164.877039047174,1465.0727599937973,0.47765837858888294,130.629121505287,569.1751575480897,0.0,0.6587112171837709,TOWT(HoW-cond),Wolf_retail_Marcella,123,Wolf,False
cusum,2488.069321456884,1465.0727599937973,0.6982564889592364,303.35430420624266,719.6422572568445,0.0,0.9928400954653938,TOWT(HoW-cond),Wolf_retail_Marcella,123,Wolf,False
none,6238.0658976020595,1509.3555988403855,3.132933221564666,-177.17441758637233,4905.884716348047,0.0,0.036231884057971016,TOWT(HoW-cond),Wolf_retail_Toshia,123,Wolf,False
z6,8668.330816688715,1509.3555988403855,4.743067321808366,-74.67392074534519,7233.649138593675,0.0,0.08695652173913043,TOWT(HoW-cond),Wolf_retail_Toshia,123,Wolf,True
z12,10589.114344826612,1509.3555988403855,6.015652476435681,117.6310636466767,8962.127682339553,0.0,0.19927536231884058,TOWT(HoW-cond),Wolf_retail_Toshia,123,Wolf,False
cusum,21950.559696040713,1509.3555988403855,13.543000809686589,2265.3949561607606,18175.80914103957,0.0,0.9818840579710145,TOWT(HoW-cond),Wolf_retail_Toshia,123,Wolf,False
