seed,building_id,type,true_kwh,patchtst_fullmask_mean,patchtst_targetmask_mean,patchtst_patchmasktrain_mean,how_mean
123,Fox_education_Henrietta,spike,107.28066628343188,3.866769949575802,3.5705134868428514,4.404055237750749,4.254646469871253
123,Fox_education_Henrietta,spike,38.79410978520845,2.411747405282844,2.553716430417884,2.7654876354855187,2.3529498263820274
123,Fox_education_Henrietta,drift,1933.886031900874,1.1180734571043036,1.3143668245049307,1.126574844409033,0.8214544965595396
123,Fox_education_Henrietta,schedule,4.398242775736969,-0.06792338997431566,0.02806473597992158,-0.1343626358018117,-0.26509358969585967
123,Fox_education_Henrietta,spike,160.57591003856936,4.463015944864107,4.843931586648775,4.204694600011659,4.112947115813109
123,Fox_education_Henrietta,spike,69.44453542686097,2.7812903852602746,2.8579331270198924,2.846172991528203,2.953394119847717
123,Fox_retail_Manie,schedule,227.11597207258032,0.07066930776925608,0.33278201435845817,0.04586452316335562,-0.10671537864701396
123,Fox_retail_Manie,drift,1233.548743144401,0.3981627863377611,0.5785619724708575,0.44831567144446366,0.08805090703274049
123,Fox_retail_Manie,spike,256.61536206414166,3.9324908561385055,4.342237950054445,4.150715411392488,3.2688302291457347
123,Fox_retail_Manie,drift,8289.663100225807,1.3536710784238137,1.6417292821309521,1.4872290971466955,1.2527709394241509
123,Fox_retail_Manie,spike,237.32739808430793,4.039552647454315,3.8281014746256403,4.67362411676126,4.241052024738807
123,Fox_retail_Manie,spike,99.0726521706526,2.3360103204567046,2.66461755183526,2.144460482867441,1.9850608886124705
123,Hog_education_Bruno,drift,12811.470511399853,2.3999900446027524,2.510548790636101,2.3080442551366285,1.9012637856067485
123,Hog_education_Bruno,spike,275.8232577143261,6.912995668548905,7.347010793585145,6.664693626064622,6.530385125022092
123,Hog_education_Bruno,drift,23664.966243209576,3.3259463154121622,3.2354832754502074,2.886423716542063,2.6041352426926787
123,Hog_education_Bruno,drift,17388.559118296256,2.742677842222499,2.7723754598742385,2.494561495040422,2.14403491795871
123,Hog_education_Bruno,spike,208.75207993954868,3.6911418068920963,3.4919122088467467,3.520957433036505,3.3904837969863237
123,Hog_education_Bruno,schedule,76.45355843684771,0.3792966309390317,0.45419470269858453,0.303945216073321,-0.07679483088565373
123,Hog_education_Caridad,spike,2731.6933904597063,1.0251343017242491,1.2622618293188155,1.1771964942834914,1.571310988981446
123,Hog_education_Caridad,drift,99252.01194407106,0.8478222598146453,0.9410873372908132,0.4075303656583368,0.6715306054235068
123,Hog_education_Caridad,spike,3519.2878507706814,0.5231385755847443,0.7999032068561065,0.7215457487414825,1.3333947309913512
123,Hog_education_Caridad,spike,6794.154067709553,8.277131600149596,8.42474160886618,8.163920027979339,8.149240039411277
123,Hog_education_Caridad,drift,43165.13655367314,-0.07248664387403256,0.08068354992548481,-0.24618476475151796,-0.2382561153342149
123,Hog_education_Caridad,drift,73297.95555006973,0.6880187693533909,0.7732403516526962,0.45361549315826205,0.5346424559804254
123,Hog_education_Josh,drift,7959.513378869462,2.0206400032805485,2.0116523692517223,1.9704741392624459,1.6577781787124715
123,Hog_education_Josh,spike,611.0395308891121,3.6848025197069436,3.351085069207409,3.438953700093487,3.352170219306152
123,Hog_education_Josh,spike,366.67162677451927,3.5115874803218454,3.4096447821610383,3.653043488279304,2.96867187309387
123,Hog_education_Josh,drift,13020.370345217947,1.9643356138727364,1.9629548985087673,1.9140349598045023,1.6504738784309698
123,Hog_education_Josh,drift,4363.562263827134,0.9755331811912662,0.9608531667337125,0.78952482351552,0.5044520682703915
123,Hog_education_Josh,spike,238.78457205940967,2.8504550485523774,2.017076077929361,3.1147229103954865,3.058828613526095
123,Hog_education_Luvenia,spike,455.8344024507873,2.106746508078579,2.1264426841306725,1.6787176861333886,2.0788447941181984
123,Hog_education_Luvenia,drift,54929.1258237537,3.632949221549532,3.665833879172383,3.4751045717241738,3.167661056271956
123,Hog_education_Luvenia,spike,439.39032680624484,3.089607538806848,2.491826715099267,2.967235626804285,1.835760936516327
123,Hog_education_Luvenia,spike,715.5647282123108,9.61445295327808,9.454840118824498,9.760325665413395,9.711710498904365
123,Hog_education_Luvenia,drift,72870.03993593014,4.7725178953919825,4.851343597320369,4.658205976341069,4.336882052829444
123,Hog_education_Luvenia,schedule,2322.155392898221,-0.03698790992341616,0.09779433152699957,-0.3155686731971851,-0.2777778747762501
123,Hog_office_Almeda,schedule,28.67787876675679,0.7990039814025067,0.8308793624417553,0.6325560077475909,0.6837996797258213
123,Hog_office_Almeda,schedule,70.12106487566511,0.8465443551407015,0.8820449577304146,0.7549026903597491,0.4622327295299179
123,Hog_office_Almeda,drift,15353.001099313558,2.474810404035821,2.411681069993925,2.104500660333935,2.071629859900763
123,Hog_office_Almeda,drift,526.8887717240907,0.8979953441404573,0.9232534924882092,0.814019341730403,0.6210552526153605
123,Hog_office_Almeda,spike,139.24990344202638,3.8298374993163224,3.528470176712461,3.6123263619897643,2.7382982837793928
123,Hog_office_Almeda,spike,82.28338102216038,4.807409531031903,4.573914534007367,4.68767524376994,4.294990492975048
123,Hog_office_Cortney,schedule,675.659755778285,0.09791191357411187,0.2593419756793702,-0.13760677437385177,-0.3090526417724103
123,Hog_office_Cortney,spike,365.9656243934651,3.848804697844056,3.5569221630222283,3.6475215012358313,2.6294519016049014
123,Hog_office_Cortney,drift,9154.375686841197,1.388332452208913,1.3684068884716145,0.9661936552589848,0.8002267774678041
123,Hog_office_Cortney,spike,863.5552763422403,3.9062405245162526,4.170132579074053,3.5683480636931946,3.610972966648874
123,Hog_office_Cortney,drift,2657.890143930311,0.7902653012808282,0.8412998979259981,0.7138800385481237,0.34456764637643483
123,Hog_office_Cortney,spike,434.0589581084138,10.6025773005902,10.056213946860952,10.35736450723998,9.789175052396123
123,Hog_office_Denita,spike,148.04479456749272,3.382497865274171,3.0635894420888223,3.344060349776963,2.7340493032540203
123,Hog_office_Denita,schedule,80.75676933641031,0.6147559694812302,0.529560902220195,0.1777159250595897,0.06607148872908404
123,Hog_office_Denita,drift,2706.766864515737,0.32851147796201163,0.4333992316611935,0.10492050789677386,-0.11685485676259168
123,Hog_office_Denita,drift,2084.49776224874,0.7444329319145844,0.821421088533401,0.6470850612680963,0.34644443957699134
123,Hog_office_Denita,schedule,168.49448279533027,0.6354767234840961,0.6741497531792162,0.4427910500051052,0.03722048043698863
123,Hog_office_Denita,spike,281.2051967311053,4.7615887578740415,4.880275880934268,4.107447063566714,4.970599671721341
123,Hog_office_Garrett,spike,800.6226854998857,2.1822157849984096,2.682613169165127,1.9069177856163908,1.7300284055856852
123,Hog_office_Garrett,drift,9195.820381574535,0.20865985272571652,0.27866297053982475,0.12630281736227858,0.17765682374011252
123,Hog_office_Garrett,schedule,2092.359428346967,-0.07326059948098858,-0.06076066959502652,-0.21565330593680668,-0.04649734304172047
123,Hog_office_Garrett,drift,3323.6156797907715,0.1564873660656241,0.19054300936666735,0.07844735183756492,0.06420350681040397
123,Hog_office_Garrett,drift,67734.00437875827,1.323662025838416,1.326205387794726,1.0017982000667969,1.0575232262126346
123,Hog_office_Garrett,spike,4328.092876349334,4.167309379352479,4.48006455875769,4.0211812791956945,3.7518000700080405
123,Hog_office_Lavon,spike,2374.6235557297014,1.9636997212349216,2.1702236661691314,1.5552106280504505,1.8369324838203285
123,Hog_office_Lavon,spike,3794.3724276334815,3.6834563326796417,3.6645441762567086,3.3499968957861785,3.366759905030584
123,Hog_office_Lavon,drift,2773.0338335095603,0.0561426189677772,0.27139372315757654,-0.368975836647786,0.0037322771966196173
123,Hog_office_Lavon,spike,4451.899146126511,5.278905995944612,5.147847750047319,5.214177922168844,5.636972657081022
123,Hog_office_Lavon,spike,4225.881840189359,3.2051886057014696,3.1512967323417893,2.9794321512336963,2.6032483099160784
123,Hog_office_Lavon,spike,4991.004728707769,3.7501571816271575,3.6815592675970037,3.5075826786027386,4.268214935363601
123,Hog_office_Merilyn,spike,74.71065509872955,3.4423934893042065,3.165851570788047,3.274597145739219,3.4214414134068662
123,Hog_office_Merilyn,spike,132.05847552916484,3.8653757093052326,3.7387422589163237,4.088737648497051,4.055880454067537
123,Hog_office_Merilyn,drift,1252.3499195421773,0.7931769902793268,0.9841845594632327,0.5921376052287914,0.23142344527351869
123,Hog_office_Merilyn,schedule,354.74336074839505,-0.66348105335445,-0.37979372326190497,-0.8253903254898578,-1.114963140145084
123,Hog_office_Merilyn,drift,2663.5823665894623,2.9032505678249407,2.8589988261165518,2.7108618857752864,2.3427237910714576
123,Hog_office_Merilyn,schedule,44.434143945171144,0.6469093496392468,0.7328452746692928,0.595134438470698,-0.027313369210724123
123,Hog_office_Miriam,spike,39.14258735448324,4.324927020483178,3.6273409907151866,3.741474289112251,3.0449614323642322
123,Hog_office_Miriam,drift,230.44604934093218,-0.13012701752661043,0.06812219102801507,-0.3015217874981798,-0.41832971834087584
123,Hog_office_Miriam,spike,35.66467994768293,6.052885055524645,5.0904770493333915,6.002132415754137,5.143922336456771
123,Hog_office_Miriam,drift,965.6784438539437,0.858954035946038,0.7771108114247893,0.4923579864124066,0.2889544951260149
123,Hog_office_Miriam,spike,34.72750862214191,2.3267690546182984,2.6558824784426083,2.281850914842704,1.8313585290439314
123,Hog_office_Miriam,schedule,64.25366120822854,0.3113858054344017,0.36539052568583247,0.24155633282766617,-0.035683821306676286
123,Hog_office_Napoleon,drift,20740.01444147993,3.0773875433044124,3.1431986186987646,3.00743490061961,2.6936237895664417
123,Hog_office_Napoleon,drift,18377.3115541578,2.0516945301866842,2.0888127563092724,1.7919412644103705,1.5390279994993539
123,Hog_office_Napoleon,schedule,869.4953581851735,0.6465341001963532,0.6935029920508545,0.5470790094910478,0.23864872223156347
123,Hog_office_Napoleon,schedule,837.4576324321979,0.2947302207579676,0.3621199924106859,0.15381694304873178,-0.11242491762472842
123,Hog_office_Napoleon,spike,585.2791629388853,5.023798021201321,4.511010269347856,4.612053404275605,4.039402177725586
123,Hog_office_Napoleon,spike,439.4070634100892,5.769462770189779,6.011340723401244,5.65288248257432,4.795686294555607
123,Hog_office_Shawna,schedule,1034.6068860201226,0.4880934714899733,0.5229784057518283,0.5240357492575651,0.2105421040651631
123,Hog_office_Shawna,schedule,3263.734547318278,1.0937934413113828,1.0660660298723612,0.9468916090387733,0.6469603854123233
123,Hog_office_Shawna,spike,850.4716576235535,3.923692622420254,4.246477903065148,3.797767126199665,2.8608388458596368
123,Hog_office_Shawna,spike,655.9893883147479,2.2799712498799924,2.5845034440175656,1.6607511778489714,2.318954468983292
123,Hog_office_Shawna,spike,316.8977482297006,1.564334668581536,2.1862755793977287,1.355475354060382,1.0726191010792
123,Hog_office_Shawna,drift,23154.84143521574,1.8338522727668158,1.7261414325385398,1.42271948701249,1.30982535066485
123,Hog_office_Shawnna,spike,2371.412146578059,2.344630551786992,2.6723183934408157,2.327606237383458,1.6982939275704292
123,Hog_office_Shawnna,drift,4751.4831722333965,0.21953928050971674,0.3319426711801189,0.15140755555513402,-0.0959605519151052
123,Hog_office_Shawnna,schedule,653.0373692162267,-0.09146801290128803,-0.0346488938353053,-0.33867807107797115,-0.4895352332489879
123,Hog_office_Shawnna,schedule,8044.543420406057,0.4582916962401401,0.38870813261453463,0.08305202968878861,-0.010097967195007284
123,Hog_office_Shawnna,spike,1558.1165318333533,4.997177085738976,5.527498147350151,4.484308949571449,4.892603870229351
123,Hog_office_Shawnna,spike,1317.6350904115675,1.3496559657310077,1.6547993220542498,0.9676801599715777,0.756309763352464
123,Hog_office_Sherrie,drift,1502.6883443003737,0.6325614892143749,0.665102136622894,0.29000007809227585,0.23143016795881438
123,Hog_office_Sherrie,drift,2843.888229420063,1.1384034375203818,1.2345955912676194,1.065958533057814,0.9167026461656935
123,Hog_office_Sherrie,spike,291.8020352741702,4.915801969354443,5.301460948770337,4.783395376985363,3.996688692672301
123,Hog_office_Sherrie,spike,282.5523283669032,2.496194723389161,2.577949276707185,2.1860231847977762,2.4513950424972517
123,Hog_office_Sherrie,drift,1240.5414345171785,0.7512852589883435,0.8091138965526915,0.5953767528058037,0.42427366853424925
123,Hog_office_Sherrie,spike,135.38450679958814,6.256608227876599,6.474197665838178,5.803349355844434,6.225092242072421
123,Hog_office_Shon,drift,2948.463897397897,1.5521703841246464,1.695092708066831,1.4571049499717652,1.1374922403141667
123,Hog_office_Shon,spike,269.0109492648661,2.716444966154448,2.854355302410475,2.6308465197256723,2.4390498056370893
123,Hog_office_Shon,drift,1947.8557803483086,1.4841172063149675,1.5377023256120745,1.3021284030797742,1.0272583870599952
123,Hog_office_Shon,drift,11247.793831062876,3.213743480610073,3.1714124579512397,2.8784253967006985,2.6279460532057772
123,Hog_office_Shon,drift,7232.998301440217,1.701285522881427,1.768443796613096,1.5048815758787493,1.2588658315695516
123,Hog_office_Shon,spike,191.61788634989614,4.102495278844287,4.697159912118366,3.8912134130090976,3.7922521441761203
123,Hog_office_Sydney,spike,153.76692493643083,3.0680278528850256,3.344320772997636,2.4325393129508677,2.8223719146731483
123,Hog_office_Sydney,schedule,727.3023863134501,0.02558150731988452,0.05684122918928036,-0.19473993002407056,-0.3799375882617675
123,Hog_office_Sydney,spike,205.02813478194554,2.784245107562131,2.448751920452502,3.017945899556862,2.28228489252755
123,Hog_office_Sydney,drift,5315.767404450148,0.4962592793034174,0.5658655794363874,0.4184567064101563,0.11033372464617487
123,Hog_office_Sydney,schedule,956.7663238616351,0.5411607426159313,0.4124319470262591,0.14297167105006486,-0.1429339856290602
123,Hog_office_Sydney,drift,6145.092488138226,1.756419321081984,1.6314665009079432,1.3478389260880488,1.2186885875303282
123,Hog_office_Valda,spike,147.18737605936093,3.241167348244911,3.4016435361098507,2.5942041095287856,3.2208927219415777
123,Hog_office_Valda,spike,78.9182213779984,5.360647307450283,5.250230865294445,4.9090876446313745,4.6754372190866755
123,Hog_office_Valda,schedule,39.10848908515853,0.7630715963520431,0.8598681494295298,0.7019051215623519,0.32415122924712303
123,Hog_office_Valda,spike,192.79737053892276,2.9578040561043033,2.9139191707931764,2.804282214339853,2.8559395581657867
123,Hog_office_Valda,spike,86.50562247331051,0.9713574157856976,0.9284380929373774,0.8036870764397656,1.1405055610858088
123,Hog_office_Valda,spike,115.39396740012796,3.4387512926116957,2.731171600406903,3.1927405122772234,2.3500140115839536
123,Lamb_education_Armando,schedule,203.13693771528114,0.4816233010330784,0.7968335765920402,0.46607208413272966,0.1101304229096591
123,Lamb_education_Armando,schedule,87.28334918811282,0.5762506696518642,0.8006159788874596,0.5645526215335396,0.18579814293653493
123,Lamb_education_Armando,spike,377.12178654530476,8.34308960938177,8.640594809290981,8.58718642496786,8.93676047739307
123,Lamb_education_Armando,drift,7857.0451735646675,0.8609046532902708,1.0238053444258424,0.7523404048384511,0.38010736150803026
123,Lamb_education_Armando,spike,386.59756392503573,3.413388591528591,4.055992664417283,3.093420725584682,3.040329611442766
123,Lamb_education_Armando,spike,413.23074896014316,4.769389560996711,4.943893602668465,4.955625823318183,3.166475228335831
123,Lamb_education_Eula,spike,26.294354402095188,4.082611627253018,4.245238035293542,4.0306138688048945,4.1362131915593485
123,Lamb_education_Eula,spike,5.799574332677247,3.5608242184537606,3.7444105178731637,3.4203624755758004,3.5985376199164976
123,Lamb_education_Eula,spike,34.334959750450494,5.614317975671902,5.32734870734991,5.330875538023129,5.307147719397808
123,Lamb_education_Eula,spike,7.181574523397411,3.5735706618415533,3.4779602816688238,3.408543937503022,3.3470602354452605
123,Lamb_education_Eula,spike,6.59423254631242,4.430132723181228,4.5700788262772365,4.161898231832962,3.8720821923535644
123,Lamb_education_Eula,spike,15.329047213601562,8.888547733331443,8.838956966901542,8.279672160650016,9.245560226070978
123,Lamb_education_Lazaro,spike,374.47784520017035,5.2789769214358655,4.868500236865553,5.250354246493849,4.259395894389312
123,Lamb_education_Lazaro,drift,401.29286658232274,-0.7163211518339657,-0.34827508369597115,-0.7068688988747541,-1.2525216297200314
123,Lamb_education_Lazaro,spike,201.78794729269748,2.9309811495700364,2.916076253151783,2.6802149914660935,2.790457847458798
123,Lamb_education_Lazaro,drift,1592.6761325556072,1.2869677285747247,1.4995483594021095,1.2996308925179412,0.8573830611824701
123,Lamb_education_Lazaro,spike,231.02367481296838,4.48384140122802,4.788842421659538,4.307592105754921,3.9156138098391806
123,Lamb_education_Lazaro,drift,241.48661946843598,-0.9163874282365204,-0.4389737905842368,-0.797763745096129,-1.2563375503183962
123,Lamb_education_Lucas,schedule,76.518357105516,0.5222886057399714,0.7416052937070674,0.4633590544137007,0.22036780195232436
123,Lamb_education_Lucas,spike,54.16916519743869,8.164886630800975,8.548327214745296,8.069255031374706,8.255044733914659
123,Lamb_education_Lucas,schedule,5.869035981446744,0.5064169105400372,0.729637033311168,0.38076899418497046,0.20307013771594018
123,Lamb_education_Lucas,spike,83.64456360822592,3.299136898069403,3.35202070787432,3.25305646970751,3.4362871493043903
123,Lamb_education_Lucas,spike,21.503552764624672,2.7774851062586183,3.1576358416368833,2.8405382373621335,3.2473175994778534
123,Lamb_education_Lucas,drift,225.2261936276376,0.4967642029988689,0.8061664731083947,0.6244012642893119,0.38439443098478987
123,Lamb_education_Mae,drift,2090.9792705675427,0.3262785825594526,0.4608409988461777,0.3101461219886618,-0.010537194053601116
123,Lamb_education_Mae,drift,3878.3792791977203,1.2992143784294523,1.4896316166301566,1.2680065089792012,1.0280298475699519
123,Lamb_education_Mae,drift,3616.5649037878884,0.19886029152280277,0.4690141468844681,0.10494038972463396,-0.17117608372591395
123,Lamb_education_Mae,spike,168.00759362156072,3.1345125995922145,3.0861774646091518,3.4338950477886256,2.772252984940373
123,Lamb_education_Mae,schedule,5.109533279254961,0.5838230666721937,0.8506669664203782,0.8183960488290499,0.5255123593706039
123,Lamb_education_Mae,spike,497.76086737073166,2.3601638173681536,2.736054169200066,2.181856902502183,2.980134977345133
123,Lamb_education_Williams,spike,424.58042233121216,4.0333769646221045,4.0705130623711785,4.033792567941909,3.712826171451717
123,Lamb_education_Williams,spike,170.23417353918882,1.5255778049885023,1.5965021466671214,1.3855286553957844,1.43468682860036
123,Lamb_education_Williams,schedule,51.864066737421766,0.5775885279860556,0.7583204125391529,0.51499825550978,0.24237455900326946
123,Lamb_education_Williams,spike,312.0306486506167,4.153984856970562,4.349180919296994,3.872093823917164,4.044931635502746
123,Lamb_education_Williams,spike,345.7997785693358,2.0740964381403284,2.1949375836557703,2.247342285365518,1.7373280009816732
123,Lamb_education_Williams,spike,169.72626497152717,2.071982577387012,2.4460116773282654,2.4544132699007957,1.5350162479533902
123,Lamb_office_Caitlin,drift,262.52918539532453,-0.4017163701561948,-0.03990250852782134,-0.3888872971343855,-0.7286027075346274
123,Lamb_office_Caitlin,spike,568.3639822512657,4.256306862438397,4.589173252984559,4.060541923448121,4.014536298595812
123,Lamb_office_Caitlin,drift,704.4995026024479,0.1906845361423269,0.37428331093805783,0.23946342351479086,-0.0399456822388221
123,Lamb_office_Caitlin,spike,313.85656167965396,1.4192850025581496,1.7705377849029675,1.1389817984985486,0.6355659631022044
123,Lamb_office_Caitlin,spike,568.2456667214833,1.6640027617175066,1.984836695070931,1.8074231837946861,0.5151170452148611
123,Lamb_office_Caitlin,spike,305.0811978420506,1.2530050917284405,1.6049729033129136,1.443213864546688,2.3530663571722745
123,Lamb_office_Velma,spike,579.3785831747393,4.877763882625491,5.587046876895816,4.689721331346423,4.167240211585999
123,Lamb_office_Velma,drift,3600.407790458008,0.9044004279070028,0.9845220576514322,0.8995519481903876,0.5094694788302638
123,Lamb_office_Velma,schedule,529.7124723853377,0.6818854455206221,0.9264190321468736,0.7651114377184137,0.322813420781177
123,Lamb_office_Velma,schedule,905.7834583344495,0.6853724358790427,0.7631219290117872,0.48816356390279203,0.18990395562058243
123,Lamb_office_Velma,drift,11018.856200311362,1.3472435718948585,1.5639199489582496,1.4043762243687483,1.0583493313896035
123,Lamb_office_Velma,spike,203.31928736081287,5.610381008919374,5.696359874542849,5.83840680294861,4.6263006829122855
123,Rat_retail_Jeffrey,spike,297.07819054346146,0.772189421612397,0.7353409659449012,0.6181895565573128,1.263023946186249
123,Rat_retail_Jeffrey,drift,8884.572843683076,0.7936214276114183,0.9620482224651007,0.7467950188234773,0.880646308565995
123,Rat_retail_Jeffrey,drift,16042.159321483588,1.2233696690571654,1.4448515411587903,1.16673299940802,1.3562436165417235
123,Rat_retail_Jeffrey,drift,13433.287503070473,1.6835195321089373,1.752207094474022,1.6482061121371152,1.785302053921342
123,Rat_retail_Jeffrey,spike,396.18797784816087,2.706275640699337,2.5859215247363547,3.031559168073604,3.65235037608165
123,Rat_retail_Jeffrey,spike,149.27212647463435,2.185141275524415,1.9559804525964632,2.2335361790650268,2.5505740633811858
123,Robin_education_Zenia,drift,23393.72141148178,6.450345365149112,6.368482621453535,6.450800188325178,6.214307072788637
123,Robin_education_Zenia,drift,11875.093738761898,4.933322235254999,4.8481422032224915,4.978833494779909,4.7468121786156985
123,Robin_education_Zenia,spike,222.03735529951837,4.372107922596179,4.021490076743008,4.40530512686813,4.586825424366962
123,Robin_education_Zenia,drift,9160.385486153853,3.5968597683899586,3.630230095387464,3.674433106913466,3.343540250059221
123,Robin_education_Zenia,spike,431.4815913558175,6.237382149773648,6.255011963921596,6.537370848733,6.227539755750687
123,Robin_education_Zenia,spike,167.63958684164422,4.72196517840035,4.944993440856608,4.785580023676229,4.341192541364856
123,Robin_office_Dina,spike,68.4746983087544,1.653299918774267,1.5289603382383785,1.7806591227685413,2.418677137125324
123,Robin_office_Dina,spike,57.843807887198196,5.624817934803027,5.812392798236865,5.462167528442401,5.103187275736697
123,Robin_office_Dina,spike,105.04301321096541,2.828847778687455,3.325969172368027,2.461138074943997,2.7743975897535784
123,Robin_office_Dina,drift,2636.196139427071,1.252798022651061,1.4139292045485135,1.246260927628363,1.0332034998700816
123,Robin_office_Dina,drift,5380.373982455583,2.720436485793341,2.9341198729221323,2.7533531890858196,2.640600487606801
123,Robin_office_Dina,spike,151.9427563095937,3.1917037811294064,3.446306833268689,2.8001524236217006,3.2893473440287586
123,Robin_office_Sammie,schedule,483.8792634429125,0.3827665998527151,0.605848024807018,0.3461827218747557,0.1388390816141015
123,Robin_office_Sammie,schedule,977.3897562849763,0.4476410405707707,0.605396426732699,0.39138068843140944,0.09176784649191959
123,Robin_office_Sammie,drift,2755.0334119244794,-0.01789920033781413,0.23333231048933437,0.026470402026419843,-0.2880378223891501
123,Robin_office_Sammie,spike,364.36019766409277,6.538535446580967,6.817651242670139,6.5832447714176965,5.419376466472109
123,Robin_office_Sammie,schedule,2314.2865402050898,0.49951431337677926,0.6731391359362353,0.44715590066077365,0.1477101747405153
123,Robin_office_Sammie,spike,474.4082509322585,5.6089956725737595,6.148554464688016,5.594026109089567,4.692287984183989
123,Shrew_office_Doris,drift,44891.62811435338,2.896288412900693,3.1343399394357085,2.8958663353129106,2.6034412388808645
123,Shrew_office_Doris,spike,237.15238122664746,2.6987368096513142,3.3933743019503937,2.623245157758652,1.9303164299658364
123,Shrew_office_Doris,schedule,1297.1953433177616,0.2530506682374812,0.5123512128195126,0.21499934544506594,0.06339032288992413
123,Shrew_office_Doris,schedule,35.91670620662419,0.49877052743848577,0.8008788705082379,0.776987597864036,0.16951199808287631
123,Shrew_office_Doris,schedule,5.573837452122518,0.540052889789632,0.8095584704284775,0.655231444418918,0.33771104261815094
123,Shrew_office_Doris,spike,454.8096962841917,4.274936782870114,4.7055589135025135,4.286044287237942,4.236251108996245
123,Shrew_office_Ila,drift,12234.707321185711,1.5683126454129817,1.7252398879776398,1.5192985464396578,1.2844010094008764
123,Shrew_office_Ila,schedule,57.235751088076555,0.3714526837113939,0.5979180018305471,0.3668012964116724,0.0832726865254991
123,Shrew_office_Ila,drift,3195.899958049458,0.8531588315053157,1.0761964049599069,0.8884831132155157,0.7278384741476229
123,Shrew_office_Ila,spike,354.27865606545697,2.9960208055351214,3.170239867466096,2.918271990316514,3.263119948577754
123,Shrew_office_Ila,schedule,3.1847764428720353,0.4490872208232204,0.723821235390829,0.5337703476804918,0.4155728324540099
123,Shrew_office_Ila,drift,22688.051141610937,2.745770267870021,2.942973394994058,2.73003592223338,2.478967347768495
123,Shrew_office_Kenneth,spike,131.11670586022714,3.542628666618282,3.633054306962902,3.6532454101828873,4.208458134089385
123,Shrew_office_Kenneth,spike,227.0242444596504,2.6147212983676864,2.804969954640575,2.6264886976787523,1.9084714918776104
123,Shrew_office_Kenneth,drift,5053.890885911685,1.866560803629681,2.0075291760075586,1.8339717109109337,1.8274360405167476
123,Shrew_office_Kenneth,drift,5293.377061299316,1.3520075838440015,1.628655076790889,1.4024421929923707,1.350646296910434
123,Shrew_office_Kenneth,drift,2846.954348101387,0.2216439004221291,0.5230832576945067,0.1931682410589315,0.11460947336958333
123,Shrew_office_Kenneth,spike,176.17399675860463,3.123489181357545,3.86892171468131,3.017533487486762,3.423491337645356
123,Shrew_office_Nora,spike,363.7027421884706,3.056080130413005,3.369201767121582,3.066009588713277,1.6283292079423197
123,Shrew_office_Nora,schedule,2229.075651298478,0.356255871451942,0.6219274961652976,0.39501160532652413,0.14637213286851114
123,Shrew_office_Nora,spike,1307.2052737697059,4.9985864115597645,5.319984431350415,5.210544462287609,3.8677513774474623
123,Shrew_office_Nora,spike,1074.4165419552485,3.23428304246851,3.3953431611437415,3.2073088412661175,3.0952571452729205
123,Shrew_office_Nora,schedule,981.9580003229489,0.5136764430563334,0.6883170239646252,0.5813545050946227,0.21705170651551142
123,Shrew_office_Nora,spike,299.98487883646453,2.2121996031373916,2.35537308913173,2.141705785807985,1.8871234758024729
123,Shrew_office_Sherill,spike,1938.3662349644947,4.167720115912008,4.661880544555236,3.9017571128726476,4.3406955652946255
123,Shrew_office_Sherill,schedule,1063.2674640853456,0.24767960995922114,0.5398794400847063,0.3505618779551804,0.09324113078396416
123,Shrew_office_Sherill,schedule,52.89200787198175,-0.1921945116088125,0.17414847987820709,-0.078454133652846,-0.21090764957139313
123,Shrew_office_Sherill,drift,20296.48426102668,1.2444361734079923,1.5551537327056058,1.3020670971176915,1.1420740523673434
123,Shrew_office_Sherill,spike,891.9483588151319,5.001436729734638,5.481047113245229,4.848850746458273,3.994003266294959
123,Shrew_office_Sherill,spike,597.9218152987612,3.108721168914733,3.7976269245935454,3.0814018568190913,2.034096370725765
123,Wolf_office_Darleen,drift,5118.617371022473,0.7953827511157253,1.0893598629086336,0.8929689505062125,0.6305066741568885
123,Wolf_office_Darleen,drift,1122.0444420374765,0.5465192033863904,0.7580018865830542,0.7381277661414785,0.4048056637965223
123,Wolf_office_Darleen,drift,4625.169208288764,1.088932770704012,1.3870190496723993,1.1263912770823226,1.0137431269419317
123,Wolf_office_Darleen,spike,240.52539583615456,4.120739566652538,4.719198914735081,4.200402724115612,3.2463754386256363
123,Wolf_office_Darleen,drift,722.2431690015353,0.24450729581859185,0.5933838121533044,0.3951130160647139,0.1843266862638094
123,Wolf_office_Darleen,schedule,6.372364314854387,0.20651642799263473,0.35724391947351947,0.25208358211811766,-0.10127136393094249
123,Wolf_retail_Harriett,schedule,41.589040571361394,0.5713256238067106,0.7457347239975504,0.5682675435815625,0.3060032515185822
123,Wolf_retail_Harriett,schedule,20.026795522465733,0.25232526366880703,0.4829765989162889,0.4482735848858571,0.08682418150954786
123,Wolf_retail_Harriett,spike,304.5069252343177,5.142409956845982,5.002043760213596,5.4374584797952,4.517005778092283
123,Wolf_retail_Harriett,spike,204.21169334656463,4.297765590902487,3.6846902600490243,4.51954142069451,3.393390640797943
123,Wolf_retail_Harriett,drift,1245.6474215603403,0.5413011441034378,0.8121372683194887,0.7676550921661892,0.5522354951318446
123,Wolf_retail_Harriett,drift,7344.239049400337,2.3106855539433053,2.49118919065478,2.371351825061809,2.164622731884848
123,Wolf_retail_Marcella,spike,13.916313168209674,3.9677953736758518,4.128141881701975,4.0523190515017795,3.7899689008258175
123,Wolf_retail_Marcella,drift,1145.6896641735011,1.753688242741517,2.0621708294016856,1.849854836159268,1.7488652006505105
123,Wolf_retail_Marcella,drift,198.96519574007425,0.33862149329101465,0.6041702679790019,0.394592913686927,0.2696340343403056
123,Wolf_retail_Marcella,spike,59.222953564174716,3.695797872973443,4.00059004618025,3.740140212012292,4.377915891190401
123,Wolf_retail_Marcella,spike,14.837894350572272,4.170666786750447,4.246791454871785,4.351095172485005,3.9266825487704176
123,Wolf_retail_Marcella,spike,32.44073899726534,2.712945617104836,2.852150715256997,2.6124153205407343,2.434720358768643
123,Wolf_retail_Toshia,spike,303.6671023696364,1.437494235363828,1.7001154890926942,1.350120725360738,1.3308397524135727
123,Wolf_retail_Toshia,spike,332.1122316161035,1.8067198968844966,1.8351788646894056,1.4216173864322266,1.580587474768839
123,Wolf_retail_Toshia,schedule,83.30849022986973,0.06535529145762309,0.32371849801803615,0.12263188290925475,-0.14887201024216676
123,Wolf_retail_Toshia,spike,312.40678412779,2.346856725537963,2.5620076927782964,2.673800063455291,0.9641901528949123
123,Wolf_retail_Toshia,spike,471.3347275443462,5.788004421789287,6.123083078462718,6.111966871816754,4.618345781464533
123,Wolf_retail_Toshia,schedule,6.526262952639762,0.21271664078142263,0.4943289748713972,0.2806796358908814,0.020632208344857555
