model,building_id,seed,type,severity,severity_name,duration_h,true_kwh,detected,delay_h,range_cov
PatchTST-SSL(HoW-cond),B01,124,schedule,3,obvious,192,21.925218673578208,True,67.0,0.03125
PatchTST-SSL(HoW-cond),B01,124,spike,3,obvious,4,775.4092873316299,True,1.0,0.75
PatchTST-SSL(HoW-cond),B01,124,spike,1,subtle,5,362.4413275572821,True,0.0,1.0
PatchTST-SSL(HoW-cond),B01,124,schedule,3,obvious,144,639.6930181522698,True,55.0,0.013888888888888888
PatchTST-SSL(HoW-cond),B01,124,drift,1,subtle,216,2388.155200369367,True,54.0,0.2916666666666667
PatchTST-SSL(HoW-cond),B01,124,spike,2,moderate,1,286.5908755164706,True,0.0,1.0
PatchTST-SSL(global-MAD),B01,124,schedule,3,obvious,192,21.925218673578208,True,32.0,0.0625
PatchTST-SSL(global-MAD),B01,124,spike,3,obvious,4,775.4092873316299,True,1.0,0.75
PatchTST-SSL(global-MAD),B01,124,spike,1,subtle,5,362.4413275572821,True,3.0,0.4
PatchTST-SSL(global-MAD),B01,124,schedule,3,obvious,144,639.6930181522698,True,68.0,0.04861111111111111
PatchTST-SSL(global-MAD),B01,124,drift,1,subtle,216,2388.155200369367,True,49.0,0.07407407407407407
PatchTST-SSL(global-MAD),B01,124,spike,2,moderate,1,286.5908755164706,True,0.0,1.0
HOW-profile(HoW-cond),B01,124,schedule,3,obvious,192,21.925218673578208,True,18.0,0.010416666666666666
HOW-profile(HoW-cond),B01,124,spike,3,obvious,4,775.4092873316299,True,1.0,0.75
HOW-profile(HoW-cond),B01,124,spike,1,subtle,5,362.4413275572821,True,2.0,0.6
HOW-profile(HoW-cond),B01,124,schedule,3,obvious,144,639.6930181522698,False,,0.0
HOW-profile(HoW-cond),B01,124,drift,1,subtle,216,2388.155200369367,True,81.0,0.05555555555555555
HOW-profile(HoW-cond),B01,124,spike,2,moderate,1,286.5908755164706,True,0.0,1.0
HOW-profile(global-MAD),B01,124,schedule,3,obvious,192,21.925218673578208,False,,0.0
HOW-profile(global-MAD),B01,124,spike,3,obvious,4,775.4092873316299,True,1.0,0.75
HOW-profile(global-MAD),B01,124,spike,1,subtle,5,362.4413275572821,True,2.0,0.6
HOW-profile(global-MAD),B01,124,schedule,3,obvious,144,639.6930181522698,False,,0.0
HOW-profile(global-MAD),B01,124,drift,1,subtle,216,2388.155200369367,True,81.0,0.1111111111111111
HOW-profile(global-MAD),B01,124,spike,2,moderate,1,286.5908755164706,True,0.0,1.0
PatchTST-SSL(HoD-cond),B01,124,schedule,3,obvious,192,21.925218673578208,False,,0.0
PatchTST-SSL(HoD-cond),B01,124,spike,3,obvious,4,775.4092873316299,True,2.0,0.5
PatchTST-SSL(HoD-cond),B01,124,spike,1,subtle,5,362.4413275572821,False,,0.0
PatchTST-SSL(HoD-cond),B01,124,schedule,3,obvious,144,639.6930181522698,False,,0.0
PatchTST-SSL(HoD-cond),B01,124,drift,1,subtle,216,2388.155200369367,True,127.0,0.05555555555555555
PatchTST-SSL(HoD-cond),B01,124,spike,2,moderate,1,286.5908755164706,True,0.0,1.0
HOW-profile(HoD-cond),B01,124,schedule,3,obvious,192,21.925218673578208,False,,0.0
HOW-profile(HoD-cond),B01,124,spike,3,obvious,4,775.4092873316299,True,1.0,0.75
HOW-profile(HoD-cond),B01,124,spike,1,subtle,5,362.4413275572821,True,2.0,0.6
HOW-profile(HoD-cond),B01,124,schedule,3,obvious,144,639.6930181522698,False,,0.0
HOW-profile(HoD-cond),B01,124,drift,1,subtle,216,2388.155200369367,True,159.0,0.023148148148148147
HOW-profile(HoD-cond),B01,124,spike,2,moderate,1,286.5908755164706,True,0.0,1.0
TOWT(HoW-cond),B01,124,schedule,3,obvious,192,21.925218673578208,False,,0.0
TOWT(HoW-cond),B01,124,spike,3,obvious,4,775.4092873316299,True,1.0,0.75
TOWT(HoW-cond),B01,124,spike,1,subtle,5,362.4413275572821,True,1.0,0.8
TOWT(HoW-cond),B01,124,schedule,3,obvious,144,639.6930181522698,False,,0.0
TOWT(HoW-cond),B01,124,drift,1,subtle,216,2388.155200369367,True,70.0,0.4305555555555556
TOWT(HoW-cond),B01,124,spike,2,moderate,1,286.5908755164706,True,0.0,1.0
IsolationForest(t),B01,124,schedule,3,obvious,192,21.925218673578208,True,8.0,0.07291666666666667
IsolationForest(t),B01,124,spike,3,obvious,4,775.4092873316299,True,1.0,0.75
IsolationForest(t),B01,124,spike,1,subtle,5,362.4413275572821,True,2.0,0.6
IsolationForest(t),B01,124,schedule,3,obvious,144,639.6930181522698,False,,0.0
IsolationForest(t),B01,124,drift,1,subtle,216,2388.155200369367,True,139.0,0.037037037037037035
IsolationForest(t),B01,124,spike,2,moderate,1,286.5908755164706,True,0.0,1.0
OC-SVM(t),B01,124,schedule,3,obvious,192,21.925218673578208,True,32.0,0.026041666666666668
OC-SVM(t),B01,124,spike,3,obvious,4,775.4092873316299,True,1.0,0.75
OC-SVM(t),B01,124,spike,1,subtle,5,362.4413275572821,True,3.0,0.4
OC-SVM(t),B01,124,schedule,3,obvious,144,639.6930181522698,True,91.0,0.0625
OC-SVM(t),B01,124,drift,1,subtle,216,2388.155200369367,True,139.0,0.023148148148148147
OC-SVM(t),B01,124,spike,2,moderate,1,286.5908755164706,True,0.0,1.0
Autoencoder(t),B01,124,schedule,3,obvious,192,21.925218673578208,True,5.0,0.11458333333333333
Autoencoder(t),B01,124,spike,3,obvious,4,775.4092873316299,True,1.0,0.75
Autoencoder(t),B01,124,spike,1,subtle,5,362.4413275572821,True,1.0,0.8
Autoencoder(t),B01,124,schedule,3,obvious,144,639.6930181522698,True,5.0,0.125
Autoencoder(t),B01,124,drift,1,subtle,216,2388.155200369367,True,52.0,0.22685185185185186
Autoencoder(t),B01,124,spike,2,moderate,1,286.5908755164706,True,0.0,1.0
LSTM-AE(t),B01,124,schedule,3,obvious,192,21.925218673578208,False,,0.0
LSTM-AE(t),B01,124,spike,3,obvious,4,775.4092873316299,True,0.0,1.0
LSTM-AE(t),B01,124,spike,1,subtle,5,362.4413275572821,False,,0.0
LSTM-AE(t),B01,124,schedule,3,obvious,144,639.6930181522698,False,,0.0
LSTM-AE(t),B01,124,drift,1,subtle,216,2388.155200369367,False,,0.0
LSTM-AE(t),B01,124,spike,2,moderate,1,286.5908755164706,True,0.0,1.0
PatchTST-SSL(HoW-cond),B02,124,spike,3,obvious,3,606.7658386739647,True,1.0,0.6666666666666666
PatchTST-SSL(HoW-cond),B02,124,schedule,3,obvious,192,169.20725762602433,True,47.0,0.026041666666666668
PatchTST-SSL(HoW-cond),B02,124,spike,3,obvious,5,1007.4185472080702,True,1.0,0.8
PatchTST-SSL(HoW-cond),B02,124,drift,2,moderate,168,2849.8999620322566,True,48.0,0.4642857142857143
PatchTST-SSL(HoW-cond),B02,124,spike,1,subtle,3,261.3888245616696,True,1.0,0.6666666666666666
PatchTST-SSL(HoW-cond),B02,124,schedule,3,obvious,96,47.391507215665584,True,21.0,0.020833333333333332
PatchTST-SSL(global-MAD),B02,124,spike,3,obvious,3,606.7658386739647,True,1.0,0.6666666666666666
PatchTST-SSL(global-MAD),B02,124,schedule,3,obvious,192,169.20725762602433,True,60.0,0.08854166666666667
PatchTST-SSL(global-MAD),B02,124,spike,3,obvious,5,1007.4185472080702,True,1.0,0.8
PatchTST-SSL(global-MAD),B02,124,drift,2,moderate,168,2849.8999620322566,True,52.0,0.3333333333333333
PatchTST-SSL(global-MAD),B02,124,spike,1,subtle,3,261.3888245616696,True,1.0,0.6666666666666666
PatchTST-SSL(global-MAD),B02,124,schedule,3,obvious,96,47.391507215665584,False,,0.0
HOW-profile(HoW-cond),B02,124,spike,3,obvious,3,606.7658386739647,True,1.0,0.6666666666666666
HOW-profile(HoW-cond),B02,124,schedule,3,obvious,192,169.20725762602433,True,20.0,0.08854166666666667
HOW-profile(HoW-cond),B02,124,spike,3,obvious,5,1007.4185472080702,True,1.0,0.8
HOW-profile(HoW-cond),B02,124,drift,2,moderate,168,2849.8999620322566,True,1.0,0.5297619047619048
HOW-profile(HoW-cond),B02,124,spike,1,subtle,3,261.3888245616696,True,1.0,0.6666666666666666
HOW-profile(HoW-cond),B02,124,schedule,3,obvious,96,47.391507215665584,True,8.0,0.11458333333333333
HOW-profile(global-MAD),B02,124,spike,3,obvious,3,606.7658386739647,True,1.0,0.6666666666666666
HOW-profile(global-MAD),B02,124,schedule,3,obvious,192,169.20725762602433,False,,0.0
HOW-profile(global-MAD),B02,124,spike,3,obvious,5,1007.4185472080702,True,1.0,0.8
HOW-profile(global-MAD),B02,124,drift,2,moderate,168,2849.8999620322566,True,47.0,0.5238095238095238
HOW-profile(global-MAD),B02,124,spike,1,subtle,3,261.3888245616696,True,1.0,0.6666666666666666
HOW-profile(global-MAD),B02,124,schedule,3,obvious,96,47.391507215665584,True,23.0,0.03125
PatchTST-SSL(HoD-cond),B02,124,spike,3,obvious,3,606.7658386739647,True,1.0,0.6666666666666666
PatchTST-SSL(HoD-cond),B02,124,schedule,3,obvious,192,169.20725762602433,True,69.0,0.005208333333333333
PatchTST-SSL(HoD-cond),B02,124,spike,3,obvious,5,1007.4185472080702,True,1.0,0.8
PatchTST-SSL(HoD-cond),B02,124,drift,2,moderate,168,2849.8999620322566,True,60.0,0.30952380952380953
PatchTST-SSL(HoD-cond),B02,124,spike,1,subtle,3,261.3888245616696,True,1.0,0.6666666666666666
PatchTST-SSL(HoD-cond),B02,124,schedule,3,obvious,96,47.391507215665584,False,,0.0
HOW-profile(HoD-cond),B02,124,spike,3,obvious,3,606.7658386739647,True,1.0,0.6666666666666666
HOW-profile(HoD-cond),B02,124,schedule,3,obvious,192,169.20725762602433,True,21.0,0.052083333333333336
HOW-profile(HoD-cond),B02,124,spike,3,obvious,5,1007.4185472080702,True,1.0,0.8
HOW-profile(HoD-cond),B02,124,drift,2,moderate,168,2849.8999620322566,True,12.0,0.6071428571428571
HOW-profile(HoD-cond),B02,124,spike,1,subtle,3,261.3888245616696,True,1.0,0.6666666666666666
HOW-profile(HoD-cond),B02,124,schedule,3,obvious,96,47.391507215665584,True,10.0,0.10416666666666667
TOWT(HoW-cond),B02,124,spike,3,obvious,3,606.7658386739647,True,1.0,0.6666666666666666
TOWT(HoW-cond),B02,124,schedule,3,obvious,192,169.20725762602433,True,21.0,0.026041666666666668
TOWT(HoW-cond),B02,124,spike,3,obvious,5,1007.4185472080702,True,0.0,1.0
TOWT(HoW-cond),B02,124,drift,2,moderate,168,2849.8999620322566,True,35.0,0.6904761904761905
TOWT(HoW-cond),B02,124,spike,1,subtle,3,261.3888245616696,True,1.0,0.6666666666666666
TOWT(HoW-cond),B02,124,schedule,3,obvious,96,47.391507215665584,False,,0.0
IsolationForest(t),B02,124,spike,3,obvious,3,606.7658386739647,True,1.0,0.6666666666666666
IsolationForest(t),B02,124,schedule,3,obvious,192,169.20725762602433,True,2.0,0.08333333333333333
IsolationForest(t),B02,124,spike,3,obvious,5,1007.4185472080702,True,2.0,0.6
IsolationForest(t),B02,124,drift,2,moderate,168,2849.8999620322566,True,20.0,0.21428571428571427
IsolationForest(t),B02,124,spike,1,subtle,3,261.3888245616696,True,1.0,0.6666666666666666
IsolationForest(t),B02,124,schedule,3,obvious,96,47.391507215665584,True,65.0,0.020833333333333332
OC-SVM(t),B02,124,spike,3,obvious,3,606.7658386739647,True,1.0,0.6666666666666666
OC-SVM(t),B02,124,schedule,3,obvious,192,169.20725762602433,True,66.0,0.0625
OC-SVM(t),B02,124,spike,3,obvious,5,1007.4185472080702,True,2.0,0.6
OC-SVM(t),B02,124,drift,2,moderate,168,2849.8999620322566,True,10.0,0.2619047619047619
OC-SVM(t),B02,124,spike,1,subtle,3,261.3888245616696,True,1.0,0.6666666666666666
OC-SVM(t),B02,124,schedule,3,obvious,96,47.391507215665584,True,43.0,0.03125
Autoencoder(t),B02,124,spike,3,obvious,3,606.7658386739647,True,1.0,0.6666666666666666
Autoencoder(t),B02,124,schedule,3,obvious,192,169.20725762602433,True,7.0,0.14583333333333334
Autoencoder(t),B02,124,spike,3,obvious,5,1007.4185472080702,True,2.0,0.6
Autoencoder(t),B02,124,drift,2,moderate,168,2849.8999620322566,True,3.0,0.44047619047619047
Autoencoder(t),B02,124,spike,1,subtle,3,261.3888245616696,True,1.0,0.6666666666666666
Autoencoder(t),B02,124,schedule,3,obvious,96,47.391507215665584,True,1.0,0.14583333333333334
LSTM-AE(t),B02,124,spike,3,obvious,3,606.7658386739647,True,0.0,1.0
LSTM-AE(t),B02,124,schedule,3,obvious,192,169.20725762602433,False,,0.0
LSTM-AE(t),B02,124,spike,3,obvious,5,1007.4185472080702,True,0.0,1.0
LSTM-AE(t),B02,124,drift,2,moderate,168,2849.8999620322566,False,,0.0
LSTM-AE(t),B02,124,spike,1,subtle,3,261.3888245616696,False,,0.0
LSTM-AE(t),B02,124,schedule,3,obvious,96,47.391507215665584,False,,0.0
PatchTST-SSL(HoW-cond),B03,124,drift,3,obvious,264,11683.211757827754,True,4.0,0.5454545454545454
PatchTST-SSL(HoW-cond),B03,124,drift,1,subtle,216,2469.7389215357434,True,156.0,0.018518518518518517
PatchTST-SSL(HoW-cond),B03,124,drift,2,moderate,120,1660.0238397456237,True,41.0,0.3333333333333333
PatchTST-SSL(HoW-cond),B03,124,spike,1,subtle,5,310.62633852666323,True,4.0,0.2
PatchTST-SSL(HoW-cond),B03,124,drift,1,subtle,216,2048.1966233683206,True,101.0,0.10648148148148148
PatchTST-SSL(HoW-cond),B03,124,spike,1,subtle,4,302.697914491864,False,,0.0
PatchTST-SSL(global-MAD),B03,124,drift,3,obvious,264,11683.211757827754,True,0.0,0.24242424242424243
PatchTST-SSL(global-MAD),B03,124,drift,1,subtle,216,2469.7389215357434,False,,0.0
PatchTST-SSL(global-MAD),B03,124,drift,2,moderate,120,1660.0238397456237,True,28.0,0.16666666666666666
PatchTST-SSL(global-MAD),B03,124,spike,1,subtle,5,310.62633852666323,True,3.0,0.4
PatchTST-SSL(global-MAD),B03,124,drift,1,subtle,216,2048.1966233683206,True,85.0,0.046296296296296294
PatchTST-SSL(global-MAD),B03,124,spike,1,subtle,4,302.697914491864,False,,0.0
HOW-profile(HoW-cond),B03,124,drift,3,obvious,264,11683.211757827754,True,8.0,0.6553030303030303
HOW-profile(HoW-cond),B03,124,drift,1,subtle,216,2469.7389215357434,False,,0.0
HOW-profile(HoW-cond),B03,124,drift,2,moderate,120,1660.0238397456237,True,41.0,0.175
HOW-profile(HoW-cond),B03,124,spike,1,subtle,5,310.62633852666323,True,3.0,0.4
HOW-profile(HoW-cond),B03,124,drift,1,subtle,216,2048.1966233683206,True,173.0,0.013888888888888888
HOW-profile(HoW-cond),B03,124,spike,1,subtle,4,302.697914491864,False,,0.0
HOW-profile(global-MAD),B03,124,drift,3,obvious,264,11683.211757827754,True,8.0,0.6818181818181818
HOW-profile(global-MAD),B03,124,drift,1,subtle,216,2469.7389215357434,False,,0.0
HOW-profile(global-MAD),B03,124,drift,2,moderate,120,1660.0238397456237,True,64.0,0.18333333333333332
HOW-profile(global-MAD),B03,124,spike,1,subtle,5,310.62633852666323,True,3.0,0.4
HOW-profile(global-MAD),B03,124,drift,1,subtle,216,2048.1966233683206,True,195.0,0.009259259259259259
HOW-profile(global-MAD),B03,124,spike,1,subtle,4,302.697914491864,False,,0.0
PatchTST-SSL(HoD-cond),B03,124,drift,3,obvious,264,11683.211757827754,True,11.0,0.375
PatchTST-SSL(HoD-cond),B03,124,drift,1,subtle,216,2469.7389215357434,False,,0.0
PatchTST-SSL(HoD-cond),B03,124,drift,2,moderate,120,1660.0238397456237,True,21.0,0.15
PatchTST-SSL(HoD-cond),B03,124,spike,1,subtle,5,310.62633852666323,True,3.0,0.4
PatchTST-SSL(HoD-cond),B03,124,drift,1,subtle,216,2048.1966233683206,True,149.0,0.027777777777777776
PatchTST-SSL(HoD-cond),B03,124,spike,1,subtle,4,302.697914491864,False,,0.0
HOW-profile(HoD-cond),B03,124,drift,3,obvious,264,11683.211757827754,True,8.0,0.6666666666666666
HOW-profile(HoD-cond),B03,124,drift,1,subtle,216,2469.7389215357434,False,,0.0
HOW-profile(HoD-cond),B03,124,drift,2,moderate,120,1660.0238397456237,True,71.0,0.125
HOW-profile(HoD-cond),B03,124,spike,1,subtle,5,310.62633852666323,True,3.0,0.4
HOW-profile(HoD-cond),B03,124,drift,1,subtle,216,2048.1966233683206,True,194.0,0.009259259259259259
HOW-profile(HoD-cond),B03,124,spike,1,subtle,4,302.697914491864,False,,0.0
TOWT(HoW-cond),B03,124,drift,3,obvious,264,11683.211757827754,True,11.0,0.7878787878787878
TOWT(HoW-cond),B03,124,drift,1,subtle,216,2469.7389215357434,False,,0.0
TOWT(HoW-cond),B03,124,drift,2,moderate,120,1660.0238397456237,True,84.0,0.2
TOWT(HoW-cond),B03,124,spike,1,subtle,5,310.62633852666323,False,,0.0
TOWT(HoW-cond),B03,124,drift,1,subtle,216,2048.1966233683206,False,,0.0
TOWT(HoW-cond),B03,124,spike,1,subtle,4,302.697914491864,False,,0.0
IsolationForest(t),B03,124,drift,3,obvious,264,11683.211757827754,True,1.0,0.22727272727272727
IsolationForest(t),B03,124,drift,1,subtle,216,2469.7389215357434,False,,0.0
IsolationForest(t),B03,124,drift,2,moderate,120,1660.0238397456237,True,36.0,0.15
IsolationForest(t),B03,124,spike,1,subtle,5,310.62633852666323,True,2.0,0.6
IsolationForest(t),B03,124,drift,1,subtle,216,2048.1966233683206,True,19.0,0.06481481481481481
IsolationForest(t),B03,124,spike,1,subtle,4,302.697914491864,False,,0.0
OC-SVM(t),B03,124,drift,3,obvious,264,11683.211757827754,True,161.0,0.22348484848484848
OC-SVM(t),B03,124,drift,1,subtle,216,2469.7389215357434,True,146.0,0.004629629629629629
OC-SVM(t),B03,124,drift,2,moderate,120,1660.0238397456237,True,101.0,0.041666666666666664
OC-SVM(t),B03,124,spike,1,subtle,5,310.62633852666323,True,2.0,0.6
OC-SVM(t),B03,124,drift,1,subtle,216,2048.1966233683206,True,19.0,0.037037037037037035
OC-SVM(t),B03,124,spike,1,subtle,4,302.697914491864,False,,0.0
Autoencoder(t),B03,124,drift,3,obvious,264,11683.211757827754,True,1.0,0.4772727272727273
Autoencoder(t),B03,124,drift,1,subtle,216,2469.7389215357434,True,19.0,0.10185185185185185
Autoencoder(t),B03,124,drift,2,moderate,120,1660.0238397456237,True,0.0,0.15
Autoencoder(t),B03,124,spike,1,subtle,5,310.62633852666323,True,0.0,0.8
Autoencoder(t),B03,124,drift,1,subtle,216,2048.1966233683206,True,0.0,0.16203703703703703
Autoencoder(t),B03,124,spike,1,subtle,4,302.697914491864,False,,0.0
LSTM-AE(t),B03,124,drift,3,obvious,264,11683.211757827754,False,,0.0
LSTM-AE(t),B03,124,drift,1,subtle,216,2469.7389215357434,False,,0.0
LSTM-AE(t),B03,124,drift,2,moderate,120,1660.0238397456237,False,,0.0
LSTM-AE(t),B03,124,spike,1,subtle,5,310.62633852666323,False,,0.0
LSTM-AE(t),B03,124,drift,1,subtle,216,2048.1966233683206,False,,0.0
LSTM-AE(t),B03,124,spike,1,subtle,4,302.697914491864,False,,0.0
PatchTST-SSL(HoW-cond),B04,124,drift,2,moderate,120,1090.3213584888463,True,6.0,0.35833333333333334
PatchTST-SSL(HoW-cond),B04,124,schedule,2,moderate,168,167.21458005041202,True,14.0,0.09523809523809523
PatchTST-SSL(HoW-cond),B04,124,drift,1,subtle,192,1188.9596106899119,True,11.0,0.2708333333333333
PatchTST-SSL(HoW-cond),B04,124,spike,1,subtle,1,187.98506354391947,False,,0.0
PatchTST-SSL(HoW-cond),B04,124,schedule,3,obvious,96,205.0033495689354,True,7.0,0.125
PatchTST-SSL(HoW-cond),B04,124,spike,1,subtle,4,349.30464008457153,True,1.0,0.75
PatchTST-SSL(global-MAD),B04,124,drift,2,moderate,120,1090.3213584888463,True,63.0,0.08333333333333333
PatchTST-SSL(global-MAD),B04,124,schedule,2,moderate,168,167.21458005041202,True,1.0,0.08928571428571429
PatchTST-SSL(global-MAD),B04,124,drift,1,subtle,192,1188.9596106899119,True,19.0,0.06770833333333333
PatchTST-SSL(global-MAD),B04,124,spike,1,subtle,1,187.98506354391947,False,,0.0
PatchTST-SSL(global-MAD),B04,124,schedule,3,obvious,96,205.0033495689354,True,39.0,0.0625
PatchTST-SSL(global-MAD),B04,124,spike,1,subtle,4,349.30464008457153,True,2.0,0.5
HOW-profile(HoW-cond),B04,124,drift,2,moderate,120,1090.3213584888463,True,78.0,0.041666666666666664
HOW-profile(HoW-cond),B04,124,schedule,2,moderate,168,167.21458005041202,False,,0.0
HOW-profile(HoW-cond),B04,124,drift,1,subtle,192,1188.9596106899119,True,106.0,0.026041666666666668
HOW-profile(HoW-cond),B04,124,spike,1,subtle,1,187.98506354391947,False,,0.0
HOW-profile(HoW-cond),B04,124,schedule,3,obvious,96,205.0033495689354,False,,0.0
HOW-profile(HoW-cond),B04,124,spike,1,subtle,4,349.30464008457153,True,2.0,0.5
HOW-profile(global-MAD),B04,124,drift,2,moderate,120,1090.3213584888463,True,76.0,0.075
HOW-profile(global-MAD),B04,124,schedule,2,moderate,168,167.21458005041202,False,,0.0
HOW-profile(global-MAD),B04,124,drift,1,subtle,192,1188.9596106899119,True,135.0,0.010416666666666666
HOW-profile(global-MAD),B04,124,spike,1,subtle,1,187.98506354391947,False,,0.0
HOW-profile(global-MAD),B04,124,schedule,3,obvious,96,205.0033495689354,False,,0.0
HOW-profile(global-MAD),B04,124,spike,1,subtle,4,349.30464008457153,True,1.0,0.75
PatchTST-SSL(HoD-cond),B04,124,drift,2,moderate,120,1090.3213584888463,True,76.0,0.06666666666666667
PatchTST-SSL(HoD-cond),B04,124,schedule,2,moderate,168,167.21458005041202,False,,0.0
PatchTST-SSL(HoD-cond),B04,124,drift,1,subtle,192,1188.9596106899119,True,14.0,0.015625
PatchTST-SSL(HoD-cond),B04,124,spike,1,subtle,1,187.98506354391947,False,,0.0
PatchTST-SSL(HoD-cond),B04,124,schedule,3,obvious,96,205.0033495689354,True,53.0,0.010416666666666666
PatchTST-SSL(HoD-cond),B04,124,spike,1,subtle,4,349.30464008457153,True,2.0,0.5
HOW-profile(HoD-cond),B04,124,drift,2,moderate,120,1090.3213584888463,True,76.0,0.03333333333333333
HOW-profile(HoD-cond),B04,124,schedule,2,moderate,168,167.21458005041202,False,,0.0
HOW-profile(HoD-cond),B04,124,drift,1,subtle,192,1188.9596106899119,True,135.0,0.005208333333333333
HOW-profile(HoD-cond),B04,124,spike,1,subtle,1,187.98506354391947,False,,0.0
HOW-profile(HoD-cond),B04,124,schedule,3,obvious,96,205.0033495689354,False,,0.0
HOW-profile(HoD-cond),B04,124,spike,1,subtle,4,349.30464008457153,True,1.0,0.75
TOWT(HoW-cond),B04,124,drift,2,moderate,120,1090.3213584888463,True,70.0,0.25833333333333336
TOWT(HoW-cond),B04,124,schedule,2,moderate,168,167.21458005041202,False,,0.0
TOWT(HoW-cond),B04,124,drift,1,subtle,192,1188.9596106899119,True,22.0,0.17708333333333334
TOWT(HoW-cond),B04,124,spike,1,subtle,1,187.98506354391947,False,,0.0
TOWT(HoW-cond),B04,124,schedule,3,obvious,96,205.0033495689354,True,5.0,0.08333333333333333
TOWT(HoW-cond),B04,124,spike,1,subtle,4,349.30464008457153,True,1.0,0.75
IsolationForest(t),B04,124,drift,2,moderate,120,1090.3213584888463,True,6.0,0.15
IsolationForest(t),B04,124,schedule,2,moderate,168,167.21458005041202,False,,0.0
IsolationForest(t),B04,124,drift,1,subtle,192,1188.9596106899119,True,17.0,0.109375
IsolationForest(t),B04,124,spike,1,subtle,1,187.98506354391947,False,,0.0
IsolationForest(t),B04,124,schedule,3,obvious,96,205.0033495689354,True,37.0,0.041666666666666664
IsolationForest(t),B04,124,spike,1,subtle,4,349.30464008457153,True,2.0,0.5
OC-SVM(t),B04,124,drift,2,moderate,120,1090.3213584888463,True,1.0,0.058333333333333334
OC-SVM(t),B04,124,schedule,2,moderate,168,167.21458005041202,False,,0.0
OC-SVM(t),B04,124,drift,1,subtle,192,1188.9596106899119,True,164.0,0.005208333333333333
OC-SVM(t),B04,124,spike,1,subtle,1,187.98506354391947,False,,0.0
OC-SVM(t),B04,124,schedule,3,obvious,96,205.0033495689354,False,,0.0
OC-SVM(t),B04,124,spike,1,subtle,4,349.30464008457153,True,0.0,0.75
Autoencoder(t),B04,124,drift,2,moderate,120,1090.3213584888463,True,1.0,0.26666666666666666
Autoencoder(t),B04,124,schedule,2,moderate,168,167.21458005041202,True,6.0,0.19047619047619047
Autoencoder(t),B04,124,drift,1,subtle,192,1188.9596106899119,True,0.0,0.21354166666666666
Autoencoder(t),B04,124,spike,1,subtle,1,187.98506354391947,False,,0.0
Autoencoder(t),B04,124,schedule,3,obvious,96,205.0033495689354,True,1.0,0.21875
Autoencoder(t),B04,124,spike,1,subtle,4,349.30464008457153,True,2.0,0.5
LSTM-AE(t),B04,124,drift,2,moderate,120,1090.3213584888463,False,,0.0
LSTM-AE(t),B04,124,schedule,2,moderate,168,167.21458005041202,True,30.0,0.2857142857142857
LSTM-AE(t),B04,124,drift,1,subtle,192,1188.9596106899119,False,,0.0
LSTM-AE(t),B04,124,spike,1,subtle,1,187.98506354391947,False,,0.0
LSTM-AE(t),B04,124,schedule,3,obvious,96,205.0033495689354,True,0.0,0.5
LSTM-AE(t),B04,124,spike,1,subtle,4,349.30464008457153,False,,0.0
PatchTST-SSL(HoW-cond),B05,124,spike,1,subtle,5,454.59033985879364,True,1.0,0.8
PatchTST-SSL(HoW-cond),B05,124,drift,3,obvious,192,5456.277725852955,True,19.0,0.5416666666666666
PatchTST-SSL(HoW-cond),B05,124,spike,3,obvious,3,585.1044429161168,True,1.0,0.6666666666666666
PatchTST-SSL(HoW-cond),B05,124,spike,3,obvious,3,510.79000454489204,True,1.0,0.6666666666666666
PatchTST-SSL(HoW-cond),B05,124,drift,1,subtle,168,945.1440411196066,False,,0.0
PatchTST-SSL(HoW-cond),B05,124,drift,3,obvious,288,12094.936074382289,True,26.0,0.5486111111111112
PatchTST-SSL(global-MAD),B05,124,spike,1,subtle,5,454.59033985879364,True,2.0,0.6
PatchTST-SSL(global-MAD),B05,124,drift,3,obvious,192,5456.277725852955,True,28.0,0.140625
PatchTST-SSL(global-MAD),B05,124,spike,3,obvious,3,585.1044429161168,True,1.0,0.6666666666666666
PatchTST-SSL(global-MAD),B05,124,spike,3,obvious,3,510.79000454489204,True,1.0,0.6666666666666666
PatchTST-SSL(global-MAD),B05,124,drift,1,subtle,168,945.1440411196066,False,,0.0
PatchTST-SSL(global-MAD),B05,124,drift,3,obvious,288,12094.936074382289,True,84.0,0.1423611111111111
HOW-profile(HoW-cond),B05,124,spike,1,subtle,5,454.59033985879364,True,1.0,0.8
HOW-profile(HoW-cond),B05,124,drift,3,obvious,192,5456.277725852955,True,49.0,0.4479166666666667
HOW-profile(HoW-cond),B05,124,spike,3,obvious,3,585.1044429161168,True,1.0,0.6666666666666666
HOW-profile(HoW-cond),B05,124,spike,3,obvious,3,510.79000454489204,True,1.0,0.6666666666666666
HOW-profile(HoW-cond),B05,124,drift,1,subtle,168,945.1440411196066,False,,0.0
HOW-profile(HoW-cond),B05,124,drift,3,obvious,288,12094.936074382289,True,34.0,0.6423611111111112
HOW-profile(global-MAD),B05,124,spike,1,subtle,5,454.59033985879364,True,1.0,0.8
HOW-profile(global-MAD),B05,124,drift,3,obvious,192,5456.277725852955,True,49.0,0.546875
HOW-profile(global-MAD),B05,124,spike,3,obvious,3,585.1044429161168,True,1.0,0.6666666666666666
HOW-profile(global-MAD),B05,124,spike,3,obvious,3,510.79000454489204,True,1.0,0.6666666666666666
HOW-profile(global-MAD),B05,124,drift,1,subtle,168,945.1440411196066,False,,0.0
HOW-profile(global-MAD),B05,124,drift,3,obvious,288,12094.936074382289,True,51.0,0.6805555555555556
PatchTST-SSL(HoD-cond),B05,124,spike,1,subtle,5,454.59033985879364,True,2.0,0.6
PatchTST-SSL(HoD-cond),B05,124,drift,3,obvious,192,5456.277725852955,True,19.0,0.23958333333333334
PatchTST-SSL(HoD-cond),B05,124,spike,3,obvious,3,585.1044429161168,True,1.0,0.6666666666666666
PatchTST-SSL(HoD-cond),B05,124,spike,3,obvious,3,510.79000454489204,True,1.0,0.6666666666666666
PatchTST-SSL(HoD-cond),B05,124,drift,1,subtle,168,945.1440411196066,False,,0.0
PatchTST-SSL(HoD-cond),B05,124,drift,3,obvious,288,12094.936074382289,True,51.0,0.3020833333333333
HOW-profile(HoD-cond),B05,124,spike,1,subtle,5,454.59033985879364,True,1.0,0.8
HOW-profile(HoD-cond),B05,124,drift,3,obvious,192,5456.277725852955,True,49.0,0.4791666666666667
HOW-profile(HoD-cond),B05,124,spike,3,obvious,3,585.1044429161168,True,1.0,0.6666666666666666
HOW-profile(HoD-cond),B05,124,spike,3,obvious,3,510.79000454489204,True,1.0,0.6666666666666666
HOW-profile(HoD-cond),B05,124,drift,1,subtle,168,945.1440411196066,False,,0.0
HOW-profile(HoD-cond),B05,124,drift,3,obvious,288,12094.936074382289,True,50.0,0.65625
TOWT(HoW-cond),B05,124,spike,1,subtle,5,454.59033985879364,True,2.0,0.6
TOWT(HoW-cond),B05,124,drift,3,obvious,192,5456.277725852955,True,17.0,0.84375
TOWT(HoW-cond),B05,124,spike,3,obvious,3,585.1044429161168,True,2.0,0.3333333333333333
TOWT(HoW-cond),B05,124,spike,3,obvious,3,510.79000454489204,True,1.0,0.6666666666666666
TOWT(HoW-cond),B05,124,drift,1,subtle,168,945.1440411196066,False,,0.0
TOWT(HoW-cond),B05,124,drift,3,obvious,288,12094.936074382289,True,34.0,0.8368055555555556
IsolationForest(t),B05,124,spike,1,subtle,5,454.59033985879364,True,1.0,0.8
IsolationForest(t),B05,124,drift,3,obvious,192,5456.277725852955,True,26.0,0.234375
IsolationForest(t),B05,124,spike,3,obvious,3,585.1044429161168,True,1.0,0.6666666666666666
IsolationForest(t),B05,124,spike,3,obvious,3,510.79000454489204,True,1.0,0.6666666666666666
IsolationForest(t),B05,124,drift,1,subtle,168,945.1440411196066,False,,0.0
IsolationForest(t),B05,124,drift,3,obvious,288,12094.936074382289,True,13.0,0.22569444444444445
OC-SVM(t),B05,124,spike,1,subtle,5,454.59033985879364,True,2.0,0.6
OC-SVM(t),B05,124,drift,3,obvious,192,5456.277725852955,True,53.0,0.06770833333333333
OC-SVM(t),B05,124,spike,3,obvious,3,585.1044429161168,True,1.0,0.6666666666666666
OC-SVM(t),B05,124,spike,3,obvious,3,510.79000454489204,True,1.0,0.6666666666666666
OC-SVM(t),B05,124,drift,1,subtle,168,945.1440411196066,True,94.0,0.03571428571428571
OC-SVM(t),B05,124,drift,3,obvious,288,12094.936074382289,True,13.0,0.3784722222222222
Autoencoder(t),B05,124,spike,1,subtle,5,454.59033985879364,True,1.0,0.8
Autoencoder(t),B05,124,drift,3,obvious,192,5456.277725852955,True,3.0,0.484375
Autoencoder(t),B05,124,spike,3,obvious,3,585.1044429161168,True,1.0,0.6666666666666666
Autoencoder(t),B05,124,spike,3,obvious,3,510.79000454489204,True,1.0,0.6666666666666666
Autoencoder(t),B05,124,drift,1,subtle,168,945.1440411196066,True,21.0,0.05952380952380952
Autoencoder(t),B05,124,drift,3,obvious,288,12094.936074382289,True,12.0,0.5833333333333334
LSTM-AE(t),B05,124,spike,1,subtle,5,454.59033985879364,False,,0.0
LSTM-AE(t),B05,124,drift,3,obvious,192,5456.277725852955,True,0.0,0.19791666666666666
LSTM-AE(t),B05,124,spike,3,obvious,3,585.1044429161168,True,0.0,1.0
LSTM-AE(t),B05,124,spike,3,obvious,3,510.79000454489204,True,0.0,1.0
LSTM-AE(t),B05,124,drift,1,subtle,168,945.1440411196066,False,,0.0
LSTM-AE(t),B05,124,drift,3,obvious,288,12094.936074382289,True,238.0,0.1736111111111111
PatchTST-SSL(HoW-cond),B06,124,drift,3,obvious,120,1906.9102687668847,True,4.0,0.48333333333333334
PatchTST-SSL(HoW-cond),B06,124,spike,3,obvious,1,389.5093697636655,True,0.0,1.0
PatchTST-SSL(HoW-cond),B06,124,spike,2,moderate,4,505.32411108009626,False,,0.0
PatchTST-SSL(HoW-cond),B06,124,schedule,3,obvious,144,98.10268180975994,True,18.0,0.10416666666666667
PatchTST-SSL(HoW-cond),B06,124,schedule,3,obvious,120,408.26684375563,True,1.0,0.26666666666666666
PatchTST-SSL(HoW-cond),B06,124,spike,2,moderate,2,238.45281495561665,True,1.0,0.5
PatchTST-SSL(global-MAD),B06,124,drift,3,obvious,120,1906.9102687668847,True,60.0,0.11666666666666667
PatchTST-SSL(global-MAD),B06,124,spike,3,obvious,1,389.5093697636655,True,0.0,1.0
PatchTST-SSL(global-MAD),B06,124,spike,2,moderate,4,505.32411108009626,False,,0.0
PatchTST-SSL(global-MAD),B06,124,schedule,3,obvious,144,98.10268180975994,True,2.0,0.06944444444444445
PatchTST-SSL(global-MAD),B06,124,schedule,3,obvious,120,408.26684375563,True,9.0,0.09166666666666666
PatchTST-SSL(global-MAD),B06,124,spike,2,moderate,2,238.45281495561665,True,1.0,0.5
HOW-profile(HoW-cond),B06,124,drift,3,obvious,120,1906.9102687668847,True,26.0,0.225
HOW-profile(HoW-cond),B06,124,spike,3,obvious,1,389.5093697636655,True,0.0,1.0
HOW-profile(HoW-cond),B06,124,spike,2,moderate,4,505.32411108009626,False,,0.0
HOW-profile(HoW-cond),B06,124,schedule,3,obvious,144,98.10268180975994,False,,0.0
HOW-profile(HoW-cond),B06,124,schedule,3,obvious,120,408.26684375563,True,29.0,0.03333333333333333
HOW-profile(HoW-cond),B06,124,spike,2,moderate,2,238.45281495561665,True,1.0,0.5
HOW-profile(global-MAD),B06,124,drift,3,obvious,120,1906.9102687668847,True,75.0,0.24166666666666667
HOW-profile(global-MAD),B06,124,spike,3,obvious,1,389.5093697636655,True,0.0,1.0
HOW-profile(global-MAD),B06,124,spike,2,moderate,4,505.32411108009626,False,,0.0
HOW-profile(global-MAD),B06,124,schedule,3,obvious,144,98.10268180975994,False,,0.0
HOW-profile(global-MAD),B06,124,schedule,3,obvious,120,408.26684375563,False,,0.0
HOW-profile(global-MAD),B06,124,spike,2,moderate,2,238.45281495561665,True,1.0,0.5
PatchTST-SSL(HoD-cond),B06,124,drift,3,obvious,120,1906.9102687668847,True,28.0,0.175
PatchTST-SSL(HoD-cond),B06,124,spike,3,obvious,1,389.5093697636655,True,0.0,1.0
PatchTST-SSL(HoD-cond),B06,124,spike,2,moderate,4,505.32411108009626,False,,0.0
PatchTST-SSL(HoD-cond),B06,124,schedule,3,obvious,144,98.10268180975994,True,41.0,0.020833333333333332
PatchTST-SSL(HoD-cond),B06,124,schedule,3,obvious,120,408.26684375563,True,22.0,0.03333333333333333
PatchTST-SSL(HoD-cond),B06,124,spike,2,moderate,2,238.45281495561665,True,1.0,0.5
HOW-profile(HoD-cond),B06,124,drift,3,obvious,120,1906.9102687668847,True,59.0,0.225
HOW-profile(HoD-cond),B06,124,spike,3,obvious,1,389.5093697636655,True,0.0,1.0
HOW-profile(HoD-cond),B06,124,spike,2,moderate,4,505.32411108009626,False,,0.0
HOW-profile(HoD-cond),B06,124,schedule,3,obvious,144,98.10268180975994,False,,0.0
HOW-profile(HoD-cond),B06,124,schedule,3,obvious,120,408.26684375563,True,45.0,0.008333333333333333
HOW-profile(HoD-cond),B06,124,spike,2,moderate,2,238.45281495561665,True,1.0,0.5
TOWT(HoW-cond),B06,124,drift,3,obvious,120,1906.9102687668847,True,16.0,0.6583333333333333
TOWT(HoW-cond),B06,124,spike,3,obvious,1,389.5093697636655,True,0.0,1.0
TOWT(HoW-cond),B06,124,spike,2,moderate,4,505.32411108009626,False,,0.0
TOWT(HoW-cond),B06,124,schedule,3,obvious,144,98.10268180975994,False,,0.0
TOWT(HoW-cond),B06,124,schedule,3,obvious,120,408.26684375563,True,1.0,0.19166666666666668
TOWT(HoW-cond),B06,124,spike,2,moderate,2,238.45281495561665,True,1.0,0.5
IsolationForest(t),B06,124,drift,3,obvious,120,1906.9102687668847,True,5.0,0.21666666666666667
IsolationForest(t),B06,124,spike,3,obvious,1,389.5093697636655,False,,0.0
IsolationForest(t),B06,124,spike,2,moderate,4,505.32411108009626,False,,0.0
IsolationForest(t),B06,124,schedule,3,obvious,144,98.10268180975994,True,2.0,0.06944444444444445
IsolationForest(t),B06,124,schedule,3,obvious,120,408.26684375563,False,,0.0
IsolationForest(t),B06,124,spike,2,moderate,2,238.45281495561665,True,1.0,0.5
OC-SVM(t),B06,124,drift,3,obvious,120,1906.9102687668847,True,60.0,0.2
OC-SVM(t),B06,124,spike,3,obvious,1,389.5093697636655,True,0.0,1.0
OC-SVM(t),B06,124,spike,2,moderate,4,505.32411108009626,False,,0.0
OC-SVM(t),B06,124,schedule,3,obvious,144,98.10268180975994,True,2.0,0.034722222222222224
OC-SVM(t),B06,124,schedule,3,obvious,120,408.26684375563,False,,0.0
OC-SVM(t),B06,124,spike,2,moderate,2,238.45281495561665,True,1.0,0.5
Autoencoder(t),B06,124,drift,3,obvious,120,1906.9102687668847,True,25.0,0.4
Autoencoder(t),B06,124,spike,3,obvious,1,389.5093697636655,True,0.0,1.0
Autoencoder(t),B06,124,spike,2,moderate,4,505.32411108009626,False,,0.0
Autoencoder(t),B06,124,schedule,3,obvious,144,98.10268180975994,True,1.0,0.1388888888888889
Autoencoder(t),B06,124,schedule,3,obvious,120,408.26684375563,True,2.0,0.20833333333333334
Autoencoder(t),B06,124,spike,2,moderate,2,238.45281495561665,True,1.0,0.5
LSTM-AE(t),B06,124,drift,3,obvious,120,1906.9102687668847,False,,0.0
LSTM-AE(t),B06,124,spike,3,obvious,1,389.5093697636655,True,0.0,1.0
LSTM-AE(t),B06,124,spike,2,moderate,4,505.32411108009626,False,,0.0
LSTM-AE(t),B06,124,schedule,3,obvious,144,98.10268180975994,True,82.0,0.3333333333333333
LSTM-AE(t),B06,124,schedule,3,obvious,120,408.26684375563,True,0.0,0.15
LSTM-AE(t),B06,124,spike,2,moderate,2,238.45281495561665,False,,0.0
PatchTST-SSL(HoW-cond),B07,124,drift,3,obvious,144,5521.62966449269,True,27.0,0.4236111111111111
PatchTST-SSL(HoW-cond),B07,124,schedule,2,moderate,168,264.2459487237174,True,2.0,0.011904761904761904
PatchTST-SSL(HoW-cond),B07,124,schedule,3,obvious,144,2774.9778411420543,True,5.0,0.4236111111111111
PatchTST-SSL(HoW-cond),B07,124,schedule,2,moderate,120,1388.626721148482,True,0.0,0.4
PatchTST-SSL(HoW-cond),B07,124,drift,1,subtle,288,3352.945640171478,True,16.0,0.0625
PatchTST-SSL(HoW-cond),B07,124,spike,3,obvious,4,1186.1819066727417,True,1.0,0.75
PatchTST-SSL(global-MAD),B07,124,drift,3,obvious,144,5521.62966449269,True,64.0,0.08333333333333333
PatchTST-SSL(global-MAD),B07,124,schedule,2,moderate,168,264.2459487237174,True,34.0,0.023809523809523808
PatchTST-SSL(global-MAD),B07,124,schedule,3,obvious,144,2774.9778411420543,True,0.0,0.020833333333333332
PatchTST-SSL(global-MAD),B07,124,schedule,2,moderate,120,1388.626721148482,True,60.0,0.025
PatchTST-SSL(global-MAD),B07,124,drift,1,subtle,288,3352.945640171478,True,54.0,0.006944444444444444
PatchTST-SSL(global-MAD),B07,124,spike,3,obvious,4,1186.1819066727417,True,2.0,0.5
HOW-profile(HoW-cond),B07,124,drift,3,obvious,144,5521.62966449269,True,28.0,0.4583333333333333
HOW-profile(HoW-cond),B07,124,schedule,2,moderate,168,264.2459487237174,True,22.0,0.011904761904761904
HOW-profile(HoW-cond),B07,124,schedule,3,obvious,144,2774.9778411420543,True,5.0,0.3611111111111111
HOW-profile(HoW-cond),B07,124,schedule,2,moderate,120,1388.626721148482,True,0.0,0.325
HOW-profile(HoW-cond),B07,124,drift,1,subtle,288,3352.945640171478,False,,0.0
HOW-profile(HoW-cond),B07,124,spike,3,obvious,4,1186.1819066727417,True,1.0,0.75
HOW-profile(global-MAD),B07,124,drift,3,obvious,144,5521.62966449269,True,31.0,0.4652777777777778
HOW-profile(global-MAD),B07,124,schedule,2,moderate,168,264.2459487237174,False,,0.0
HOW-profile(global-MAD),B07,124,schedule,3,obvious,144,2774.9778411420543,True,5.0,0.3680555555555556
HOW-profile(global-MAD),B07,124,schedule,2,moderate,120,1388.626721148482,True,0.0,0.35833333333333334
HOW-profile(global-MAD),B07,124,drift,1,subtle,288,3352.945640171478,False,,0.0
HOW-profile(global-MAD),B07,124,spike,3,obvious,4,1186.1819066727417,True,1.0,0.75
PatchTST-SSL(HoD-cond),B07,124,drift,3,obvious,144,5521.62966449269,True,53.0,0.1388888888888889
PatchTST-SSL(HoD-cond),B07,124,schedule,2,moderate,168,264.2459487237174,True,146.0,0.005952380952380952
PatchTST-SSL(HoD-cond),B07,124,schedule,3,obvious,144,2774.9778411420543,True,6.0,0.2569444444444444
PatchTST-SSL(HoD-cond),B07,124,schedule,2,moderate,120,1388.626721148482,True,0.0,0.125
PatchTST-SSL(HoD-cond),B07,124,drift,1,subtle,288,3352.945640171478,True,258.0,0.006944444444444444
PatchTST-SSL(HoD-cond),B07,124,spike,3,obvious,4,1186.1819066727417,True,1.0,0.75
HOW-profile(HoD-cond),B07,124,drift,3,obvious,144,5521.62966449269,True,29.0,0.4444444444444444
HOW-profile(HoD-cond),B07,124,schedule,2,moderate,168,264.2459487237174,False,,0.0
HOW-profile(HoD-cond),B07,124,schedule,3,obvious,144,2774.9778411420543,True,5.0,0.3819444444444444
HOW-profile(HoD-cond),B07,124,schedule,2,moderate,120,1388.626721148482,True,0.0,0.35833333333333334
HOW-profile(HoD-cond),B07,124,drift,1,subtle,288,3352.945640171478,False,,0.0
HOW-profile(HoD-cond),B07,124,spike,3,obvious,4,1186.1819066727417,True,1.0,0.75
TOWT(HoW-cond),B07,124,drift,3,obvious,144,5521.62966449269,True,86.0,0.4027777777777778
TOWT(HoW-cond),B07,124,schedule,2,moderate,168,264.2459487237174,False,,0.0
TOWT(HoW-cond),B07,124,schedule,3,obvious,144,2774.9778411420543,True,5.0,0.4722222222222222
TOWT(HoW-cond),B07,124,schedule,2,moderate,120,1388.626721148482,True,0.0,0.38333333333333336
TOWT(HoW-cond),B07,124,drift,1,subtle,288,3352.945640171478,True,0.0,0.04861111111111111
TOWT(HoW-cond),B07,124,spike,3,obvious,4,1186.1819066727417,True,1.0,0.75
IsolationForest(t),B07,124,drift,3,obvious,144,5521.62966449269,True,22.0,0.20833333333333334
IsolationForest(t),B07,124,schedule,2,moderate,168,264.2459487237174,True,1.0,0.017857142857142856
IsolationForest(t),B07,124,schedule,3,obvious,144,2774.9778411420543,True,25.0,0.020833333333333332
IsolationForest(t),B07,124,schedule,2,moderate,120,1388.626721148482,False,,0.0
IsolationForest(t),B07,124,drift,1,subtle,288,3352.945640171478,True,247.0,0.006944444444444444
IsolationForest(t),B07,124,spike,3,obvious,4,1186.1819066727417,True,1.0,0.75
OC-SVM(t),B07,124,drift,3,obvious,144,5521.62966449269,True,22.0,0.08333333333333333
OC-SVM(t),B07,124,schedule,2,moderate,168,264.2459487237174,False,,0.0
OC-SVM(t),B07,124,schedule,3,obvious,144,2774.9778411420543,False,,0.0
OC-SVM(t),B07,124,schedule,2,moderate,120,1388.626721148482,False,,0.0
OC-SVM(t),B07,124,drift,1,subtle,288,3352.945640171478,True,174.0,0.003472222222222222
OC-SVM(t),B07,124,spike,3,obvious,4,1186.1819066727417,True,1.0,0.75
Autoencoder(t),B07,124,drift,3,obvious,144,5521.62966449269,True,11.0,0.24305555555555555
Autoencoder(t),B07,124,schedule,2,moderate,168,264.2459487237174,True,9.0,0.20238095238095238
Autoencoder(t),B07,124,schedule,3,obvious,144,2774.9778411420543,True,4.0,0.1388888888888889
Autoencoder(t),B07,124,schedule,2,moderate,120,1388.626721148482,True,2.0,0.23333333333333334
Autoencoder(t),B07,124,drift,1,subtle,288,3352.945640171478,True,3.0,0.2048611111111111
Autoencoder(t),B07,124,spike,3,obvious,4,1186.1819066727417,True,1.0,0.75
LSTM-AE(t),B07,124,drift,3,obvious,144,5521.62966449269,True,0.0,0.1527777777777778
LSTM-AE(t),B07,124,schedule,2,moderate,168,264.2459487237174,False,,0.0
LSTM-AE(t),B07,124,schedule,3,obvious,144,2774.9778411420543,False,,0.0
LSTM-AE(t),B07,124,schedule,2,moderate,120,1388.626721148482,False,,0.0
LSTM-AE(t),B07,124,drift,1,subtle,288,3352.945640171478,False,,0.0
LSTM-AE(t),B07,124,spike,3,obvious,4,1186.1819066727417,True,0.0,1.0
PatchTST-SSL(HoW-cond),B08,124,spike,1,subtle,1,127.06988789947707,True,0.0,1.0
PatchTST-SSL(HoW-cond),B08,124,spike,3,obvious,1,318.0848299804591,True,0.0,1.0
PatchTST-SSL(HoW-cond),B08,124,spike,3,obvious,4,565.2134194258954,True,1.0,0.75
PatchTST-SSL(HoW-cond),B08,124,spike,2,moderate,2,184.65438304885024,True,1.0,0.5
PatchTST-SSL(HoW-cond),B08,124,spike,2,moderate,3,253.17424742382352,True,1.0,0.6666666666666666
PatchTST-SSL(HoW-cond),B08,124,spike,3,obvious,5,613.9339669134295,True,1.0,0.8
PatchTST-SSL(global-MAD),B08,124,spike,1,subtle,1,127.06988789947707,True,0.0,1.0
PatchTST-SSL(global-MAD),B08,124,spike,3,obvious,1,318.0848299804591,True,0.0,1.0
PatchTST-SSL(global-MAD),B08,124,spike,3,obvious,4,565.2134194258954,True,1.0,0.75
PatchTST-SSL(global-MAD),B08,124,spike,2,moderate,2,184.65438304885024,True,0.0,1.0
PatchTST-SSL(global-MAD),B08,124,spike,2,moderate,3,253.17424742382352,True,1.0,0.6666666666666666
PatchTST-SSL(global-MAD),B08,124,spike,3,obvious,5,613.9339669134295,True,2.0,0.6
HOW-profile(HoW-cond),B08,124,spike,1,subtle,1,127.06988789947707,True,0.0,1.0
HOW-profile(HoW-cond),B08,124,spike,3,obvious,1,318.0848299804591,True,0.0,1.0
HOW-profile(HoW-cond),B08,124,spike,3,obvious,4,565.2134194258954,True,1.0,0.75
HOW-profile(HoW-cond),B08,124,spike,2,moderate,2,184.65438304885024,True,1.0,0.5
HOW-profile(HoW-cond),B08,124,spike,2,moderate,3,253.17424742382352,True,1.0,0.6666666666666666
HOW-profile(HoW-cond),B08,124,spike,3,obvious,5,613.9339669134295,True,1.0,0.8
HOW-profile(global-MAD),B08,124,spike,1,subtle,1,127.06988789947707,True,0.0,1.0
HOW-profile(global-MAD),B08,124,spike,3,obvious,1,318.0848299804591,True,0.0,1.0
HOW-profile(global-MAD),B08,124,spike,3,obvious,4,565.2134194258954,True,1.0,0.75
HOW-profile(global-MAD),B08,124,spike,2,moderate,2,184.65438304885024,True,1.0,0.5
HOW-profile(global-MAD),B08,124,spike,2,moderate,3,253.17424742382352,True,1.0,0.6666666666666666
HOW-profile(global-MAD),B08,124,spike,3,obvious,5,613.9339669134295,True,1.0,0.8
PatchTST-SSL(HoD-cond),B08,124,spike,1,subtle,1,127.06988789947707,True,0.0,1.0
PatchTST-SSL(HoD-cond),B08,124,spike,3,obvious,1,318.0848299804591,True,0.0,1.0
PatchTST-SSL(HoD-cond),B08,124,spike,3,obvious,4,565.2134194258954,True,1.0,0.75
PatchTST-SSL(HoD-cond),B08,124,spike,2,moderate,2,184.65438304885024,True,1.0,0.5
PatchTST-SSL(HoD-cond),B08,124,spike,2,moderate,3,253.17424742382352,True,1.0,0.6666666666666666
PatchTST-SSL(HoD-cond),B08,124,spike,3,obvious,5,613.9339669134295,True,1.0,0.8
HOW-profile(HoD-cond),B08,124,spike,1,subtle,1,127.06988789947707,True,0.0,1.0
HOW-profile(HoD-cond),B08,124,spike,3,obvious,1,318.0848299804591,True,0.0,1.0
HOW-profile(HoD-cond),B08,124,spike,3,obvious,4,565.2134194258954,True,1.0,0.75
HOW-profile(HoD-cond),B08,124,spike,2,moderate,2,184.65438304885024,True,1.0,0.5
HOW-profile(HoD-cond),B08,124,spike,2,moderate,3,253.17424742382352,True,1.0,0.6666666666666666
HOW-profile(HoD-cond),B08,124,spike,3,obvious,5,613.9339669134295,True,1.0,0.8
TOWT(HoW-cond),B08,124,spike,1,subtle,1,127.06988789947707,True,0.0,1.0
TOWT(HoW-cond),B08,124,spike,3,obvious,1,318.0848299804591,True,0.0,1.0
TOWT(HoW-cond),B08,124,spike,3,obvious,4,565.2134194258954,True,1.0,0.75
TOWT(HoW-cond),B08,124,spike,2,moderate,2,184.65438304885024,True,0.0,1.0
TOWT(HoW-cond),B08,124,spike,2,moderate,3,253.17424742382352,True,1.0,0.6666666666666666
TOWT(HoW-cond),B08,124,spike,3,obvious,5,613.9339669134295,True,1.0,0.8
IsolationForest(t),B08,124,spike,1,subtle,1,127.06988789947707,True,0.0,1.0
IsolationForest(t),B08,124,spike,3,obvious,1,318.0848299804591,True,0.0,1.0
IsolationForest(t),B08,124,spike,3,obvious,4,565.2134194258954,True,1.0,0.75
IsolationForest(t),B08,124,spike,2,moderate,2,184.65438304885024,True,1.0,0.5
IsolationForest(t),B08,124,spike,2,moderate,3,253.17424742382352,True,2.0,0.3333333333333333
IsolationForest(t),B08,124,spike,3,obvious,5,613.9339669134295,True,2.0,0.6
OC-SVM(t),B08,124,spike,1,subtle,1,127.06988789947707,True,0.0,1.0
OC-SVM(t),B08,124,spike,3,obvious,1,318.0848299804591,True,0.0,1.0
OC-SVM(t),B08,124,spike,3,obvious,4,565.2134194258954,True,1.0,0.75
OC-SVM(t),B08,124,spike,2,moderate,2,184.65438304885024,True,1.0,0.5
OC-SVM(t),B08,124,spike,2,moderate,3,253.17424742382352,True,2.0,0.3333333333333333
OC-SVM(t),B08,124,spike,3,obvious,5,613.9339669134295,True,2.0,0.6
Autoencoder(t),B08,124,spike,1,subtle,1,127.06988789947707,True,0.0,1.0
Autoencoder(t),B08,124,spike,3,obvious,1,318.0848299804591,True,0.0,1.0
Autoencoder(t),B08,124,spike,3,obvious,4,565.2134194258954,True,1.0,0.75
Autoencoder(t),B08,124,spike,2,moderate,2,184.65438304885024,True,1.0,0.5
Autoencoder(t),B08,124,spike,2,moderate,3,253.17424742382352,True,1.0,0.6666666666666666
Autoencoder(t),B08,124,spike,3,obvious,5,613.9339669134295,True,2.0,0.6
LSTM-AE(t),B08,124,spike,1,subtle,1,127.06988789947707,False,,0.0
LSTM-AE(t),B08,124,spike,3,obvious,1,318.0848299804591,True,0.0,1.0
LSTM-AE(t),B08,124,spike,3,obvious,4,565.2134194258954,True,0.0,1.0
LSTM-AE(t),B08,124,spike,2,moderate,2,184.65438304885024,True,0.0,1.0
LSTM-AE(t),B08,124,spike,2,moderate,3,253.17424742382352,False,,0.0
LSTM-AE(t),B08,124,spike,3,obvious,5,613.9339669134295,False,,0.0
