metric,family,contrast,n,n_sites,estimate,ci95_lo,ci95_hi,p_t,p_perm,boot_lo,boot_hi,cluster_lo,cluster_hi,mixed_est,p_mixed,wins,losses,holm_p,p_tost,ci90_lo,ci90_hi,ci_excludes_margin,ci_inside_margin
f1,primary,backbone main effect,41.0,7.0,0.0040902810890974285,-0.014972286456294955,0.02315284863448981,0.6668617704082699,0.6675332466753324,-0.01457559872905409,0.02218138815303777,-0.017366265423425096,0.02545024399375754,0.004765892800468802,0.7020038937924631,24.0,17.0,1.0,,,,,
f1,primary,scoring main effect,41.0,7.0,0.07706806132355574,0.05008530597383262,0.10405081667327887,9.867346760896286e-07,9.999000099990002e-05,0.05138461728937547,0.10285734661182278,0.051668291000186696,0.11208531010162155,0.0798397990030032,4.941799408388825e-06,36.0,5.0,2.960204028268886e-06,,,,,
f1,primary,interaction (scoring effect: PatchTST - HOW),41.0,7.0,-0.003209525003518097,-0.04227460707034483,0.035855557063308646,0.8689553829090519,0.8700129987001299,-0.04109563126134148,0.03439002488933404,-0.03752574529358725,0.04399359280776474,-0.001825486046888139,0.935764277089405,23.0,18.0,1.0,,,,,
f1,simple,PatchTST(HoW) - HOW(HoW)  [backbone | HoW],41.0,7.0,0.0024855185873383792,-0.016566271091820177,0.021537308266496934,0.7933864416686152,0.7995200479952005,-0.016389378728538427,0.020180816941226625,-0.019084741072299148,0.025511830876911917,0.005198694402034014,0.7396175511820905,23.0,18.0,1.0,,,,,
f1,simple,PatchTST(global) - HOW(global)  [backbone | global],41.0,7.0,0.005695043590856476,-0.02787328361367303,0.039263370795385985,0.7334796524789353,0.7237276272372762,-0.026434621434505437,0.03842650859129638,-0.03213781257108266,0.03833137894080724,0.005123010591138062,0.7822435975935211,23.0,18.0,1.0,,,,,
f1,simple,PatchTST(HoW) - PatchTST(global)  [scoring | PatchTST],41.0,7.0,0.0754632988217967,0.04080421336294741,0.110122384280646,7.81353170342857e-05,0.00039996000399960006,0.04290781592896413,0.10937719140750658,0.03745856459684278,0.12565666096770794,0.07777961455643577,0.0028015002830809174,30.0,11.0,0.0002344059511028571,,,,,
f1,simple,HOW(HoW) - HOW(global)  [scoring | HOW],41.0,7.0,0.07867282382531479,0.046767866747673095,0.11057778090295649,1.247248655261207e-05,9.999000099990002e-05,0.04857211826143225,0.10962446890192108,0.06007332209129108,0.11374607132989778,0.07921263720809645,3.0198923958314794e-06,33.0,8.0,4.988994621044828e-05,,,,,
f1,tost,PatchTST(HoW) - HOW(HoW)  TOST +-0.03,41.0,,0.0024855185873383792,,,,,,,,,,,,,,0.0028716896436735803,-0.013387405060624802,0.01835844223530156,False,True
f1,cell,PatchTST-SSL(HoW-cond),,,0.7072059842420862,,,,,,,,,,,,,,,,,,
f1,cell,PatchTST-SSL(global-MAD),,,0.6317426854202896,,,,,,,,,,,,,,,,,,
f1,cell,HOW-profile(HoW-cond),,,0.7047204656547479,,,,,,,,,,,,,,,,,,
f1,cell,HOW-profile(global-MAD),,,0.6260476418294331,,,,,,,,,,,,,,,,,,
range_f1,primary,backbone main effect,41.0,7.0,-0.04429072203722628,-0.0598213618446454,-0.028760082229807166,1.0153208716119024e-06,9.999000099990002e-05,-0.059220026404075324,-0.02949806037969508,-0.07865532592855429,-0.02467861755578673,-0.04460246090363395,0.005877667078220901,5.0,36.0,2.0306417432238047e-06,,,,,
range_f1,primary,scoring main effect,41.0,7.0,0.06268933649226605,0.04676194585181799,0.0786167271327141,9.102692515450043e-10,9.999000099990002e-05,0.04715708998097329,0.07757970940376581,0.04581398104427915,0.08680931721582437,0.06532860509638559,3.4458622474272952e-09,37.0,4.0,2.7308077546350128e-09,,,,,
range_f1,primary,interaction (scoring effect: PatchTST - HOW),41.0,7.0,0.022297945143763508,-0.004774190469275838,0.04937008075680285,0.1037964590355809,0.10358964103589641,-0.0037091829017479863,0.048395619819241606,-0.01147450193723823,0.06127206008417248,0.020324403407393665,0.3414818544709385,25.0,16.0,0.1037964590355809,,,,,
range_f1,simple,PatchTST(HoW) - HOW(HoW)  [backbone | HoW],41.0,7.0,-0.03314174946534453,-0.04808640219970957,-0.018197096730979495,6.065262507179019e-05,9.999000099990002e-05,-0.04710141859096969,-0.018651475586817408,-0.056205537187849736,-0.018044869800103162,-0.0359944886418058,0.0009846357629485884,10.0,31.0,0.00012130525014358037,,,,,
range_f1,simple,PatchTST(global) - HOW(global)  [backbone | global],41.0,7.0,-0.05543969460910804,-0.08044987580857588,-0.0304295134096402,6.10154744616429e-05,9.999000099990002e-05,-0.08003091467741513,-0.03191967310995139,-0.10554372212296301,-0.025887256132717716,-0.053952005181578964,0.029901910611364473,6.0,35.0,0.00012130525014358037,,,,,
range_f1,simple,PatchTST(HoW) - PatchTST(global)  [scoring | PatchTST],41.0,7.0,0.0738383090641478,0.05279308072022252,0.0948835374080731,1.4011437213135887e-08,9.999000099990002e-05,0.05360221081244141,0.09418721178555134,0.052085918449379154,0.11170561219886199,0.0748006505233268,1.941734032105796e-05,36.0,5.0,5.604574885254355e-08,,,,,
range_f1,simple,HOW(HoW) - HOW(global)  [scoring | HOW],41.0,7.0,0.05154036392038429,0.030781939786931743,0.07229878805383683,1.1177737985535513e-05,9.999000099990002e-05,0.03195800012019986,0.07145529441912327,0.03272121388950777,0.0843302363236714,0.054646423205376195,8.970280058494625e-05,34.0,7.0,3.353321395660654e-05,,,,,
range_f1,tost,PatchTST(HoW) - HOW(HoW)  TOST +-0.03,41.0,,-0.03314174946534453,,,,,,,,,,,,,,0.6634001577489347,-0.045592828119514164,-0.0206906708111749,False,False
range_f1,cell,PatchTST-SSL(HoW-cond),,,0.39203192305455103,,,,,,,,,,,,,,,,,,
range_f1,cell,PatchTST-SSL(global-MAD),,,0.31819361399040336,,,,,,,,,,,,,,,,,,
range_f1,cell,HOW-profile(HoW-cond),,,0.42517367251989563,,,,,,,,,,,,,,,,,,
range_f1,cell,HOW-profile(global-MAD),,,0.3736333085995114,,,,,,,,,,,,,,,,,,
