seed,building_id,type,severity,mean_add_over_resid_sd,excess_over_test_energy
123,Fox_education_Henrietta,spike,3,4.097384942166883,0.0030595131583753626
123,Fox_education_Henrietta,spike,1,2.9633373241499057,0.0011063604791726946
123,Fox_education_Henrietta,drift,3,0.6870806491601044,0.055152060164943305
123,Fox_education_Henrietta,schedule,3,0.09329836970356989,0.0016719791406003485
123,Fox_education_Henrietta,spike,3,4.088598245208007,0.0045794282110734235
123,Fox_education_Henrietta,spike,2,2.652304498389739,0.0019804730644980887
123,Fox_retail_Manie,spike,1,16.408148910014337,0.0007749497178117715
123,Fox_retail_Manie,drift,1,0.9861032585354731,0.008895486334876341
123,Fox_retail_Manie,spike,3,39.18159376389459,0.0018505295872963316
123,Fox_retail_Manie,drift,3,5.295883536880381,0.05977922253871985
123,Fox_retail_Manie,spike,3,36.23659014793188,0.0017114383507612926
123,Fox_retail_Manie,spike,1,15.12701491928557,0.0007144423181020833
123,Hog_education_Bruno,drift,2,6.270838417871473,0.021788842770458942
123,Hog_education_Bruno,spike,2,22.546232633708374,0.00046910068515753506
123,Hog_education_Bruno,drift,2,8.093774279848413,0.040247700541689885
123,Hog_education_Bruno,drift,2,7.441720065432068,0.02957323129271201
123,Hog_education_Bruno,spike,2,17.063727678694203,0.0003550307705709351
123,Hog_education_Bruno,schedule,3,1.0799185426528348,0.0032355310643878764
123,Hog_education_Caridad,schedule,1,0.37865633643104807,0.004666954921912943
123,Hog_education_Caridad,spike,1,7.652897141177061,0.001179028400677954
123,Hog_education_Caridad,schedule,1,0.29736074393757106,0.004397980080565794
123,Hog_education_Caridad,spike,1,4.9296798876117105,0.001518962684725475
123,Hog_education_Caridad,schedule,1,0.29855295483466904,0.005151548428344982
123,Hog_education_Caridad,drift,1,0.45980246483502896,0.01863053961094739
123,Hog_education_Josh,drift,2,1.1616090454569254,0.0333335083035769
123,Hog_education_Josh,drift,2,0.613929551803955,0.010540900529801025
123,Hog_education_Josh,drift,3,1.2518056626998735,0.021492952952645295
123,Hog_education_Josh,drift,3,1.1088469255869877,0.019038414279038483
123,Hog_education_Josh,spike,1,3.6523166805237275,0.0008770443622137374
123,Hog_education_Josh,drift,3,1.553202150579607,0.03114351253643794
123,Hog_education_Luvenia,drift,1,2.9931914373748465,0.012635491243906272
123,Hog_education_Luvenia,schedule,1,0.6063415767758767,0.0006432545337634813
123,Hog_education_Luvenia,schedule,1,0.8831185993401757,0.002810643693099742
123,Hog_education_Luvenia,drift,2,6.095908239369207,0.028966842011747294
123,Hog_education_Luvenia,spike,1,13.481474156671872,0.0002979625300205664
123,Hog_education_Luvenia,spike,1,10.254860240634763,0.00045329821750905106
123,Hog_office_Almeda,drift,2,3.8554319517703055,0.051472368192041276
123,Hog_office_Almeda,spike,1,6.6508166091719945,0.0010128417310749601
123,Hog_office_Almeda,spike,3,32.493362887098776,0.001649453285161488
123,Hog_office_Almeda,schedule,1,0.20044011634806594,0.0013023867680536801
123,Hog_office_Almeda,schedule,3,0.6064429300544166,0.001477666862688505
123,Hog_office_Almeda,drift,3,6.961955064411039,0.10990993835339032
123,Hog_office_Cortney,drift,1,0.5301790833464227,0.002721698456908241
123,Hog_office_Cortney,spike,1,22.205251137003007,0.0015942890551674568
123,Hog_office_Cortney,drift,1,0.5974456509892146,0.0025522707608613185
123,Hog_office_Cortney,spike,1,26.242361320695068,0.0009420724219059821
123,Hog_office_Cortney,schedule,3,2.3189276408197235,0.010655615638802553
123,Hog_office_Cortney,spike,2,30.54577799028265,0.0021931208627643294
123,Hog_office_Denita,drift,3,7.511668429127411,0.07583700261112157
123,Hog_office_Denita,spike,3,26.871697609627446,0.004126141301735644
123,Hog_office_Denita,drift,3,7.771493398857897,0.07846016776994026
123,Hog_office_Denita,drift,3,4.011108555983984,0.022018587469056522
123,Hog_office_Denita,spike,3,54.02735128407302,0.002073970993525227
123,Hog_office_Denita,spike,2,29.997700615661977,0.0011515345370572932
123,Hog_office_Garrett,schedule,2,1.8494307788716056,0.017472874033963904
123,Hog_office_Garrett,drift,3,2.330710195566369,0.024600311634789825
123,Hog_office_Garrett,schedule,1,1.0919974070755778,0.009027259461436688
123,Hog_office_Garrett,drift,2,1.5369453459794633,0.018944850857155488
123,Hog_office_Garrett,schedule,2,1.8433788522478285,0.013061772918253407
123,Hog_office_Garrett,spike,3,39.27271467711718,0.0028987263454775237
123,Hog_office_Lavon,spike,1,143.82870581284993,0.003843980282385584
123,Hog_office_Lavon,drift,1,0.22375917393665012,0.0012857451318023523
123,Hog_office_Lavon,schedule,3,9.498343192772554,0.01624663449127392
123,Hog_office_Lavon,drift,1,0.12159160521047667,0.00046470271307553097
123,Hog_office_Lavon,schedule,1,3.4120445748359343,0.010122161298416723
123,Hog_office_Lavon,drift,3,1.3473481587715388,0.009470461880917698
123,Hog_office_Merilyn,schedule,3,0.09026547366413662,0.0014912120232301446
123,Hog_office_Merilyn,spike,3,4.302199468437232,0.0029925723538729823
123,Hog_office_Merilyn,schedule,3,0.08724210483076107,0.0009557863201318982
123,Hog_office_Merilyn,spike,1,2.2726792180010484,0.0007904279016939814
123,Hog_office_Merilyn,drift,2,1.2810898216024174,0.06928418227968926
123,Hog_office_Merilyn,spike,3,8.52155167552799,0.0014818792191862494
123,Hog_office_Miriam,schedule,2,0.8227964932434244,0.006481649408091928
123,Hog_office_Miriam,schedule,1,0.547337192485764,0.0036957388462059526
123,Hog_office_Miriam,schedule,2,0.7379193394710284,0.0049825906327764305
123,Hog_office_Miriam,spike,1,4.8876022386933835,0.0013750893801791825
123,Hog_office_Miriam,spike,3,11.545067660608451,0.0016240580921123445
123,Hog_office_Miriam,spike,3,18.10919327110633,0.0012737206371650086
123,Hog_office_Napoleon,spike,3,15.212971247855545,0.0017791655153632472
123,Hog_office_Napoleon,drift,3,3.932034258697512,0.018240859892403302
123,Hog_office_Napoleon,schedule,2,1.348755318754804,0.0075714091487696375
123,Hog_office_Napoleon,drift,3,5.959203580666524,0.038795892428049206
123,Hog_office_Napoleon,schedule,3,1.6382402720871347,0.0030654898906879572
123,Hog_office_Napoleon,spike,2,16.800919302811206,0.0006549589768484798
123,Hog_office_Shawna,drift,1,0.976688826547927,0.014487332962514792
123,Hog_office_Shawna,drift,1,0.6341206759523162,0.00520610157944572
123,Hog_office_Shawna,spike,2,17.001060248105592,0.0011729237190995622
123,Hog_office_Shawna,drift,2,2.395587859127726,0.03156743050192714
123,Hog_office_Shawna,spike,1,11.235300093225776,0.0007751369490037812
123,Hog_office_Shawna,spike,3,18.85111019490688,0.003901682710893806
123,Hog_office_Shawnna,spike,2,16.26246908100383,0.0013333358945303046
123,Hog_office_Shawnna,schedule,1,0.6235348040745481,0.0032718528302009002
123,Hog_office_Shawnna,schedule,1,0.7749319337066748,0.006099410707974147
123,Hog_office_Shawnna,spike,1,5.902828669074532,0.0009679284620971962
123,Hog_office_Shawnna,schedule,2,1.2257432188642619,0.0048238503210252855
123,Hog_office_Shawnna,schedule,2,1.1914843099512205,0.014067078363395621
123,Hog_office_Sherrie,drift,3,4.272629269475764,0.09698253965684805
123,Hog_office_Sherrie,schedule,3,0.5564459439827808,0.002816562545606806
123,Hog_office_Sherrie,schedule,2,0.38926693686855124,0.0034481169309353637
123,Hog_office_Sherrie,schedule,1,0.27052162675398267,0.0017116242150995672
123,Hog_office_Sherrie,schedule,1,0.2133466395160036,0.0013498709097213935
123,Hog_office_Sherrie,spike,3,19.530197345282826,0.004633875177971406
123,Hog_office_Shon,spike,3,16.59584611271972,0.0017216470984053231
123,Hog_office_Shon,spike,3,16.59888105192735,0.0017219619419056279
123,Hog_office_Shon,schedule,2,0.7397396761030426,0.0018417678616028826
123,Hog_office_Shon,schedule,3,1.2254855852932056,0.004068205863520066
123,Hog_office_Shon,spike,2,9.913168815513442,0.0015425828437409439
123,Hog_office_Shon,spike,1,5.734700406466607,0.001189831509397993
123,Hog_office_Sydney,spike,1,4.955557844560617,0.00044869608424540747
123,Hog_office_Sydney,drift,2,5.182478553899794,0.07296719249398048
123,Hog_office_Sydney,spike,2,8.218942867275038,0.0014883521076162554
123,Hog_office_Sydney,drift,1,0.8586649057575922,0.005558907977240634
123,Hog_office_Sydney,schedule,1,0.6627416607481197,0.0038404664483342606
123,Hog_office_Sydney,spike,3,21.6007508845296,0.000977909313407309
123,Hog_office_Valda,schedule,1,0.5432828855737473,0.0020204541987418278
123,Hog_office_Valda,spike,1,6.808675278292941,0.0021101064349083134
123,Hog_office_Valda,schedule,1,0.5645982367935601,0.004899359283447999
123,Hog_office_Valda,drift,1,0.7589156517027572,0.01828671292539487
123,Hog_office_Valda,drift,3,2.674736680597294,0.03460821922294673
123,Hog_office_Valda,spike,3,22.245601316876982,0.0034471159637176753
123,Lamb_education_Armando,spike,2,15.650370687593757,0.004554281448987448
123,Lamb_education_Armando,drift,2,1.8831118466997279,0.039318166587290045
123,Lamb_education_Armando,spike,2,29.995402678391798,0.00218217684264499
123,Lamb_education_Armando,spike,2,18.355606534023195,0.004006131867011432
123,Lamb_education_Armando,schedule,2,2.7502808916830634,0.01920806119347856
123,Lamb_education_Armando,spike,3,45.62613113985957,0.0033193182255429263
123,Lamb_education_Eula,drift,2,0.8607575115794432,0.022536869336241612
123,Lamb_education_Eula,schedule,2,2.9916363619906887,0.033356758662291444
123,Lamb_education_Eula,spike,3,35.87411450562175,0.003571397636946366
123,Lamb_education_Eula,schedule,1,2.0561071650723,0.02620069026360533
123,Lamb_education_Eula,spike,2,26.327392758627305,0.002620987014756445
123,Lamb_education_Eula,schedule,2,2.9431925928571463,0.02344043601591529
123,Lamb_education_Lazaro,spike,2,19.129984135649526,0.003953121328058477
123,Lamb_education_Lazaro,drift,1,0.4991429185081932,0.01356363832468376
123,Lamb_education_Lazaro,schedule,3,3.675039842605322,0.03645262627778838
123,Lamb_education_Lazaro,drift,2,0.9087127995609636,0.01567973269693117
123,Lamb_education_Lazaro,spike,2,24.64300471606185,0.002546180562402283
123,Lamb_education_Lazaro,spike,2,15.050727286029396,0.006220324137783124
123,Lamb_education_Lucas,drift,1,0.8524147133956105,0.01570875265206998
123,Lamb_education_Lucas,spike,1,10.961600126327493,0.0023042533387024012
123,Lamb_education_Lucas,spike,2,21.93330025492157,0.003073753208699213
123,Lamb_education_Lucas,schedule,2,3.1674395305353102,0.010653310508336122
123,Lamb_education_Lucas,schedule,1,2.102377177361166,0.01649922980597282
123,Lamb_education_Lucas,spike,3,51.661325996909795,0.003619933268205409
123,Lamb_education_Mae,drift,3,2.747430234980863,0.07913190444180646
123,Lamb_education_Mae,spike,2,11.79595793264235,0.0021848808908874477
123,Lamb_education_Mae,schedule,2,1.512025816502712,0.01344296274450444
123,Lamb_education_Mae,spike,2,8.405730723734091,0.002335400041747796
123,Lamb_education_Mae,spike,3,13.977134644536978,0.0038833269712291634
123,Lamb_education_Mae,spike,1,9.248536407005846,0.0008565201139123371
123,Lamb_education_Williams,drift,1,1.1848302480365365,0.01506986258875561
123,Lamb_education_Williams,spike,3,59.12566273699697,0.009672278288092901
123,Lamb_education_Williams,spike,1,49.46740654739623,0.002023074669137089
123,Lamb_education_Williams,spike,1,45.4217360237309,0.0018576183792816691
123,Lamb_education_Williams,spike,3,105.5880166708531,0.004318246231214062
123,Lamb_education_Williams,spike,2,40.52532727216683,0.006629477369852257
123,Lamb_office_Caitlin,drift,1,0.2096992345618771,0.01080226131524028
123,Lamb_office_Caitlin,spike,2,22.45082457149139,0.010758250834623756
123,Lamb_office_Caitlin,drift,3,0.9368454891334521,0.042872687772740496
123,Lamb_office_Caitlin,spike,3,51.40715354583449,0.012316942987528025
123,Lamb_office_Caitlin,drift,1,0.16246150278132715,0.0065004932428742715
123,Lamb_office_Caitlin,spike,3,47.50459422074443,0.011381905791396885
123,Lamb_office_Velma,schedule,3,2.3222444653210395,0.007566952761015501
123,Lamb_office_Velma,spike,2,8.712742347616038,0.0023658473066269625
123,Lamb_office_Velma,spike,1,8.959574022004512,0.0006082179187326752
123,Lamb_office_Velma,drift,2,1.6706975097529588,0.018940269110220478
123,Lamb_office_Velma,drift,1,0.7500102060228516,0.014612378695030096
123,Lamb_office_Velma,drift,2,1.9492261938781699,0.025273620209041985
123,Rat_retail_Jeffrey,spike,2,11.366393776886,0.0017264922569775068
123,Rat_retail_Jeffrey,schedule,2,0.5649621841795353,0.009611238166577841
123,Rat_retail_Jeffrey,spike,1,7.534958473829598,0.0011445184565194507
123,Rat_retail_Jeffrey,schedule,3,0.9555516368065402,0.01393372808555841
123,Rat_retail_Jeffrey,schedule,2,0.7394183967080891,0.008985084709482815
123,Rat_retail_Jeffrey,spike,2,7.441345129482969,0.0033908973240946564
123,Robin_education_Zenia,spike,3,9.382496269114673,0.0006376294238970366
123,Robin_education_Zenia,spike,1,3.7618821172618215,0.0002556554949128223
123,Robin_education_Zenia,schedule,2,0.6475891391909896,0.0028166279192275863
123,Robin_education_Zenia,schedule,2,0.7090106999291118,0.0011564157030255913
123,Robin_education_Zenia,spike,3,13.790680129523361,0.0004686036196508943
123,Robin_education_Zenia,schedule,2,0.6933627237140527,0.0030157158104974205
123,Robin_office_Dina,spike,2,9.193381146977396,0.0010770815678581278
123,Robin_office_Dina,spike,1,4.512317072589632,0.0005286557219283522
123,Robin_office_Dina,drift,2,1.1933041062369134,0.008318431196223873
123,Robin_office_Dina,spike,3,13.727518197244612,0.0016082936828470816
123,Robin_office_Dina,drift,1,1.3277591395925123,0.022322587225293594
123,Robin_office_Dina,spike,1,3.790239878252314,0.0008881166668410379
123,Robin_office_Sammie,spike,2,4.130073595722366,0.0016409109033695877
123,Robin_office_Sammie,schedule,2,0.5604208592537883,0.005343831350866488
123,Robin_office_Sammie,spike,2,4.434729109430685,0.0008809764742076632
123,Robin_office_Sammie,schedule,3,0.8267445635530045,0.003941665843555156
123,Robin_office_Sammie,schedule,3,0.8096758725979273,0.00900733757618372
123,Robin_office_Sammie,drift,3,2.3755657018489766,0.039404945967588416
123,Shrew_office_Doris,drift,2,6.6988463315275535,0.04232766523879784
123,Shrew_office_Doris,spike,2,36.80078870263608,0.0008841494403052105
123,Shrew_office_Doris,spike,1,21.8194770350716,0.0005242191563934896
123,Shrew_office_Doris,spike,1,10.105022463960086,0.0009711041823559515
123,Shrew_office_Doris,schedule,1,1.832776307758625,0.004227165437706037
123,Shrew_office_Doris,spike,2,17.968281498698083,0.0012950792570254666
123,Shrew_office_Ila,schedule,3,2.6519368839811897,0.015739235429057852
123,Shrew_office_Ila,schedule,3,2.429694285523951,0.01290761527796945
123,Shrew_office_Ila,schedule,2,1.8860662861401114,0.008767169139705567
123,Shrew_office_Ila,spike,1,10.892951389826422,0.00045209528332948657
123,Shrew_office_Ila,drift,3,6.3824053144446395,0.06330918052704396
123,Shrew_office_Ila,spike,2,11.639800687422893,0.00096618424178299
123,Shrew_office_Kenneth,schedule,2,0.46421793450642534,0.008602848832040101
123,Shrew_office_Kenneth,drift,1,0.6667411347521195,0.031662230092617046
123,Shrew_office_Kenneth,spike,2,5.930418401985141,0.003925072473716455
123,Shrew_office_Kenneth,drift,1,0.2151807795599763,0.0050914545120906525
123,Shrew_office_Kenneth,spike,1,4.60818218261848,0.0015249724229248172
123,Shrew_office_Kenneth,schedule,2,0.4784673399208202,0.011400322691432428
123,Shrew_office_Nora,schedule,2,4.309310431164814,0.016876696915930196
123,Shrew_office_Nora,spike,1,12.450768585432467,0.0013061079224144
123,Shrew_office_Nora,spike,2,31.553254730220907,0.001103330976405735
123,Shrew_office_Nora,spike,2,19.099992863189396,0.0020036234570979024
123,Shrew_office_Nora,schedule,2,4.47318123309479,0.02252374666904181
123,Shrew_office_Nora,drift,1,3.059870582300966,0.033275538708140755
123,Shrew_office_Sherill,drift,3,8.081788439131566,0.061096065326997524
123,Shrew_office_Sherill,drift,2,4.823126417885491,0.0328000849630038
123,Shrew_office_Sherill,spike,3,53.0630642949797,0.0016784182363814076
123,Shrew_office_Sherill,spike,2,35.11677433613653,0.001110765750749124
123,Shrew_office_Sherill,drift,1,1.4646687078307918,0.01218436821664128
123,Shrew_office_Sherill,schedule,3,5.10321538564503,0.01807880767347668
123,Wolf_office_Darleen,schedule,1,2.66806226757656,0.003969313633524248
123,Wolf_office_Darleen,drift,2,5.134646465492838,0.04567416966395503
123,Wolf_office_Darleen,schedule,1,3.2008792625553624,0.009523985890828885
123,Wolf_office_Darleen,spike,3,36.67691768305122,0.004547063711248394
123,Wolf_office_Darleen,spike,1,28.562697072907802,0.0008852734332662925
123,Wolf_office_Darleen,schedule,3,6.863819837876119,0.01021140098251252
123,Wolf_retail_Harriett,schedule,3,1.3128430948321939,0.009491371860327334
123,Wolf_retail_Harriett,spike,3,16.44543269628901,0.0014861802387018666
123,Wolf_retail_Harriett,drift,2,1.7031335161226882,0.03678517056524422
123,Wolf_retail_Harriett,schedule,3,1.3327610697895262,0.015416594368827523
123,Wolf_retail_Harriett,spike,3,12.540613453671618,0.0022666003674383334
123,Wolf_retail_Harriett,spike,2,8.75356396599369,0.0015821260558754634
123,Wolf_retail_Marcella,schedule,2,0.8463157870932149,0.004132535042520477
123,Wolf_retail_Marcella,schedule,2,0.8813583811123407,0.005738195994942018
123,Wolf_retail_Marcella,drift,2,0.9768345049238487,0.018980044417859582
123,Wolf_retail_Marcella,spike,1,4.381711596591419,0.0013372355357245914
123,Wolf_retail_Marcella,drift,3,2.806545598868811,0.06823589134861079
123,Wolf_retail_Marcella,schedule,1,0.6395477112433705,0.006245785245610444
123,Wolf_retail_Toshia,spike,3,37.517685865940656,0.0032140718883361123
123,Wolf_retail_Toshia,spike,2,16.240158398788278,0.0055650592905098755
123,Wolf_retail_Toshia,drift,3,2.4396454037773263,0.049950995947244566
123,Wolf_retail_Toshia,drift,3,2.322072790931076,0.0523179985688397
123,Wolf_retail_Toshia,drift,2,1.248888025960208,0.028138360782664455
123,Wolf_retail_Toshia,spike,2,16.803454156285714,0.004318564035930453
124,Fox_education_Henrietta,schedule,3,0.10472736611439806,0.005004788319442325
124,Fox_education_Henrietta,spike,3,4.258832647808797,0.004770098993334552
124,Fox_education_Henrietta,spike,1,1.4929956836356075,0.002229636709244643
124,Fox_education_Henrietta,schedule,2,0.06186597210885353,0.002194274768841829
124,Fox_education_Henrietta,schedule,3,0.10072861953988892,0.0036102699600702383
124,Fox_education_Henrietta,drift,1,0.18487998333149647,0.01484034221667682
124,Fox_retail_Manie,drift,2,4.133521348466696,0.05134402002897142
124,Fox_retail_Manie,spike,2,28.469084003724454,0.001344582422797296
124,Fox_retail_Manie,spike,3,27.50714385540412,0.0025983008181432463
124,Fox_retail_Manie,spike,3,22.835173912571538,0.004313981224031829
124,Fox_retail_Manie,drift,2,1.7752741737280904,0.014002185986660488
124,Fox_retail_Manie,drift,1,2.022726236622705,0.02971060068670704
124,Hog_education_Bruno,spike,1,9.525835469688944,0.0003963922503707485
124,Hog_education_Bruno,schedule,2,0.8451154329942562,0.0016880268455121564
124,Hog_education_Bruno,schedule,3,1.0074575242697095,0.0013415250984552339
124,Hog_education_Bruno,drift,3,14.426783367148378,0.078943675467272
124,Hog_education_Bruno,drift,2,4.530335591751283,0.011216811437575016
124,Hog_education_Bruno,schedule,2,0.8149337676687947,0.0008138711135977099
124,Hog_education_Caridad,drift,3,2.4157127725851084,0.09788123366077645
124,Hog_education_Caridad,drift,3,1.570828545306114,0.04041509893165204
124,Hog_education_Caridad,schedule,1,0.3442184279819623,0.0033940050269853756
124,Hog_education_Caridad,spike,1,5.446468203910305,0.003356397232231465
124,Hog_education_Caridad,schedule,1,0.33004672645056626,0.007322111062970095
124,Hog_education_Caridad,drift,1,0.500276162289049,0.016570921497776968
124,Hog_education_Josh,schedule,1,0.35014896818953545,0.004708624004840393
124,Hog_education_Josh,drift,1,0.6951443210609292,0.02595723966234102
124,Hog_education_Josh,drift,2,1.3738918946585474,0.04338418552829773
124,Hog_education_Josh,drift,2,0.5450642691236506,0.007787854223124134
124,Hog_education_Josh,schedule,1,0.3561103867417956,0.0034205643632507737
124,Hog_education_Josh,spike,1,3.0642952870128166,0.0011037609033045313
124,Hog_education_Luvenia,spike,1,8.393051242295618,0.0007420003936317389
124,Hog_education_Luvenia,schedule,1,0.6866827549108929,0.0012141445577654975
124,Hog_education_Luvenia,schedule,2,1.358285468546098,0.00192130051058726
124,Hog_education_Luvenia,drift,3,11.44954195210125,0.04833322228443731
124,Hog_education_Luvenia,spike,3,21.60543742753184,0.0009550306922366506
124,Hog_education_Luvenia,spike,3,18.86131889001143,0.0008337317166774722
124,Hog_office_Almeda,schedule,2,0.4385244919309911,0.003205543727646032
124,Hog_office_Almeda,drift,1,0.930636329267723,0.007889361068632117
124,Hog_office_Almeda,drift,3,3.9948223417404805,0.033865641032763204
124,Hog_office_Almeda,spike,3,31.83427049971169,0.0016159959262732144
124,Hog_office_Almeda,spike,2,13.76657036681016,0.002096487962403937
124,Hog_office_Almeda,schedule,3,0.5308074235526988,0.0025867447747556526
124,Hog_office_Cortney,schedule,3,2.3719962899894727,0.006812168348280938
124,Hog_office_Cortney,spike,2,44.0729281174778,0.0015821705076279641
124,Hog_office_Cortney,drift,3,3.4231167870945534,0.017572725839062102
124,Hog_office_Cortney,schedule,2,1.5691996608163399,0.00630924813387089
124,Hog_office_Cortney,schedule,3,2.465899334942663,0.008498219733531532
124,Hog_office_Cortney,drift,1,1.0357026663746896,0.01067083416819939
124,Hog_office_Denita,drift,1,1.7689831056778396,0.01785946460098269
124,Hog_office_Denita,drift,3,3.6912349536018705,0.016861944385774635
124,Hog_office_Denita,spike,3,34.364479948823686,0.003957491877403024
124,Hog_office_Denita,spike,1,22.345186622868106,0.0008577742161940508
124,Hog_office_Denita,schedule,2,2.016676607137217,0.006193202053577549
124,Hog_office_Denita,spike,2,22.260292742466497,0.0017090307171458723
124,Hog_office_Garrett,spike,3,18.60269070857324,0.005492272189182875
124,Hog_office_Garrett,spike,1,8.759315748326458,0.0025861068720899423
124,Hog_office_Garrett,spike,2,23.41719800414081,0.0017284277226554433
124,Hog_office_Garrett,schedule,3,2.4105691882981506,0.014056040108814359
124,Hog_office_Garrett,spike,1,15.53057417377729,0.0011463145567615159
124,Hog_office_Garrett,schedule,3,2.2955463573647528,0.02168764184071341
124,Hog_office_Lavon,schedule,2,6.34559338896125,0.01356743675296234
124,Hog_office_Lavon,schedule,1,3.8634653184868877,0.006608342910470016
124,Hog_office_Lavon,schedule,1,5.0843982362664475,0.019567603072607027
124,Hog_office_Lavon,drift,1,0.39126046270481524,0.0027501557585046413
124,Hog_office_Lavon,schedule,2,7.071115991237369,0.02418986861676069
124,Hog_office_Lavon,drift,3,0.6673017170198615,0.002550315194887909
124,Hog_office_Merilyn,schedule,1,0.04569308744536096,0.0003814045478512179
124,Hog_office_Merilyn,drift,2,0.9038496339701031,0.026248638607356652
124,Hog_office_Merilyn,schedule,1,0.03177416364345925,0.0007956659001610957
124,Hog_office_Merilyn,spike,3,4.842214344005379,0.003368201982197123
124,Hog_office_Merilyn,drift,1,0.2528234312791078,0.008397399489139158
124,Hog_office_Merilyn,spike,3,4.953565489472396,0.0017228284329502677
124,Hog_office_Miriam,schedule,2,0.6950059656418206,0.003910691892844105
124,Hog_office_Miriam,drift,1,0.6599330303638101,0.005523596030653835
124,Hog_office_Miriam,schedule,1,0.40921164819947886,0.003223599588861849
124,Hog_office_Miriam,drift,1,0.6601394257249517,0.007754025480861571
124,Hog_office_Miriam,schedule,3,1.0715673834704071,0.007235454231482468
124,Hog_office_Miriam,drift,3,3.7261494305270615,0.056347390603811144
124,Hog_office_Napoleon,schedule,3,1.8219586110687442,0.004474660698874381
124,Hog_office_Napoleon,spike,3,17.131470987142432,0.0020035351353251433
124,Hog_office_Napoleon,drift,2,3.518855444628169,0.03278539197269226
124,Hog_office_Napoleon,schedule,1,0.8724353018189372,0.0016325087617324796
124,Hog_office_Napoleon,spike,1,8.449928280895014,0.0006588158994814049
124,Hog_office_Napoleon,schedule,1,0.9412775449790814,0.0023484359794499303
124,Hog_office_Shawna,schedule,2,1.4591618198190517,0.006442837737387654
124,Hog_office_Shawna,schedule,2,1.5959926466464989,0.007047005693777272
124,Hog_office_Shawna,spike,2,12.659657369743611,0.003493620324367815
124,Hog_office_Shawna,spike,2,19.441016535085083,0.0013412592558719374
124,Hog_office_Shawna,schedule,3,2.1575604931718013,0.021434790130139637
124,Hog_office_Shawna,spike,2,17.295675273174762,0.0011932495661857898
124,Hog_office_Shawnna,spike,3,23.349168494272178,0.0019143639447231774
124,Hog_office_Shawnna,schedule,3,1.4548192346902094,0.00763382316327411
124,Hog_office_Shawnna,spike,3,21.878504764641107,0.0017937863909868003
124,Hog_office_Shawnna,drift,2,1.3853859349426418,0.01624276266696566
124,Hog_office_Shawnna,drift,2,2.655932114130613,0.05726981836141428
124,Hog_office_Shawnna,spike,1,6.202872082785997,0.0015256930462335448
124,Hog_office_Sherrie,schedule,2,0.3800974251525165,0.004328863228533855
124,Hog_office_Sherrie,schedule,3,0.5010529128309608,0.0057064041647569815
124,Hog_office_Sherrie,drift,3,2.834123038813195,0.04819185074047668
124,Hog_office_Sherrie,drift,2,0.8463367886693289,0.007965382311608912
124,Hog_office_Sherrie,drift,3,3.9705964188378533,0.09766356657830524
124,Hog_office_Sherrie,spike,3,27.374425587283415,0.0021650177414579692
124,Hog_office_Shon,drift,3,5.871730547083386,0.08010075439541273
124,Hog_office_Shon,spike,3,24.738757446843195,0.0012831948936868878
124,Hog_office_Shon,spike,3,23.063953338287046,0.0011963231061832959
124,Hog_office_Shon,spike,3,13.458525131583738,0.0027923650995832277
124,Hog_office_Shon,spike,2,11.50210597112713,0.0011932243307296085
124,Hog_office_Shon,drift,1,0.9572982480779106,0.009484083556941714
124,Hog_office_Sydney,drift,2,2.922826556637047,0.025273544024435848
124,Hog_office_Sydney,drift,3,9.022616179996254,0.11723144378330987
124,Hog_office_Sydney,schedule,2,1.074932171988562,0.006229034909465449
124,Hog_office_Sydney,spike,3,12.739366086331922,0.0017302099555693993
124,Hog_office_Sydney,spike,2,10.46277970472373,0.0009473420412163719
124,Hog_office_Sydney,drift,3,5.355193921017199,0.04048754158699181
124,Hog_office_Valda,drift,1,0.32945626759827423,0.0036501907473462107
124,Hog_office_Valda,drift,1,0.943288165783228,0.020975292757284447
124,Hog_office_Valda,drift,3,3.712130024153153,0.0687389397465084
124,Hog_office_Valda,schedule,2,0.6605973987883729,0.0049134873322959445
124,Hog_office_Valda,schedule,3,1.1480801796343267,0.008450405960145322
124,Hog_office_Valda,spike,1,7.569503862807289,0.0011729490801900588
124,Lamb_education_Armando,drift,1,0.5185766195903598,0.007205789079920569
124,Lamb_education_Armando,spike,2,31.078271138879995,0.002260955931008763
124,Lamb_education_Armando,schedule,3,4.298530172218846,0.03002109015107403
124,Lamb_education_Armando,schedule,3,4.390901153790175,0.040568843522374824
124,Lamb_education_Armando,drift,2,0.8797034094133567,0.012223762085778194
124,Lamb_education_Armando,schedule,1,1.3731016092126749,0.014384686932003178
124,Lamb_education_Eula,drift,2,0.7910934240947379,0.016932584489833105
124,Lamb_education_Eula,drift,1,0.28767211115189345,0.007532003721715566
124,Lamb_education_Eula,drift,1,0.36802864493147297,0.010515272608751297
124,Lamb_education_Eula,drift,1,0.15393320969454996,0.002191418781384231
124,Lamb_education_Eula,spike,2,22.468270063664768,0.002236797415559077
124,Lamb_education_Eula,drift,2,1.1103550145270977,0.02907198083385913
124,Lamb_education_Lazaro,spike,3,45.650060720762795,0.00471668526703367
124,Lamb_education_Lazaro,drift,3,2.2458492140753776,0.061028385542433915
124,Lamb_education_Lazaro,spike,2,28.40572037470999,0.0029349543171567987
124,Lamb_education_Lazaro,schedule,3,3.9882156798889676,0.05274534587218491
124,Lamb_education_Lazaro,schedule,3,3.977904069981916,0.019728364404499443
124,Lamb_education_Lazaro,drift,2,1.3334893585612138,0.0362360492329452
124,Lamb_education_Lucas,drift,2,0.6193183859115996,0.005164115536637729
124,Lamb_education_Lucas,drift,3,2.262849270187603,0.030284751125514958
124,Lamb_education_Lucas,schedule,1,2.580339594084481,0.01446444814901233
124,Lamb_education_Lucas,spike,2,30.388868612076767,0.0021293622327572467
124,Lamb_education_Lucas,drift,2,1.4178456218035536,0.018975679183068934
124,Lamb_education_Lucas,drift,1,0.750337567945034,0.012565784509973631
124,Lamb_education_Mae,schedule,3,2.052864418151862,0.012167596431020668
124,Lamb_education_Mae,drift,3,2.1839050702121123,0.04348472942058072
124,Lamb_education_Mae,schedule,2,1.6032363439874922,0.011729761891869485
124,Lamb_education_Mae,spike,1,7.504207873816432,0.0013899507338337809
124,Lamb_education_Mae,spike,2,14.203061968631577,0.0013153657746387906
124,Lamb_education_Mae,schedule,2,1.5295266989308482,0.015864984076580595
124,Lamb_education_Williams,drift,2,1.5520987690548358,0.01517085389263276
124,Lamb_education_Williams,drift,1,1.0572516149628604,0.011371738808253398
124,Lamb_education_Williams,spike,3,103.91114921698993,0.004249667174696099
124,Lamb_education_Williams,drift,1,0.7166529317948319,0.0055980273955573735
124,Lamb_education_Williams,spike,3,57.83506668833032,0.00709586371540883
124,Lamb_education_Williams,schedule,3,11.010540303882467,0.06484311853255409
124,Lamb_office_Caitlin,drift,1,0.284041604147607,0.016265193396857114
124,Lamb_office_Caitlin,drift,3,0.8948596482703678,0.03580558469123656
124,Lamb_office_Caitlin,schedule,2,4.191787090590492,0.08034679852814787
124,Lamb_office_Caitlin,drift,2,0.3911903389743866,0.013403046738069939
124,Lamb_office_Caitlin,spike,2,17.983865280358543,0.017235441223647327
124,Lamb_office_Caitlin,spike,3,48.08499704556504,0.01152096792594479
124,Lamb_office_Velma,schedule,1,0.8161582776753452,0.0026040186872606412
124,Lamb_office_Velma,drift,3,4.153077242200022,0.06738135783035935
124,Lamb_office_Velma,schedule,3,2.4845690710402035,0.01349313639799638
124,Lamb_office_Velma,spike,3,13.940475777464426,0.003785379591792569
124,Lamb_office_Velma,drift,3,2.373272329027212,0.02303856697642512
124,Lamb_office_Velma,schedule,2,1.6613333678741689,0.010826793907991683
124,Rat_retail_Jeffrey,drift,2,1.2072522854413157,0.04382660952833208
124,Rat_retail_Jeffrey,schedule,2,0.6585025047821566,0.01110254002109855
124,Rat_retail_Jeffrey,drift,1,0.5519638762113217,0.024062153329570745
124,Rat_retail_Jeffrey,schedule,1,0.4462463778558177,0.005422588245281802
124,Rat_retail_Jeffrey,schedule,2,0.7515617720619091,0.009132645625871802
124,Rat_retail_Jeffrey,spike,3,9.997602104569136,0.006074321534410011
124,Robin_education_Zenia,drift,1,0.6412995691183604,0.002593151337648876
124,Robin_education_Zenia,spike,1,3.3221554223862917,0.00045154380823909875
124,Robin_education_Zenia,spike,2,7.074922429667272,0.0007212119115562363
124,Robin_education_Zenia,spike,2,8.744255153810114,0.00029712744967916446
124,Robin_education_Zenia,drift,3,3.392635433625372,0.016485160688756974
124,Robin_education_Zenia,drift,2,1.9516322047038128,0.007891596854156416
124,Robin_office_Dina,spike,1,8.031853053199896,0.00047049941371085776
124,Robin_office_Dina,drift,1,1.2443975933896954,0.01917159488648588
124,Robin_office_Dina,drift,1,1.1728931948559433,0.01642100373250374
124,Robin_office_Dina,drift,3,6.456023663513401,0.11761665796836682
124,Robin_office_Dina,spike,1,3.9898387481955537,0.0007011645180979698
124,Robin_office_Dina,drift,3,5.934045050257676,0.09976450869986214
124,Robin_office_Sammie,drift,3,3.7039310908936334,0.09675777337301698
124,Robin_office_Sammie,drift,1,0.8851652303517578,0.02312316688790938
124,Robin_office_Sammie,spike,2,4.46645071708931,0.001774556194016897
124,Robin_office_Sammie,schedule,1,0.26288208134773605,0.0012533415599105132
124,Robin_office_Sammie,schedule,3,0.7757916234563955,0.004931650360868649
124,Robin_office_Sammie,schedule,1,0.2648224984336616,0.0016571531504916246
124,Shrew_office_Doris,schedule,2,4.179143138728164,0.004819445057335555
124,Shrew_office_Doris,drift,1,2.8277467606442257,0.01623704388218943
124,Shrew_office_Doris,schedule,3,5.5983539987573305,0.017216262513077008
124,Shrew_office_Doris,spike,3,31.689562801821364,0.0015227015617053986
124,Shrew_office_Doris,drift,3,7.673154540010387,0.030786404142213775
124,Shrew_office_Doris,spike,2,19.104007493794818,0.0018359169059890643
124,Shrew_office_Ila,schedule,2,1.8150772267037487,0.009642496457962214
124,Shrew_office_Ila,spike,1,7.7294483217719865,0.0009623967841100814
124,Shrew_office_Ila,schedule,2,1.7501550643072317,0.005811000683671439
124,Shrew_office_Ila,spike,2,10.314963927536663,0.0017124271916639595
124,Shrew_office_Ila,schedule,1,1.315268381332075,0.0052404673978925205
124,Shrew_office_Ila,drift,2,2.0137203410619606,0.013957255819682416
124,Shrew_office_Kenneth,schedule,3,0.6679047369307353,0.01414577829915875
124,Shrew_office_Kenneth,schedule,3,0.6503298442202592,0.006886776877748251
124,Shrew_office_Kenneth,drift,3,1.3434730286638814,0.037123402767475715
124,Shrew_office_Kenneth,spike,2,6.065242090409171,0.0030107295761192658
124,Shrew_office_Kenneth,drift,2,0.777293693836998,0.018391770365358873
124,Shrew_office_Kenneth,spike,1,5.295286978813518,0.0008761770145093291
124,Shrew_office_Nora,drift,3,6.729282961976722,0.044943180766797174
124,Shrew_office_Nora,drift,1,1.0998003267381924,0.004576383947343273
124,Shrew_office_Nora,spike,3,30.915318394579053,0.0021620481767616545
124,Shrew_office_Nora,schedule,2,4.756641468553239,0.023951050013466296
124,Shrew_office_Nora,schedule,3,5.706862897437956,0.022349978494075225
124,Shrew_office_Nora,spike,1,11.329930453130101,0.0015847066600693067
124,Shrew_office_Sherill,drift,3,7.911441192913703,0.05380243452568331
124,Shrew_office_Sherill,spike,1,17.956631918026265,0.0005679796083328562
124,Shrew_office_Sherill,spike,3,45.87990074332846,0.0014512102366138117
124,Shrew_office_Sherill,drift,2,3.8461523951684664,0.023236339806098145
124,Shrew_office_Sherill,drift,3,7.608757778702199,0.05174401000124758
124,Shrew_office_Sherill,schedule,3,4.674632681360652,0.01656049741270832
124,Wolf_office_Darleen,spike,3,39.348473062814655,0.002439136455019505
124,Wolf_office_Darleen,spike,3,59.66849236128408,0.0018493677594823828
124,Wolf_office_Darleen,schedule,1,3.5452394674884737,0.008790504081945705
124,Wolf_office_Darleen,spike,1,25.358314868372158,0.0007859566765725631
124,Wolf_office_Darleen,drift,1,1.747943848499441,0.016848687822373143
124,Wolf_office_Darleen,schedule,2,4.731326219782141,0.01877029422894266
124,Wolf_retail_Harriett,drift,2,1.040825418873998,0.01570798720058224
124,Wolf_retail_Harriett,spike,1,5.802835421924542,0.0010488090513361224
124,Wolf_retail_Harriett,spike,3,11.331046445160485,0.0020479822722342315
124,Wolf_retail_Harriett,spike,2,7.175929981175042,0.001945474867572895
124,Wolf_retail_Harriett,spike,2,6.13272887011054,0.0022168685067511557
124,Wolf_retail_Harriett,drift,2,0.9144634757780075,0.009834210570554731
124,Wolf_retail_Marcella,spike,3,10.558255967287614,0.0032222282921852818
124,Wolf_retail_Marcella,drift,3,3.470223540476074,0.10131697474473982
124,Wolf_retail_Marcella,schedule,1,0.5223500013065278,0.0025506196596827594
124,Wolf_retail_Marcella,drift,1,0.6501149777545829,0.014219079975950512
124,Wolf_retail_Marcella,spike,3,12.311181889437156,0.002504797428495155
124,Wolf_retail_Marcella,schedule,1,0.6861650405277645,0.007817888557772296
124,Wolf_retail_Toshia,drift,3,1.5954367964040868,0.02610553001256836
124,Wolf_retail_Toshia,schedule,2,3.024680053205074,0.03731311253453846
124,Wolf_retail_Toshia,schedule,2,3.200754034232521,0.03948519954966576
124,Wolf_retail_Toshia,spike,3,23.732485275565885,0.006099356503791755
124,Wolf_retail_Toshia,schedule,1,2.1154774634752735,0.0231973254898415
124,Wolf_retail_Toshia,drift,2,1.4355467993867115,0.03529545586744616
125,Fox_education_Henrietta,drift,3,0.34898744777776675,0.015505019998717813
125,Fox_education_Henrietta,schedule,1,0.047982847012933684,0.0017197796610410269
125,Fox_education_Henrietta,drift,3,0.684286431428102,0.061059239682617075
125,Fox_education_Henrietta,schedule,1,0.047003296487054126,0.0011231140339036537
125,Fox_education_Henrietta,drift,1,0.1268210631199903,0.013589042247232104
125,Fox_education_Henrietta,spike,1,1.5822097180686523,0.0017721515747482041
125,Fox_retail_Manie,spike,2,16.16989021695016,0.0030547874545494734
125,Fox_retail_Manie,drift,3,2.964393345911182,0.016660833597986882
125,Fox_retail_Manie,drift,3,8.042896787175412,0.11813723996933558
125,Fox_retail_Manie,spike,1,7.6140623727313805,0.001438435382201625
125,Fox_retail_Manie,spike,1,18.81047758514118,0.0008884106535389236
125,Fox_retail_Manie,spike,2,16.072180173565858,0.0030363282435895275
125,Hog_education_Bruno,drift,3,13.082223028907194,0.06505362970128657
125,Hog_education_Bruno,schedule,3,1.1131550209181444,0.002964542649310484
125,Hog_education_Bruno,spike,1,14.846218038043764,0.00030889289429366615
125,Hog_education_Bruno,schedule,3,1.003669313137948,0.002672961473189456
125,Hog_education_Bruno,schedule,1,0.517953562912713,0.0008621302731663583
125,Hog_education_Bruno,schedule,1,0.3837267712036866,0.00038322640070514855
125,Hog_education_Caridad,schedule,1,0.2617898138610275,0.005162512358603033
125,Hog_education_Caridad,schedule,1,0.29363089780807583,0.005066618050906205
125,Hog_education_Caridad,drift,3,1.573623538637841,0.04048700998289478
125,Hog_education_Caridad,drift,2,1.2182462724806387,0.03584815831253643
125,Hog_education_Caridad,schedule,3,0.6752449691556976,0.009986906423910797
125,Hog_education_Caridad,schedule,2,0.47521637052748794,0.008199885839583742
125,Hog_education_Josh,schedule,3,0.901811684474665,0.008662215495876036
125,Hog_education_Josh,spike,2,4.683021655263078,0.0011245513738650855
125,Hog_education_Josh,drift,1,0.32244279895577654,0.008323659021786459
125,Hog_education_Josh,schedule,2,0.6246705847249875,0.0048001429229427945
125,Hog_education_Josh,schedule,1,0.45028663128022994,0.004325160010910241
125,Hog_education_Josh,schedule,3,0.8883818286808595,0.011946503871250633
125,Hog_education_Luvenia,drift,2,3.859669353364359,0.010151292286923625
125,Hog_education_Luvenia,spike,1,7.843101220693537,0.0003466906149530692
125,Hog_education_Luvenia,schedule,2,1.1940653630037303,0.0038002735806751237
125,Hog_education_Luvenia,spike,3,20.566165470167338,0.0013636372310100826
125,Hog_education_Luvenia,drift,3,7.082694615471825,0.022385088922199252
125,Hog_education_Luvenia,schedule,3,1.7767157165856031,0.001884878892817484
125,Hog_office_Almeda,spike,1,8.201139177041265,0.0016652503472342328
125,Hog_office_Almeda,drift,1,1.1781387212516536,0.018599538926421636
125,Hog_office_Almeda,spike,1,13.812620560184504,0.0007011669564288574
125,Hog_office_Almeda,drift,2,2.7909246707334816,0.03046014273119708
125,Hog_office_Almeda,schedule,1,0.27753274910586256,0.0020287198993041793
125,Hog_office_Almeda,spike,3,31.85935952529863,0.0016172695148463539
125,Hog_office_Cortney,spike,1,14.982450991280826,0.0021514152204455306
125,Hog_office_Cortney,schedule,3,2.339330010910682,0.008062024341486729
125,Hog_office_Cortney,schedule,2,1.6996344266426375,0.0039049625477702516
125,Hog_office_Cortney,schedule,1,0.9516962702054096,0.0016399136633807518
125,Hog_office_Cortney,spike,1,20.59176719302296,0.0022176665911032593
125,Hog_office_Cortney,schedule,3,2.426825538029236,0.005488586152959729
125,Hog_office_Denita,spike,3,38.61269034585013,0.0029644836497054916
125,Hog_office_Denita,schedule,3,3.5299805782768034,0.013008659626893912
125,Hog_office_Denita,spike,1,23.21169033115294,0.000891037063882358
125,Hog_office_Denita,drift,3,3.6770383332907395,0.01679709275070907
125,Hog_office_Denita,drift,3,5.470802317144156,0.03507167393765742
125,Hog_office_Denita,drift,3,6.4256156864908425,0.05895242160847999
125,Hog_office_Garrett,drift,3,3.4857097330705473,0.049140648293122195
125,Hog_office_Garrett,spike,2,15.86342213853347,0.0035126463800979457
125,Hog_office_Garrett,spike,2,18.067793756282693,0.0026671744083180066
125,Hog_office_Garrett,spike,3,34.54024436144387,0.002549421834800913
125,Hog_office_Garrett,schedule,1,1.1732779117272718,0.006841388940869814
125,Hog_office_Garrett,schedule,2,1.6414337895897442,0.009692362566447506
125,Hog_office_Lavon,spike,3,239.43166869312313,0.01279814913488313
125,Hog_office_Lavon,spike,3,219.1291766498248,0.02342587259134077
125,Hog_office_Lavon,schedule,1,4.147747052068406,0.008868247986723898
125,Hog_office_Lavon,spike,1,150.3187804275036,0.004017434661391134
125,Hog_office_Lavon,spike,1,144.03929866244093,0.003849608607808274
125,Hog_office_Lavon,spike,3,211.35171159843063,0.0169458205323063
125,Hog_office_Merilyn,schedule,1,0.04206678446318419,0.000936361205002611
125,Hog_office_Merilyn,drift,3,1.1478125619287183,0.023752649527832327
125,Hog_office_Merilyn,spike,3,7.3083161827068475,0.001270900217562177
125,Hog_office_Merilyn,schedule,1,0.03332598271221062,0.00027817514811725964
125,Hog_office_Merilyn,drift,1,0.3291554395585094,0.008185235891315742
125,Hog_office_Merilyn,spike,2,5.400782307179359,0.0009391842440317045
125,Hog_office_Miriam,schedule,3,0.9724012495880641,0.007660173609849911
125,Hog_office_Miriam,spike,1,4.620663438455117,0.001299988197341616
125,Hog_office_Miriam,drift,1,0.9315767285728725,0.012514891244780871
125,Hog_office_Miriam,drift,3,5.31598420929634,0.0983364469207045
125,Hog_office_Miriam,drift,3,3.8073422919181765,0.05114820202518983
125,Hog_office_Miriam,spike,1,4.82386189876956,0.0013571565247139038
125,Hog_office_Napoleon,spike,1,12.527714498055412,0.0004883744110670966
125,Hog_office_Napoleon,schedule,3,1.6659346797170815,0.006234623829278647
125,Hog_office_Napoleon,schedule,2,1.3017015710446822,0.0023850107453684986
125,Hog_office_Napoleon,spike,1,9.573878972126487,0.00037322350420467346
125,Hog_office_Napoleon,spike,1,6.765242345940357,0.0005274659231638232
125,Hog_office_Napoleon,spike,2,17.49003784334913,0.0006818232433867112
125,Hog_office_Shawna,schedule,3,2.309550001660027,0.020395347116366015
125,Hog_office_Shawna,drift,2,1.954872651169029,0.019286271254181895
125,Hog_office_Shawna,spike,3,26.458926982625982,0.0018254333898559969
125,Hog_office_Shawna,drift,3,4.98586512487551,0.0822114275101174
125,Hog_office_Shawna,drift,1,0.8352507339078631,0.013772365165043075
125,Hog_office_Shawna,spike,3,32.5925146501938,0.002248597025151536
125,Hog_office_Shawnna,schedule,3,1.6822696559003871,0.015447802950196272
125,Hog_office_Shawnna,schedule,1,0.8154634241971375,0.005348691634672837
125,Hog_office_Shawnna,spike,1,5.335577706929735,0.0017498246396090251
125,Hog_office_Shawnna,schedule,3,1.6956410321532278,0.008758456024866537
125,Hog_office_Shawnna,schedule,2,0.9841488552625638,0.006455113243856758
125,Hog_office_Shawnna,schedule,1,0.7428213045020601,0.005846671200036219
125,Hog_office_Sherrie,schedule,2,0.40973109614915276,0.003110903956611021
125,Hog_office_Sherrie,schedule,2,0.3743173083863644,0.00378936398898798
125,Hog_office_Sherrie,drift,2,1.3074824103855285,0.01478728138688237
125,Hog_office_Sherrie,spike,1,13.810221711473888,0.0010922375311026998
125,Hog_office_Sherrie,schedule,3,0.4875575054340071,0.004318772364320549
125,Hog_office_Sherrie,spike,3,27.40047850087606,0.0021670782420505712
125,Hog_office_Shon,spike,3,15.598946802191362,0.0016182291229844758
125,Hog_office_Shon,spike,1,9.13834632498359,0.0004740043781971603
125,Hog_office_Shon,spike,1,10.9673692329877,0.000568875467055615
125,Hog_office_Shon,schedule,1,0.465622334807295,0.0019321397323858855
125,Hog_office_Shon,spike,2,11.956296417075206,0.0012403418840064254
125,Hog_office_Shon,schedule,3,1.071088348983692,0.004444572781981097
125,Hog_office_Sydney,schedule,2,0.9554851538336551,0.004152645999767182
125,Hog_office_Sydney,spike,1,4.738471352643201,0.000643560303783082
125,Hog_office_Sydney,schedule,2,1.05471223727897,0.005347881082240869
125,Hog_office_Sydney,spike,2,13.57606949356953,0.0006146158931324393
125,Hog_office_Sydney,spike,3,13.424426518903468,0.0018232521346361952
125,Hog_office_Sydney,schedule,2,1.0460128301435472,0.003030726312088759
125,Hog_office_Valda,spike,2,9.955299856465569,0.003085290666679669
125,Hog_office_Valda,schedule,2,0.8033363608769888,0.0049793099397372345
125,Hog_office_Valda,schedule,3,0.9771560647716476,0.01090205007180878
125,Hog_office_Valda,spike,1,10.335655809470394,0.0008007921123104644
125,Hog_office_Valda,drift,1,1.2088377399802888,0.02912796524199339
125,Hog_office_Valda,drift,3,3.7398851238681874,0.06925289160556412
125,Lamb_education_Armando,drift,2,0.7505322441335941,0.009118451076029498
125,Lamb_education_Armando,spike,3,44.34016032239705,0.00322576336421061
125,Lamb_education_Armando,spike,1,11.091139047217007,0.0032275381726850957
125,Lamb_education_Armando,drift,2,0.7630968033552349,0.006606354003947363
125,Lamb_education_Armando,schedule,2,2.8825415283913567,0.03019766139388839
125,Lamb_education_Armando,spike,3,22.261675216907726,0.006478181027629995
125,Lamb_education_Eula,spike,2,29.069096863274446,0.002893933558398895
125,Lamb_education_Eula,spike,2,25.778817639934736,0.0025663743808396083
125,Lamb_education_Eula,spike,3,40.26291246522585,0.004008318321344273
125,Lamb_education_Eula,drift,1,0.6305274437711671,0.019521869261870214
125,Lamb_education_Eula,spike,1,18.388795933984355,0.001830671035368109
125,Lamb_education_Eula,drift,1,0.19519758125142872,0.0027788652395669515
125,Lamb_education_Lazaro,schedule,2,2.4128338462803263,0.02393283725775955
125,Lamb_education_Lazaro,spike,1,11.229391281157202,0.002320500940297785
125,Lamb_education_Lazaro,spike,1,12.544330321105063,0.002592226913882244
125,Lamb_education_Lazaro,drift,1,0.35942613544801005,0.008875709768664898
125,Lamb_education_Lazaro,spike,2,18.055204174291937,0.005596534649302298
125,Lamb_education_Lazaro,spike,1,14.336389049329645,0.002962547429019327
125,Lamb_education_Lucas,spike,3,54.46746810077925,0.003816560957508557
125,Lamb_education_Lucas,schedule,3,4.753085075591217,0.026644071494057227
125,Lamb_education_Lucas,spike,3,54.76012627514215,0.0038370676526261354
125,Lamb_education_Lucas,spike,1,24.916371035235752,0.0017459017687388584
125,Lamb_education_Lucas,spike,2,21.31335793489701,0.002986873912230532
125,Lamb_education_Lucas,drift,3,2.4711060566592487,0.0372275847163592
125,Lamb_education_Mae,spike,2,9.106180338616499,0.0016866726317971358
125,Lamb_education_Mae,schedule,1,1.0558972837138165,0.012516883148481005
125,Lamb_education_Mae,schedule,2,1.4261265586574525,0.014660392648936565
125,Lamb_education_Mae,spike,1,10.669607108905106,0.0009881274932752187
125,Lamb_education_Mae,schedule,1,1.0213958961177734,0.0045404604964548664
125,Lamb_education_Mae,spike,1,10.376054232153573,0.0009609411437416802
125,Lamb_education_Williams,drift,2,1.4721132370843009,0.01005426804680485
125,Lamb_education_Williams,spike,1,23.193222685497055,0.0028456083259020917
125,Lamb_education_Williams,schedule,2,7.646241558980865,0.040026789204095393
125,Lamb_education_Williams,drift,3,1.8487100935235607,0.00899722422898902
125,Lamb_education_Williams,schedule,3,11.621730099531211,0.06083780342179358
125,Lamb_education_Williams,schedule,1,5.188387827979207,0.01697521130951051
125,Lamb_office_Caitlin,drift,2,1.0450094079422145,0.07786816907567067
125,Lamb_office_Caitlin,spike,3,39.40489771811224,0.018882503509579717
125,Lamb_office_Caitlin,schedule,2,3.5447023148309302,0.05435495201963798
125,Lamb_office_Caitlin,spike,1,16.272996934615403,0.007797886545154466
125,Lamb_office_Caitlin,spike,3,33.02000259236812,0.02373437126890958
125,Lamb_office_Caitlin,drift,1,0.3663476535622664,0.02519153810947061
125,Lamb_office_Velma,drift,1,0.721772554079611,0.00935848567314012
125,Lamb_office_Velma,schedule,1,1.1999765376676217,0.009123524155644502
125,Lamb_office_Velma,drift,1,0.7574936471793103,0.011055777853719055
125,Lamb_office_Velma,spike,2,8.955140529113011,0.001823750857305993
125,Lamb_office_Velma,spike,3,25.282656966298134,0.0017163053692404976
125,Lamb_office_Velma,schedule,2,1.7222551992403525,0.011223817242052023
125,Rat_retail_Jeffrey,drift,1,0.5196535521885793,0.018864866603631444
125,Rat_retail_Jeffrey,spike,3,8.64558943134189,0.005252868589005613
125,Rat_retail_Jeffrey,schedule,1,0.3734768445353158,0.005445990145963238
125,Rat_retail_Jeffrey,spike,2,6.4959070272528505,0.002960076891072759
125,Rat_retail_Jeffrey,spike,1,4.664977657588755,0.002834337068693949
125,Rat_retail_Jeffrey,schedule,2,0.6729935011820614,0.014720253863241448
125,Robin_education_Zenia,drift,1,1.0062369397518989,0.00488940764998354
125,Robin_education_Zenia,schedule,3,1.0573886900106073,0.00398820609845263
125,Robin_education_Zenia,drift,2,2.2787252986957003,0.01107255803031928
125,Robin_education_Zenia,drift,2,2.7107922735548176,0.01759339121635427
125,Robin_education_Zenia,spike,1,2.936519026947311,0.0003991285222417213
125,Robin_education_Zenia,spike,3,9.855273885011165,0.0006697591375903778
125,Robin_office_Dina,schedule,3,0.9213600358861109,0.004317801671217813
125,Robin_office_Dina,schedule,2,0.6058472365022967,0.00340704364207392
125,Robin_office_Dina,schedule,2,0.7387595276008374,0.002769659632423885
125,Robin_office_Dina,spike,2,12.134025041846012,0.0007108013095268125
125,Robin_office_Dina,schedule,3,0.9535414085299828,0.004468614360255445
125,Robin_office_Dina,drift,1,1.7026455057215437,0.028625261677270555
125,Robin_office_Sammie,drift,2,1.4302856665088857,0.02372501394641783
125,Robin_office_Sammie,schedule,2,0.6122325463751305,0.005837875984303178
125,Robin_office_Sammie,spike,2,8.017855256651519,0.000796389326203853
125,Robin_office_Sammie,spike,1,2.2497753343021256,0.0008938535332667911
125,Robin_office_Sammie,spike,2,5.73150535013913,0.0011385862023748602
125,Robin_office_Sammie,spike,3,6.849345432250852,0.0020409743325819595
125,Shrew_office_Doris,spike,2,17.49149184559038,0.0012607142349865539
125,Shrew_office_Doris,drift,1,1.3136953038070127,0.0037558666000441746
125,Shrew_office_Doris,drift,2,6.863004827057039,0.04336492531329373
125,Shrew_office_Doris,spike,2,21.867759095202636,0.0010507582933062323
125,Shrew_office_Doris,spike,2,19.00127119903038,0.00136953287317781
125,Shrew_office_Doris,spike,1,12.427025225335004,0.0008956884717678596
125,Shrew_office_Ila,schedule,1,0.9068366828575384,0.005419709170209378
125,Shrew_office_Ila,spike,2,10.714296329943178,0.001334041435129986
125,Shrew_office_Ila,schedule,1,1.18620867633971,0.007089375807650496
125,Shrew_office_Ila,drift,2,3.2074212172420262,0.025425750179715715
125,Shrew_office_Ila,spike,2,11.04427206732209,0.0018335024662304964
125,Shrew_office_Ila,spike,1,5.784959447547821,0.0007202876760098341
125,Shrew_office_Kenneth,spike,3,12.590610638250359,0.002083287210685488
125,Shrew_office_Kenneth,spike,2,5.721105826501463,0.002839903546009027
125,Shrew_office_Kenneth,schedule,2,0.41813195173168716,0.004358692780224523
125,Shrew_office_Kenneth,schedule,1,0.33877692219609673,0.003587534995094904
125,Shrew_office_Kenneth,schedule,1,0.23460236186314276,0.001863270771943478
125,Shrew_office_Kenneth,spike,2,4.371717130742927,0.002893439452266953
125,Shrew_office_Nora,drift,1,2.3248743129118874,0.02333151949002243
125,Shrew_office_Nora,schedule,2,3.6001396820275064,0.0080567701344894
125,Shrew_office_Nora,spike,1,13.829558036193646,0.0014507454050423868
125,Shrew_office_Nora,schedule,1,3.0754067725050036,0.010323701699611765
125,Shrew_office_Nora,spike,1,21.642543493170542,0.0007567805238599632
125,Shrew_office_Nora,schedule,2,3.9583410669004926,0.00664379306915524
125,Shrew_office_Sherill,drift,1,2.201307264733656,0.019983448107454543
125,Shrew_office_Sherill,schedule,3,4.436192376384563,0.01571579145979213
125,Shrew_office_Sherill,schedule,3,4.976149721373902,0.015110280810722179
125,Shrew_office_Sherill,spike,2,35.776021571469094,0.0011316181571596389
125,Shrew_office_Sherill,drift,3,5.752898960039471,0.030388627180980017
125,Shrew_office_Sherill,spike,3,31.243901512308458,0.001976528674727311
125,Wolf_office_Darleen,drift,1,0.9486979850944937,0.005616161175831701
125,Wolf_office_Darleen,schedule,3,7.463798911275251,0.029610662026333348
125,Wolf_office_Darleen,schedule,1,3.406443453615564,0.010135627347668479
125,Wolf_office_Darleen,schedule,3,6.775359295590458,0.013439729325078174
125,Wolf_office_Darleen,spike,1,12.88289634591435,0.001597172122709532
125,Wolf_office_Darleen,schedule,2,5.564016945630941,0.019314554001094438
125,Wolf_retail_Harriett,schedule,2,0.9245722248521134,0.010694906445219341
125,Wolf_retail_Harriett,drift,1,0.8503459020400177,0.02389913540085745
125,Wolf_retail_Harriett,drift,3,2.1192431712665454,0.03657971666896476
125,Wolf_retail_Harriett,drift,3,1.7997594737084317,0.023258231203178305
125,Wolf_retail_Harriett,schedule,2,1.0195778209602677,0.01326810957018708
125,Wolf_retail_Harriett,drift,2,1.2789153506569935,0.019301206133571756
125,Wolf_retail_Marcella,drift,2,0.9011772596580497,0.013109590529652947
125,Wolf_retail_Marcella,spike,2,11.904443228672644,0.0012110217790068341
125,Wolf_retail_Marcella,drift,1,0.42114584887274875,0.007154707124851777
125,Wolf_retail_Marcella,drift,2,1.1491325472518197,0.022327821835642428
125,Wolf_retail_Marcella,spike,3,17.602635929862153,0.0017906906748605795
125,Wolf_retail_Marcella,spike,1,5.654006952324663,0.0017255218307302596
125,Wolf_retail_Toshia,drift,1,0.17756464642739267,0.0018101851835313754
125,Wolf_retail_Toshia,spike,3,33.96029081238877,0.0029093163264343903
125,Wolf_retail_Toshia,spike,1,17.795378907540844,0.001524497734039077
125,Wolf_retail_Toshia,drift,2,1.2508412928770622,0.03075414446173598
125,Wolf_retail_Toshia,schedule,3,4.420212011340654,0.018176233001449067
125,Wolf_retail_Toshia,schedule,3,4.33032086232964,0.023742125419263745
