n_events,tp_events,precision,recall,f1,detection_delay_h,detection_rate,false_alarm_rate,model,building_id,seed,btype
6,0,0.0,0.0,0.0,,0.0,0.0,PatchTST-transductive,Fox_education_Henrietta,124,education
6,0,0.0,0.0,0.0,,0.0,0.0,PatchTST-transductive,Fox_retail_Manie,124,retail
6,0,0.0,0.0,0.0,,0.0,0.0,PatchTST-transductive,Hog_education_Bruno,124,education
6,0,0.0,0.0,0.0,,0.0,0.0,PatchTST-transductive,Hog_education_Caridad,124,education
6,0,0.0,0.0,0.0,,0.0,0.0,PatchTST-transductive,Hog_education_Josh,124,education
6,0,0.0,0.0,0.0,,0.0,0.0,PatchTST-transductive,Hog_education_Luvenia,124,education
6,0,0.0,0.0,0.0,,0.0,0.0,PatchTST-transductive,Hog_office_Almeda,124,office
6,0,0.0,0.0,0.0,,0.0,0.0,PatchTST-transductive,Hog_office_Cortney,124,office
6,0,0.0,0.0,0.0,,0.0,0.0,PatchTST-transductive,Hog_office_Denita,124,office
6,0,0.0,0.0,0.0,,0.0,0.0,PatchTST-transductive,Hog_office_Garrett,124,office
6,0,0.0,0.0,0.0,,0.0,0.0,PatchTST-transductive,Hog_office_Lavon,124,office
6,0,0.0,0.0,0.0,,0.0,0.0,PatchTST-transductive,Hog_office_Merilyn,124,office
6,0,0.0,0.0,0.0,,0.0,0.0,PatchTST-transductive,Hog_office_Miriam,124,office
6,0,0.0,0.0,0.0,,0.0,0.0,PatchTST-transductive,Hog_office_Napoleon,124,office
6,0,0.0,0.0,0.0,,0.0,0.0,PatchTST-transductive,Hog_office_Shawna,124,office
6,0,0.0,0.0,0.0,,0.0,0.0,PatchTST-transductive,Hog_office_Shawnna,124,office
6,0,0.0,0.0,0.0,,0.0,0.0,PatchTST-transductive,Hog_office_Sherrie,124,office
6,0,0.0,0.0,0.0,,0.0,0.0,PatchTST-transductive,Hog_office_Shon,124,office
6,0,0.0,0.0,0.0,,0.0,0.0,PatchTST-transductive,Hog_office_Sydney,124,office
6,0,0.0,0.0,0.0,,0.0,0.0,PatchTST-transductive,Hog_office_Valda,124,office
6,0,0.0,0.0,0.0,,0.0,0.0,PatchTST-transductive,Lamb_education_Armando,124,education
6,0,0.0,0.0,0.0,,0.0,0.0,PatchTST-transductive,Lamb_education_Eula,124,education
6,0,0.0,0.0,0.0,,0.0,0.0,PatchTST-transductive,Lamb_education_Lazaro,124,education
6,0,0.0,0.0,0.0,,0.0,0.0,PatchTST-transductive,Lamb_education_Lucas,124,education
6,0,0.0,0.0,0.0,,0.0,0.0,PatchTST-transductive,Lamb_education_Mae,124,education
6,0,0.0,0.0,0.0,,0.0,0.0,PatchTST-transductive,Lamb_education_Williams,124,education
6,0,0.0,0.0,0.0,,0.0,0.0,PatchTST-transductive,Lamb_office_Caitlin,124,office
6,0,0.0,0.0,0.0,,0.0,0.0,PatchTST-transductive,Lamb_office_Velma,124,office
6,0,0.0,0.0,0.0,,0.0,0.0,PatchTST-transductive,Rat_retail_Jeffrey,124,retail
6,0,0.0,0.0,0.0,,0.0,0.0,PatchTST-transductive,Robin_education_Zenia,124,education
6,0,0.0,0.0,0.0,,0.0,0.0,PatchTST-transductive,Robin_office_Dina,124,office
6,0,0.0,0.0,0.0,,0.0,0.0,PatchTST-transductive,Robin_office_Sammie,124,office
6,0,0.0,0.0,0.0,,0.0,0.0,PatchTST-transductive,Shrew_office_Doris,124,office
6,0,0.0,0.0,0.0,,0.0,0.0,PatchTST-transductive,Shrew_office_Ila,124,office
6,0,0.0,0.0,0.0,,0.0,0.0,PatchTST-transductive,Shrew_office_Kenneth,124,office
6,0,0.0,0.0,0.0,,0.0,0.0,PatchTST-transductive,Shrew_office_Nora,124,office
6,0,0.0,0.0,0.0,,0.0,0.0,PatchTST-transductive,Shrew_office_Sherill,124,office
6,0,0.0,0.0,0.0,,0.0,0.0,PatchTST-transductive,Wolf_office_Darleen,124,office
6,0,0.0,0.0,0.0,,0.0,0.0,PatchTST-transductive,Wolf_retail_Harriett,124,retail
6,0,0.0,0.0,0.0,,0.0,0.0,PatchTST-transductive,Wolf_retail_Marcella,124,retail
6,0,0.0,0.0,0.0,,0.0,0.0,PatchTST-transductive,Wolf_retail_Toshia,124,retail
