start,end,type,severity,severity_name,injected_excess_kwh,building_id
117,120,spike,3,obvious,446.66297034593725,B01
384,386,spike,1,subtle,161.51924581459897,B01
545,761,drift,3,obvious,9788.514742573727,B01
1085,1157,schedule,3,obvious,122.80031219676852,B01
467,471,spike,3,obvious,668.5576761272047,B01
2027,2030,spike,2,moderate,289.1322690530844,B01
1084,1180,schedule,3,obvious,94.1537100437689,B02
29,221,drift,1,subtle,1913.8504926186506,B02
2008,2010,spike,3,obvious,381.2386561611365,B02
1685,1925,drift,3,obvious,12889.814675688776,B02
1598,1600,spike,3,obvious,352.5836395299878,B02
6,8,spike,1,subtle,147.1865303466069,B02
863,1031,drift,2,moderate,3075.7052682314743,B03
582,583,spike,2,moderate,241.359130488932,B03
1478,1718,drift,2,moderate,5861.04866873812,B03
1245,1437,drift,2,moderate,4648.021995004202,B03
662,664,spike,2,moderate,182.66849909426097,B03
153,369,schedule,3,obvious,2240.154458408324,B03
1963,1965,spike,1,subtle,138.47042688987196,B04
1614,1782,drift,3,obvious,4039.666976542712,B04
281,425,schedule,1,subtle,14.141967743016345,B04
1908,1911,spike,1,subtle,178.3938463762024,B04
469,733,drift,1,subtle,1786.5842425480723,B04
1111,1255,drift,3,obvious,3072.520137351422,B04
311,455,drift,3,obvious,2666.2973444038344,B05
1140,1144,spike,2,moderate,427.27253370146207,B05
477,480,spike,1,subtle,256.39702030475837,B05
69,237,drift,3,obvious,4445.696461210015,B05
529,721,drift,1,subtle,1523.8314875263718,B05
763,765,spike,1,subtle,166.9713397497983,B05
1425,1428,spike,1,subtle,231.28747829453073,B06
398,662,drift,2,moderate,7000.2932106408325,B06
280,284,spike,1,subtle,222.94385883917084,B06
193,194,spike,3,obvious,363.0729946114684,B06
947,1067,schedule,2,moderate,3.546777149379579,B06
1301,1373,schedule,3,obvious,225.57706303412212,B06
463,535,schedule,2,moderate,752.7083544653848,B07
166,358,schedule,1,subtle,827.0174087077648,B07
626,818,schedule,1,subtle,541.5949216354948,B07
870,1086,schedule,2,moderate,2032.4169846346267,B07
1613,1925,drift,3,obvious,25043.75905812206,B07
588,591,spike,1,subtle,328.7865741733514,B07
872,992,drift,1,subtle,678.8047775321786,B08
387,388,spike,1,subtle,94.12495120760043,B08
1985,2177,schedule,3,obvious,375.3391704599143,B08
732,735,spike,2,moderate,219.12051494132828,B08
1415,1679,drift,3,obvious,14695.931228547826,B08
1116,1117,spike,3,obvious,259.89113751665917,B08
