n_events,tp_events,precision,recall,f1,detection_delay_h,detection_rate,false_alarm_rate,model,building_id,seed,btype,seen,waste_est_kwh,waste_true_kwh,waste_error_mean,waste_error_total
6,5,0.3448275862068966,0.8333333333333334,0.4878048780487806,25.8,0.8333333333333334,0.01216931216931217,IsolationForest,B01,123,office,True,,,,
6,5,0.2413793103448276,0.8333333333333334,0.37433155080213903,51.4,0.8333333333333334,0.01932367149758454,IsolationForest,B02,123,office,True,,,,
6,6,0.5,1.0,0.6666666666666666,40.0,1.0,0.020423048869438368,IsolationForest,B03,123,office,True,,,,
6,6,0.4838709677419355,1.0,0.6521739130434783,23.166666666666668,1.0,0.01616915422885572,IsolationForest,B04,123,office,True,,,,
6,6,0.425,1.0,0.5964912280701754,54.0,1.0,0.022659511031604056,IsolationForest,B05,123,office,True,,,,
6,6,0.40625,1.0,0.5777777777777777,31.0,1.0,0.014484356894553883,IsolationForest,B06,123,office,True,,,,
6,6,0.4,1.0,0.5714285714285715,46.5,1.0,0.03408146300914381,IsolationForest,B07,123,retail,False,,,,
6,6,0.25,1.0,0.4,12.166666666666666,1.0,0.03418272218769422,IsolationForest,B08,123,retail,False,,,,
6,5,0.23076923076923078,0.8333333333333334,0.3614457831325301,22.4,0.8333333333333334,0.026984126984126985,OC-SVM,B01,123,office,True,,,,
6,6,0.5,1.0,0.6666666666666666,35.333333333333336,1.0,0.012681159420289856,OC-SVM,B02,123,office,True,,,,
6,6,0.5,1.0,0.6666666666666666,42.5,1.0,0.024799416484318017,OC-SVM,B03,123,office,True,,,,
6,6,0.4230769230769231,1.0,0.5945945945945945,33.0,1.0,0.0236318407960199,OC-SVM,B04,123,office,True,,,,
6,6,0.7692307692307693,1.0,0.8695652173913044,64.83333333333333,1.0,0.0017889087656529517,OC-SVM,B05,123,office,True,,,,
6,3,0.6363636363636364,0.5,0.56,49.0,0.5,0.002317497103128621,OC-SVM,B06,123,office,True,,,,
6,4,0.8333333333333334,0.6666666666666666,0.7407407407407408,112.5,0.6666666666666666,0.0016625103906899418,OC-SVM,B07,123,retail,False,,,,
6,6,0.5666666666666667,1.0,0.7234042553191489,22.5,1.0,0.009944064636420136,OC-SVM,B08,123,retail,False,,,,
6,6,0.125,1.0,0.2222222222222222,2.8333333333333335,1.0,0.16084656084656085,Autoencoder,B01,123,office,True,,,,
6,6,0.24509803921568626,1.0,0.39370078740157477,7.833333333333333,1.0,0.12560386473429952,Autoencoder,B02,123,office,True,,,,
6,6,0.45622119815668205,1.0,0.6265822784810128,6.5,1.0,0.12472647702407003,Autoencoder,B03,123,office,True,,,,
6,6,0.3128205128205128,1.0,0.4765625,5.0,1.0,0.12313432835820895,Autoencoder,B04,123,office,True,,,,
6,6,0.2669683257918552,1.0,0.42142857142857143,9.5,1.0,0.13714967203339296,Autoencoder,B05,123,office,True,,,,
6,6,0.24528301886792453,1.0,0.393939393939394,2.5,1.0,0.1425260718424102,Autoencoder,B06,123,office,True,,,,
6,6,0.41089108910891087,1.0,0.5824561403508772,8.333333333333334,1.0,0.1662510390689942,Autoencoder,B07,123,retail,False,,,,
6,6,0.26778242677824265,1.0,0.4224422442244224,2.3333333333333335,1.0,0.20198881292728402,Autoencoder,B08,123,retail,False,,,,
6,4,0.4444444444444444,0.6666666666666666,0.5333333333333333,10.75,0.6666666666666666,0.20793650793650795,LSTM-AE,B01,123,office,True,,,,
6,1,0.14285714285714285,0.16666666666666666,0.15384615384615383,44.0,0.16666666666666666,0.14553140096618358,LSTM-AE,B02,123,office,True,,,,
6,0,0.0,0.0,0.0,,0.0,0.06491611962071481,LSTM-AE,B03,123,office,True,,,,
6,3,0.375,0.5,0.42857142857142855,97.66666666666667,0.5,0.20398009950248755,LSTM-AE,B04,123,office,True,,,,
6,3,0.3,0.5,0.37499999999999994,0.0,0.5,0.24925462134764462,LSTM-AE,B05,123,office,True,,,,
6,3,0.2727272727272727,0.5,0.3529411764705882,23.666666666666668,0.5,0.21784472769409038,LSTM-AE,B06,123,office,True,,,,
6,1,1.0,0.16666666666666666,0.2857142857142857,91.0,0.16666666666666666,0.015793848711554447,LSTM-AE,B07,123,retail,False,,,,
6,3,1.0,0.5,0.6666666666666666,83.33333333333333,0.5,0.044748290863890615,LSTM-AE,B08,123,retail,False,,,,
6,5,0.625,0.8333333333333334,0.7142857142857143,20.6,0.8333333333333334,0.005291005291005291,PatchTST-SSL,B01,123,office,True,7097.069468211571,7753.420149206843,0.9202590000780292,0.08465305224848617
6,4,0.8888888888888888,0.6666666666666666,0.761904761904762,29.0,0.6666666666666666,0.0006038647342995169,PatchTST-SSL,B02,123,office,True,9016.231759038932,11166.95730921575,0.4723506013330662,0.1925972752131764
6,5,1.0,0.8333333333333334,0.9090909090909091,67.8,0.8333333333333334,0.0,PatchTST-SSL,B03,123,office,True,11391.195650917496,13071.098483674301,0.09912555085829666,0.12852040208058949
6,5,1.0,0.8333333333333334,0.9090909090909091,49.0,0.8333333333333334,0.021766169154228857,PatchTST-SSL,B04,123,office,True,11524.053102997848,11081.563573835228,0.3690231874553062,0.03993024325623015
6,6,1.0,1.0,1.0,59.333333333333336,1.0,0.0,PatchTST-SSL,B05,123,office,True,13403.221318440937,11691.220483189461,0.327427187833978,0.14643474030047784
6,4,0.7777777777777778,0.6666666666666666,0.717948717948718,39.5,0.6666666666666666,0.0011587485515643105,PatchTST-SSL,B06,123,office,True,4555.558889636254,6916.664494928653,1.6404478898392993,0.34136477300924134
6,3,0.8333333333333334,0.5,0.625,15.666666666666666,0.5,0.011637572734829594,PatchTST-SSL,B07,123,retail,False,22241.923401484826,26360.125356341192,22.72974284324947,0.15622846626052525
6,5,0.6153846153846154,0.8333333333333334,0.7079646017699115,18.0,0.8333333333333334,0.0037290242386575512,PatchTST-SSL,B08,123,retail,False,10667.189392652394,15922.686409552987,0.2099286841732436,0.33006346301887235
6,6,0.39285714285714285,1.0,0.5641025641025641,55.5,1.0,0.011056511056511056,IsolationForest,B01,124,office,True,,,,
6,6,0.29411764705882354,1.0,0.45454545454545453,8.0,1.0,0.035983749274521186,IsolationForest,B02,124,office,True,,,,
6,5,0.56,0.8333333333333334,0.6698564593301435,100.0,0.8333333333333334,0.010023130300693909,IsolationForest,B03,124,office,True,,,,
6,5,0.7666666666666667,0.8333333333333334,0.7986111111111112,64.6,0.8333333333333334,0.00529500756429652,IsolationForest,B04,124,office,True,,,,
6,6,0.5555555555555556,1.0,0.7142857142857143,36.666666666666664,1.0,0.015022860875244938,IsolationForest,B05,124,office,True,,,,
6,6,0.4,1.0,0.5714285714285715,18.666666666666668,1.0,0.017231795441912175,IsolationForest,B06,124,office,True,,,,
6,6,0.4915254237288136,1.0,0.6590909090909091,26.5,1.0,0.04236006051437216,IsolationForest,B07,124,retail,False,,,,
6,6,0.08823529411764706,1.0,0.1621621621621622,1.0,1.0,0.043698252069917204,IsolationForest,B08,124,retail,False,,,,
6,6,0.2807017543859649,1.0,0.4383561643835616,21.5,1.0,0.04668304668304668,OC-SVM,B01,124,office,True,,,,
6,5,0.35714285714285715,0.8333333333333334,0.5,4.0,0.8333333333333334,0.01625072547881602,OC-SVM,B02,124,office,True,,,,
6,5,0.5087719298245614,0.8333333333333334,0.6318082788671026,48.0,0.8333333333333334,0.029298380878951428,OC-SVM,B03,124,office,True,,,,
6,6,0.7878787878787878,1.0,0.8813559322033898,49.333333333333336,1.0,0.01739788199697428,OC-SVM,B04,124,office,True,,,,
6,6,0.7105263157894737,1.0,0.8307692307692308,33.833333333333336,1.0,0.007184846505551927,OC-SVM,B05,124,office,True,,,,
6,5,0.5,0.8333333333333334,0.625,26.2,0.8333333333333334,0.006114508060033352,OC-SVM,B06,124,office,True,,,,
6,4,0.3953488372093023,0.6666666666666666,0.49635036496350365,54.25,0.6666666666666666,0.02193645990922844,OC-SVM,B07,124,retail,False,,,,
6,6,0.2857142857142857,1.0,0.4444444444444445,1.1666666666666667,1.0,0.0068997240110395585,OC-SVM,B08,124,retail,False,,,,
6,6,0.2846975088967972,1.0,0.443213296398892,1.6666666666666667,1.0,0.16339066339066338,Autoencoder,B01,124,office,True,,,,
6,6,0.2517482517482518,1.0,0.40223463687150846,1.8333333333333333,1.0,0.17411491584445735,Autoencoder,B02,124,office,True,,,,
6,6,0.4458874458874459,1.0,0.6167664670658682,7.333333333333333,1.0,0.1264456437933693,Autoencoder,B03,124,office,True,,,,
6,6,0.463519313304721,1.0,0.6334310850439883,8.833333333333334,1.0,0.12783661119515885,Autoencoder,B04,124,office,True,,,,
6,6,0.3008849557522124,1.0,0.46258503401360546,5.166666666666667,1.0,0.1325930764206401,Autoencoder,B05,124,office,True,,,,
6,6,0.19330855018587362,1.0,0.32398753894081,8.333333333333334,1.0,0.18454697053918845,Autoencoder,B06,124,office,True,,,,
6,6,0.37751004016064255,1.0,0.5481049562682215,2.6666666666666665,1.0,0.2481089258698941,Autoencoder,B07,124,retail,False,,,,
6,6,0.022641509433962263,1.0,0.04428044280442804,1.0,1.0,0.21527138914443422,Autoencoder,B08,124,retail,False,,,,
6,2,0.2857142857142857,0.3333333333333333,0.30769230769230765,1.0,0.3333333333333333,0.16031941031941033,LSTM-AE,B01,124,office,True,,,,
6,4,0.3,0.6666666666666666,0.41379310344827586,69.5,0.6666666666666666,0.2542077771329077,LSTM-AE,B02,124,office,True,,,,
6,3,0.6666666666666666,0.5,0.5714285714285715,85.0,0.5,0.06553585196607556,LSTM-AE,B03,124,office,True,,,,
6,2,0.2857142857142857,0.3333333333333333,0.30769230769230765,144.5,0.3333333333333333,0.20196671709531014,LSTM-AE,B04,124,office,True,,,,
6,1,0.3333333333333333,0.16666666666666666,0.2222222222222222,238.0,0.16666666666666666,0.051600261267145654,LSTM-AE,B05,124,office,True,,,,
6,1,0.2,0.16666666666666666,0.1818181818181818,82.0,0.16666666666666666,0.10672595886603668,LSTM-AE,B06,124,office,True,,,,
6,0,0.0,0.0,0.0,,0.0,0.0,LSTM-AE,B07,124,retail,False,,,,
6,4,0.6,0.6666666666666666,0.631578947368421,0.0,0.6666666666666666,0.12695492180312787,LSTM-AE,B08,124,retail,False,,,,
6,5,0.7142857142857143,0.8333333333333334,0.7692307692307692,41.2,0.8333333333333334,0.0042997542997543,PatchTST-SSL,B01,124,office,True,6867.785492772064,4896.021984445873,1.9399737370576755,0.4027276663769622
6,6,0.45161290322580644,1.0,0.6222222222222222,12.333333333333334,1.0,0.01625072547881602,PatchTST-SSL,B02,124,office,True,5906.172803681504,3500.0561538280936,1.9921761680556227,0.6874508705301153
6,4,0.896551724137931,0.6666666666666666,0.7647058823529411,47.5,0.6666666666666666,0.002313030069390902,PatchTST-SSL,B03,124,office,True,17699.60607093392,14477.434981121243,83.32402051576882,0.2225650534099742
6,5,0.8695652173913043,0.8333333333333334,0.851063829787234,78.0,0.8333333333333334,0.0022692889561270802,PatchTST-SSL,B04,124,office,True,11034.451014142584,11687.78472907634,6.755807013159846,0.055898849104263765
6,5,0.7857142857142857,0.8333333333333334,0.8088235294117647,29.0,0.8333333333333334,0.003919007184846506,PatchTST-SSL,B05,124,office,True,16743.43856776489,22580.32168289445,0.13863524262279422,0.25849424100770213
6,5,0.7307692307692307,0.8333333333333334,0.7786885245901639,14.8,0.8333333333333334,0.007782101167315175,PatchTST-SSL,B06,124,office,True,3385.874689268276,3715.0692532327735,0.4963981288418655,0.08861061302640301
6,5,0.9565217391304348,0.8333333333333334,0.8906882591093118,51.6,0.8333333333333334,0.0007564296520423601,PatchTST-SSL,B07,124,retail,False,12954.611155191957,16275.188447757435,2.078648792896019,0.2040269643097756
6,6,0.2,1.0,0.33333333333333337,0.6666666666666666,1.0,0.014719411223551058,PatchTST-SSL,B08,124,retail,False,2268.7206669872307,2339.438758552347,0.04408761133999781,0.030228656897552938
6,6,0.391304347826087,1.0,0.5625,76.33333333333333,1.0,0.01112565445026178,IsolationForest,B01,125,office,True,,,,
6,5,0.375,0.8333333333333334,0.5172413793103448,47.0,0.8333333333333334,0.009334163036714374,IsolationForest,B02,125,office,True,,,,
6,6,0.5555555555555556,1.0,0.7142857142857143,54.0,1.0,0.011067708333333334,IsolationForest,B03,125,office,True,,,,
6,6,0.4375,1.0,0.6086956521739131,50.0,1.0,0.007168458781362007,IsolationForest,B04,125,office,True,,,,
6,4,0.6666666666666666,0.6666666666666666,0.6666666666666666,18.5,0.6666666666666666,0.0061312078479460455,IsolationForest,B05,125,office,True,,,,
6,6,0.6511627906976745,1.0,0.7887323943661972,21.166666666666668,1.0,0.014840989399293287,IsolationForest,B06,125,office,True,,,,
6,6,0.3114754098360656,1.0,0.475,19.5,1.0,0.04286553141514973,IsolationForest,B07,125,retail,False,,,,
6,6,0.31666666666666665,1.0,0.4810126582278481,52.0,1.0,0.04424202992843201,IsolationForest,B08,125,retail,False,,,,
6,4,0.8947368421052632,0.6666666666666666,0.7640449438202247,86.25,0.6666666666666666,0.0013089005235602095,OC-SVM,B01,125,office,True,,,,
6,6,0.39473684210526316,1.0,0.5660377358490566,67.0,1.0,0.016801493466085875,OC-SVM,B02,125,office,True,,,,
6,6,0.6666666666666666,1.0,0.8,38.166666666666664,1.0,0.007161458333333333,OC-SVM,B03,125,office,True,,,,
6,2,0.14285714285714285,0.3333333333333333,0.2,1.5,0.3333333333333333,0.023655913978494623,OC-SVM,B04,125,office,True,,,,
6,5,0.4626865671641791,0.8333333333333334,0.5950095969289828,29.0,0.8333333333333334,0.036174126302881665,OC-SVM,B05,125,office,True,,,,
6,6,0.52,1.0,0.6842105263157895,38.166666666666664,1.0,0.019081272084805655,OC-SVM,B06,125,office,True,,,,
6,4,0.6875,0.6666666666666666,0.676923076923077,28.5,0.6666666666666666,0.002935995302407516,OC-SVM,B07,125,retail,False,,,,
6,6,0.5757575757575758,1.0,0.7307692307692308,51.833333333333336,1.0,0.011060507482108002,OC-SVM,B08,125,retail,False,,,,
6,6,0.3179916317991632,1.0,0.48253968253968255,2.0,1.0,0.1531413612565445,Autoencoder,B01,125,office,True,,,,
6,6,0.27941176470588236,1.0,0.4367816091954023,15.166666666666666,1.0,0.1655258245177349,Autoencoder,B02,125,office,True,,,,
6,6,0.32945736434108525,1.0,0.4956268221574344,4.0,1.0,0.15494791666666666,Autoencoder,B03,125,office,True,,,,
6,6,0.3895582329317269,1.0,0.5606936416184971,3.5,1.0,0.16129032258064516,Autoencoder,B04,125,office,True,,,,
6,6,0.29554655870445345,1.0,0.45625,4.333333333333333,1.0,0.14714898835070508,Autoencoder,B05,125,office,True,,,,
6,6,0.4263565891472868,1.0,0.5978260869565217,2.5,1.0,0.1469964664310954,Autoencoder,B06,125,office,True,,,,
6,6,0.18614718614718614,1.0,0.31386861313868614,6.333333333333333,1.0,0.2348796241926013,Autoencoder,B07,125,retail,False,,,,
6,6,0.29545454545454547,1.0,0.456140350877193,3.5,1.0,0.20949902407286922,Autoencoder,B08,125,retail,False,,,,
6,1,0.3333333333333333,0.16666666666666666,0.2222222222222222,0.0,0.16666666666666666,0.09096858638743456,LSTM-AE,B01,125,office,True,,,,
6,2,0.2857142857142857,0.3333333333333333,0.30769230769230765,0.0,0.3333333333333333,0.22028624766645924,LSTM-AE,B02,125,office,True,,,,
6,1,0.125,0.16666666666666666,0.14285714285714288,2.0,0.16666666666666666,0.20703125,LSTM-AE,B03,125,office,True,,,,
6,4,0.45454545454545453,0.6666666666666666,0.5405405405405405,3.25,0.6666666666666666,0.23010752688172043,LSTM-AE,B04,125,office,True,,,,
6,4,0.5,0.6666666666666666,0.5714285714285715,46.25,0.6666666666666666,0.17841814837522993,LSTM-AE,B05,125,office,True,,,,
6,1,0.16666666666666666,0.16666666666666666,0.16666666666666666,0.0,0.16666666666666666,0.2183745583038869,LSTM-AE,B06,125,office,True,,,,
6,2,0.6666666666666666,0.3333333333333333,0.4444444444444444,0.0,0.3333333333333333,0.09453904873752202,LSTM-AE,B07,125,retail,False,,,,
6,2,0.6666666666666666,0.3333333333333333,0.4444444444444444,82.5,0.3333333333333333,0.10279765777488614,LSTM-AE,B08,125,retail,False,,,,
6,3,0.9230769230769231,0.5,0.6486486486486487,157.33333333333334,0.5,0.0006544502617801048,PatchTST-SSL,B01,125,office,True,7295.99319434605,11441.668289778807,0.6292261766447672,0.36233134805491746
6,5,0.9166666666666666,0.8333333333333334,0.8730158730158729,58.4,0.8333333333333334,0.0006222775357809583,PatchTST-SSL,B02,125,office,True,10695.375848010935,9853.526383882194,1.1106307302802396,0.0854363637271818
6,4,1.0,0.6666666666666666,0.8,18.0,0.6666666666666666,0.0,PatchTST-SSL,B03,125,office,True,8222.17465375897,7258.376802810504,4.3346804971525446,0.13278421293522197
6,3,0.75,0.5,0.6,26.0,0.5,0.002150537634408602,PatchTST-SSL,B04,125,office,True,5023.142572139001,1241.9593968236334,85.79692525126795,3.0445304290831987
6,4,0.8823529411764706,0.6666666666666666,0.7594936708860759,25.25,0.6666666666666666,0.001226241569589209,PatchTST-SSL,B05,125,office,True,8106.0075289624765,6047.107063840638,2.4295809820120535,0.34047693275240104
6,6,0.7,1.0,0.8235294117647058,79.0,1.0,0.0063604240282685515,PatchTST-SSL,B06,125,office,True,11588.82064008393,11129.34604987619,0.14609312658375104,0.04128495853652163
6,4,0.8888888888888888,0.6666666666666666,0.761904761904762,17.5,0.6666666666666666,0.0011743981209630064,PatchTST-SSL,B07,125,retail,False,7272.293089210555,9023.052312260283,0.3532360217138839,0.19403181567182567
6,4,1.0,0.6666666666666666,0.8,58.75,0.6666666666666666,0.0,PatchTST-SSL,B08,125,retail,False,18131.822277880205,23247.15793466768,0.5215207756863044,0.22004133456499445
6,4,0.30434782608695654,0.6666666666666666,0.41791044776119407,10.5,0.6666666666666666,0.00932017543859649,IsolationForest,B01,126,office,True,,,,
6,5,0.5294117647058824,0.8333333333333334,0.6474820143884893,98.2,0.8333333333333334,0.005852231163130944,IsolationForest,B02,126,office,True,,,,
6,6,0.4090909090909091,1.0,0.5806451612903226,39.166666666666664,1.0,0.018192844147968467,IsolationForest,B03,126,office,True,,,,
6,4,0.3125,0.6666666666666666,0.425531914893617,39.75,0.6666666666666666,0.0085995085995086,IsolationForest,B04,126,office,True,,,,
6,6,0.30612244897959184,1.0,0.46874999999999994,7.666666666666667,1.0,0.030186608122941824,IsolationForest,B05,126,office,True,,,,
6,6,0.4,1.0,0.5714285714285715,11.833333333333334,1.0,0.026929982046678635,IsolationForest,B06,126,office,True,,,,
6,6,0.2903225806451613,1.0,0.45000000000000007,9.0,1.0,0.04612045577862181,IsolationForest,B07,126,retail,False,,,,
6,6,0.15,1.0,0.2608695652173913,8.333333333333334,1.0,0.06596858638743455,IsolationForest,B08,126,retail,False,,,,
6,6,0.2857142857142857,1.0,0.4444444444444445,4.666666666666667,1.0,0.05701754385964912,OC-SVM,B01,126,office,True,,,,
6,6,0.8275862068965517,1.0,0.9056603773584906,74.0,1.0,0.005120702267739576,OC-SVM,B02,126,office,True,,,,
6,5,0.5,0.8333333333333334,0.625,4.8,0.8333333333333334,0.009096422073984234,OC-SVM,B03,126,office,True,,,,
6,6,0.6153846153846154,1.0,0.761904761904762,37.166666666666664,1.0,0.0085995085995086,OC-SVM,B04,126,office,True,,,,
6,6,0.1875,1.0,0.3157894736842105,9.333333333333334,1.0,0.03402854006586169,OC-SVM,B05,126,office,True,,,,
6,6,0.8333333333333334,1.0,0.9090909090909091,24.0,1.0,0.0047875523638539795,OC-SVM,B06,126,office,True,,,,
6,6,0.5238095238095238,1.0,0.6875000000000001,9.333333333333334,1.0,0.005425935973955507,OC-SVM,B07,126,retail,False,,,,
6,4,0.6666666666666666,0.6666666666666666,0.6666666666666666,2.0,0.6666666666666666,0.0010471204188481676,OC-SVM,B08,126,retail,False,,,,
6,6,0.18181818181818182,1.0,0.3076923076923077,1.6666666666666667,1.0,0.13048245614035087,Autoencoder,B01,126,office,True,,,,
6,6,0.4685714285714286,1.0,0.6381322957198443,20.5,1.0,0.09436722750548647,Autoencoder,B02,126,office,True,,,,
6,6,0.2835820895522388,1.0,0.4418604651162791,3.6666666666666665,1.0,0.1170406306852638,Autoencoder,B03,126,office,True,,,,
6,6,0.3181818181818182,1.0,0.4827586206896552,12.0,1.0,0.10257985257985258,Autoencoder,B04,126,office,True,,,,
6,6,0.1889400921658986,1.0,0.3178294573643411,2.8333333333333335,1.0,0.13117453347969266,Autoencoder,B05,126,office,True,,,,
6,6,0.285,1.0,0.44357976653696496,2.0,1.0,0.11549970077797726,Autoencoder,B06,126,office,True,,,,
6,5,0.15151515151515152,0.8333333333333334,0.25641025641025644,4.0,0.8333333333333334,0.18014107433532284,Autoencoder,B07,126,retail,False,,,,
6,6,0.13930348258706468,1.0,0.2445414847161572,2.0,1.0,0.17015706806282724,Autoencoder,B08,126,retail,False,,,,
6,1,0.14285714285714285,0.16666666666666666,0.15384615384615383,0.0,0.16666666666666666,0.14144736842105263,LSTM-AE,B01,126,office,True,,,,
6,2,0.2222222222222222,0.3333333333333333,0.26666666666666666,35.5,0.3333333333333333,0.2648134601316752,LSTM-AE,B02,126,office,True,,,,
6,1,0.2,0.16666666666666666,0.1818181818181818,0.0,0.16666666666666666,0.15706488781079442,LSTM-AE,B03,126,office,True,,,,
6,3,0.2727272727272727,0.5,0.3529411764705882,21.666666666666668,0.5,0.292997542997543,LSTM-AE,B04,126,office,True,,,,
6,0,0.0,0.0,0.0,,0.0,0.1322722283205269,LSTM-AE,B05,126,office,True,,,,
6,2,0.375,0.3333333333333333,0.35294117647058826,68.5,0.3333333333333333,0.15140634350688212,LSTM-AE,B06,126,office,True,,,,
6,2,0.2857142857142857,0.3333333333333333,0.30769230769230765,70.5,0.3333333333333333,0.13998914812805208,LSTM-AE,B07,126,retail,False,,,,
6,2,0.5,0.3333333333333333,0.4,0.0,0.3333333333333333,0.1094240837696335,LSTM-AE,B08,126,retail,False,,,,
6,6,0.8571428571428571,1.0,0.923076923076923,30.333333333333332,1.0,0.0021929824561403508,PatchTST-SSL,B01,126,office,True,5374.384558716874,2142.4714535372354,3.3949941675778175,1.5084976277484248
6,5,0.9,0.8333333333333334,0.8653846153846153,93.6,0.8333333333333334,0.000731528895391368,PatchTST-SSL,B02,126,office,True,31368.166863216753,34436.808375892,0.24352125058172727,0.08910934716074013
6,5,0.7916666666666666,0.8333333333333334,0.811965811965812,62.4,0.8333333333333334,0.004851425106124924,PatchTST-SSL,B03,126,office,True,8665.264669361737,7818.86178420549,1.4804608905704753,0.10825141926233114
6,5,0.8181818181818182,0.8333333333333334,0.8256880733944955,32.0,0.8333333333333334,0.0012285012285012285,PatchTST-SSL,B04,126,office,True,11839.235021886152,9776.416906181767,1.2070288686328303,0.21099940146783597
6,5,0.2857142857142857,0.8333333333333334,0.42553191489361697,27.6,0.8333333333333334,0.008781558726673985,PatchTST-SSL,B05,126,office,True,5248.965585753436,1390.9329701384506,141.71429497399512,2.773701320223192
6,6,0.68,1.0,0.8095238095238095,40.833333333333336,1.0,0.008378216636744464,PatchTST-SSL,B06,126,office,True,16410.845119458798,17420.750183675947,0.13173559515076988,0.057971387774303634
6,5,0.35294117647058826,0.8333333333333334,0.49586776859504134,9.8,0.8333333333333334,0.03906673901247965,PatchTST-SSL,B07,126,retail,False,6411.317822159569,7389.282158621744,0.7463601885447756,0.13234903140369267
6,5,0.3157894736842105,0.8333333333333334,0.4580152671755725,31.4,0.8333333333333334,0.009424083769633508,PatchTST-SSL,B08,126,retail,False,3464.9339237659456,3425.375679737561,0.4546648281077607,0.011548585535416515
6,5,0.2903225806451613,0.8333333333333334,0.430622009569378,38.2,0.8333333333333334,0.022525597269624574,IsolationForest,B01,127,office,True,,,,
6,5,0.20512820512820512,0.8333333333333334,0.3292181069958848,18.2,0.8333333333333334,0.025296850800206504,IsolationForest,B02,127,office,True,,,,
6,5,0.3333333333333333,0.8333333333333334,0.47619047619047616,28.6,0.8333333333333334,0.02188782489740082,IsolationForest,B03,127,office,True,,,,
6,6,0.4782608695652174,1.0,0.6470588235294118,27.0,1.0,0.01816958277254374,IsolationForest,B04,127,office,True,,,,
6,5,0.41935483870967744,0.8333333333333334,0.5579399141630902,134.8,0.8333333333333334,0.018532818532818532,IsolationForest,B05,127,office,True,,,,
6,6,0.6,1.0,0.7499999999999999,57.5,1.0,0.006939625260235947,IsolationForest,B06,127,office,True,,,,
6,6,0.4423076923076923,1.0,0.6133333333333333,32.833333333333336,1.0,0.028273809523809524,IsolationForest,B07,127,retail,False,,,,
6,6,0.4222222222222222,1.0,0.59375,25.333333333333332,1.0,0.023617153511497825,IsolationForest,B08,127,retail,False,,,,
6,5,0.8095238095238095,0.8333333333333334,0.8212560386473431,66.6,0.8333333333333334,0.0034129692832764505,OC-SVM,B01,127,office,True,,,,
6,4,0.2,0.6666666666666666,0.30769230769230765,1.5,0.6666666666666666,0.008260196179659268,OC-SVM,B02,127,office,True,,,,
6,5,0.6666666666666666,0.8333333333333334,0.7407407407407408,60.6,0.8333333333333334,0.008891928864569083,OC-SVM,B03,127,office,True,,,,
6,4,0.7,0.6666666666666666,0.6829268292682926,42.0,0.6666666666666666,0.004037685060565276,OC-SVM,B04,127,office,True,,,,
6,5,0.967741935483871,0.8333333333333334,0.8955223880597015,63.2,0.8333333333333334,0.0007722007722007722,OC-SVM,B05,127,office,True,,,,
6,5,0.6956521739130435,0.8333333333333334,0.7582938388625592,47.0,0.8333333333333334,0.004857737682165163,OC-SVM,B06,127,office,True,,,,
6,3,0.5294117647058824,0.5,0.5142857142857143,49.333333333333336,0.5,0.010416666666666666,OC-SVM,B07,127,retail,False,,,,
6,5,1.0,0.8333333333333334,0.9090909090909091,49.8,0.8333333333333334,0.0,OC-SVM,B08,127,retail,False,,,,
6,6,0.34509803921568627,1.0,0.5131195335276968,6.333333333333333,1.0,0.14948805460750852,Autoencoder,B01,127,office,True,,,,
6,6,0.15841584158415842,1.0,0.27350427350427353,3.1666666666666665,1.0,0.17811048012390293,Autoencoder,B02,127,office,True,,,,
6,6,0.3413793103448276,1.0,0.5089974293059126,6.0,1.0,0.1716826265389877,Autoencoder,B03,127,office,True,,,,
6,6,0.36075949367088606,1.0,0.5302325581395348,4.833333333333333,1.0,0.19044414535666218,Autoencoder,B04,127,office,True,,,,
6,6,0.38181818181818183,1.0,0.5526315789473685,32.833333333333336,1.0,0.138996138996139,Autoencoder,B05,127,office,True,,,,
6,6,0.3786764705882353,1.0,0.5493333333333333,2.6666666666666665,1.0,0.15614156835530882,Autoencoder,B06,127,office,True,,,,
6,6,0.37055837563451777,1.0,0.5407407407407407,5.166666666666667,1.0,0.24553571428571427,Autoencoder,B07,127,retail,False,,,,
6,6,0.22660098522167488,1.0,0.3694779116465864,5.333333333333333,1.0,0.22622747047855812,Autoencoder,B08,127,retail,False,,,,
6,2,0.4,0.3333333333333333,0.3636363636363636,80.0,0.3333333333333333,0.09215017064846416,LSTM-AE,B01,127,office,True,,,,
6,3,0.6,0.5,0.5454545454545454,0.0,0.5,0.14455343314403718,LSTM-AE,B02,127,office,True,,,,
6,2,0.6,0.3333333333333333,0.42857142857142855,11.0,0.3333333333333333,0.07729138166894665,LSTM-AE,B03,127,office,True,,,,
6,4,0.5714285714285714,0.6666666666666666,0.6153846153846153,34.25,0.6666666666666666,0.13660834454912515,LSTM-AE,B04,127,office,True,,,,
6,5,0.5714285714285714,0.8333333333333334,0.6779661016949152,87.0,0.8333333333333334,0.16833976833976835,LSTM-AE,B05,127,office,True,,,,
6,6,0.625,1.0,0.7692307692307693,35.666666666666664,1.0,0.18112421929215822,LSTM-AE,B06,127,office,True,,,,
6,1,0.5,0.16666666666666666,0.25,0.0,0.16666666666666666,0.0625,LSTM-AE,B07,127,retail,False,,,,
6,3,0.75,0.5,0.6,54.333333333333336,0.5,0.14418893722809198,LSTM-AE,B08,127,retail,False,,,,
6,5,0.8,0.8333333333333334,0.816326530612245,73.6,0.8333333333333334,0.0020477815699658703,PatchTST-SSL,B01,127,office,True,18043.015204063253,18724.033008823593,11.31087106606203,0.03637132045427471
6,5,0.34782608695652173,0.8333333333333334,0.49079754601227,9.0,0.8333333333333334,0.007743933918430563,PatchTST-SSL,B02,127,office,True,3076.7178080081417,2556.3701355828707,11.162969308072833,0.2035494254851432
6,5,0.8235294117647058,0.8333333333333334,0.8284023668639053,69.4,0.8333333333333334,0.003419972640218878,PatchTST-SSL,B03,127,office,True,14014.884910426672,15358.34325510055,0.4410014794384707,0.08747417103258918
6,5,0.7777777777777778,0.8333333333333334,0.8045977011494253,56.4,0.8333333333333334,0.0013458950201884253,PatchTST-SSL,B04,127,office,True,8221.5137117041,7308.749612075933,4.058424437750722,0.12488649195479966
6,5,0.9047619047619048,0.8333333333333334,0.867579908675799,98.4,0.8333333333333334,0.0015444015444015444,PatchTST-SSL,B05,127,office,True,29585.463848626416,36768.78389846703,1.3122562932718569,0.19536463511212573
6,3,0.625,0.5,0.5555555555555556,28.0,0.5,0.0034698126301179735,PatchTST-SSL,B06,127,office,True,11296.788639022856,10182.379498158889,2.3501137409308632,0.1094448641464863
6,5,0.9375,0.8333333333333334,0.8823529411764706,70.2,0.8333333333333334,0.000744047619047619,PatchTST-SSL,B07,127,retail,False,11902.467837226675,17616.182396161068,0.32558447660250023,0.3243446525723717
6,5,0.72,0.8333333333333334,0.7725321888412018,42.2,0.8333333333333334,0.006215040397762586,PatchTST-SSL,B08,127,retail,False,11600.704069009174,17838.982529575234,0.278214297326395,0.3496992303357898
