seed,n_estimators,max_samples,test_f1
123,100,auto,0.512838965725436
123,100,256,0.512838965725436
123,100,0.5,0.5118449958265648
123,200,auto,0.5311002296480696
123,200,256,0.5311002296480696
123,200,0.5,0.5056632656037009
123,400,auto,0.5352939969921361
123,400,256,0.5352939969921361
123,400,0.5,0.5125967360866273
124,100,auto,0.453824320849271
124,100,256,0.453824320849271
124,100,0.5,0.4680806177568826
124,200,auto,0.45240979155021643
124,200,256,0.45240979155021643
124,200,0.5,0.46519616621504734
124,400,auto,0.4479142906546178
124,400,256,0.4479142906546178
124,400,0.5,0.4691514490702051
125,100,auto,0.5207846761720419
125,100,256,0.5207846761720419
125,100,0.5,0.5228014157192419
125,200,auto,0.5220328557141858
125,200,256,0.5220328557141858
125,200,0.5,0.5249134404427793
125,400,auto,0.5259340840197855
125,400,256,0.5259340840197855
125,400,0.5,0.53392668655153
