n_events,tp_events,precision,recall,f1,detection_delay_h,detection_rate,false_alarm_rate,model,building_id,seed,seen,type,severity,type_recall
6.0,4.0,0.5217391304347826,0.6666666666666666,0.5853658536585366,5.0,0.6666666666666666,0.006349206349206349,PatchTST-SSL(HoD-cond),B01,123,True,,,
,,,,,,,,PatchTST-SSL(HoD-cond),B01,123,,spike,obvious,0.0
,,,,,,,,PatchTST-SSL(HoD-cond),B01,123,,spike,subtle,1.0
,,,,,,,,PatchTST-SSL(HoD-cond),B01,123,,drift,obvious,1.0
,,,,,,,,PatchTST-SSL(HoD-cond),B01,123,,schedule,obvious,0.0
,,,,,,,,PatchTST-SSL(HoD-cond),B01,123,,spike,obvious,1.0
,,,,,,,,PatchTST-SSL(HoD-cond),B01,123,,spike,moderate,1.0
6.0,4.0,0.8888888888888888,0.6666666666666666,0.761904761904762,54.25,0.6666666666666666,0.0012077294685990338,PatchTST-SSL(HoD-cond),B02,123,True,,,
,,,,,,,,PatchTST-SSL(HoD-cond),B02,123,,schedule,obvious,0.0
,,,,,,,,PatchTST-SSL(HoD-cond),B02,123,,drift,subtle,1.0
,,,,,,,,PatchTST-SSL(HoD-cond),B02,123,,spike,obvious,1.0
,,,,,,,,PatchTST-SSL(HoD-cond),B02,123,,drift,obvious,1.0
,,,,,,,,PatchTST-SSL(HoD-cond),B02,123,,spike,obvious,1.0
,,,,,,,,PatchTST-SSL(HoD-cond),B02,123,,spike,subtle,0.0
6.0,6.0,1.0,1.0,1.0,40.833333333333336,1.0,0.0,PatchTST-SSL(HoD-cond),B03,123,True,,,
,,,,,,,,PatchTST-SSL(HoD-cond),B03,123,,drift,moderate,1.0
,,,,,,,,PatchTST-SSL(HoD-cond),B03,123,,spike,moderate,1.0
,,,,,,,,PatchTST-SSL(HoD-cond),B03,123,,drift,moderate,1.0
,,,,,,,,PatchTST-SSL(HoD-cond),B03,123,,drift,moderate,1.0
,,,,,,,,PatchTST-SSL(HoD-cond),B03,123,,spike,moderate,1.0
,,,,,,,,PatchTST-SSL(HoD-cond),B03,123,,schedule,obvious,1.0
6.0,5.0,1.0,0.8333333333333334,0.9090909090909091,63.6,0.8333333333333334,0.0,PatchTST-SSL(HoD-cond),B04,123,True,,,
,,,,,,,,PatchTST-SSL(HoD-cond),B04,123,,spike,subtle,0.0
,,,,,,,,PatchTST-SSL(HoD-cond),B04,123,,drift,obvious,1.0
,,,,,,,,PatchTST-SSL(HoD-cond),B04,123,,schedule,subtle,1.0
,,,,,,,,PatchTST-SSL(HoD-cond),B04,123,,spike,subtle,1.0
,,,,,,,,PatchTST-SSL(HoD-cond),B04,123,,drift,subtle,1.0
,,,,,,,,PatchTST-SSL(HoD-cond),B04,123,,drift,obvious,1.0
6.0,5.0,0.9166666666666666,0.8333333333333334,0.8730158730158729,37.2,0.8333333333333334,0.0035778175313059034,PatchTST-SSL(HoD-cond),B05,123,True,,,
,,,,,,,,PatchTST-SSL(HoD-cond),B05,123,,drift,obvious,1.0
,,,,,,,,PatchTST-SSL(HoD-cond),B05,123,,spike,moderate,1.0
,,,,,,,,PatchTST-SSL(HoD-cond),B05,123,,spike,subtle,1.0
,,,,,,,,PatchTST-SSL(HoD-cond),B05,123,,drift,obvious,1.0
,,,,,,,,PatchTST-SSL(HoD-cond),B05,123,,drift,subtle,0.0
,,,,,,,,PatchTST-SSL(HoD-cond),B05,123,,spike,subtle,1.0
6.0,3.0,0.75,0.5,0.6,5.333333333333333,0.5,0.0034762456546929316,PatchTST-SSL(HoD-cond),B06,123,True,,,
,,,,,,,,PatchTST-SSL(HoD-cond),B06,123,,spike,subtle,1.0
,,,,,,,,PatchTST-SSL(HoD-cond),B06,123,,drift,moderate,1.0
,,,,,,,,PatchTST-SSL(HoD-cond),B06,123,,spike,subtle,0.0
,,,,,,,,PatchTST-SSL(HoD-cond),B06,123,,spike,obvious,1.0
,,,,,,,,PatchTST-SSL(HoD-cond),B06,123,,schedule,moderate,0.0
,,,,,,,,PatchTST-SSL(HoD-cond),B06,123,,schedule,obvious,0.0
6.0,3.0,1.0,0.5,0.6666666666666666,18.333333333333332,0.5,0.0,PatchTST-SSL(HoD-cond),B07,123,False,,,
,,,,,,,,PatchTST-SSL(HoD-cond),B07,123,,schedule,moderate,0.0
,,,,,,,,PatchTST-SSL(HoD-cond),B07,123,,schedule,subtle,0.0
,,,,,,,,PatchTST-SSL(HoD-cond),B07,123,,schedule,subtle,0.0
,,,,,,,,PatchTST-SSL(HoD-cond),B07,123,,schedule,moderate,1.0
,,,,,,,,PatchTST-SSL(HoD-cond),B07,123,,drift,obvious,1.0
,,,,,,,,PatchTST-SSL(HoD-cond),B07,123,,spike,subtle,1.0
6.0,6.0,1.0,1.0,1.0,19.333333333333332,1.0,0.0,PatchTST-SSL(HoD-cond),B08,123,False,,,
,,,,,,,,PatchTST-SSL(HoD-cond),B08,123,,drift,subtle,1.0
,,,,,,,,PatchTST-SSL(HoD-cond),B08,123,,spike,subtle,1.0
,,,,,,,,PatchTST-SSL(HoD-cond),B08,123,,schedule,obvious,1.0
,,,,,,,,PatchTST-SSL(HoD-cond),B08,123,,spike,moderate,1.0
,,,,,,,,PatchTST-SSL(HoD-cond),B08,123,,drift,obvious,1.0
,,,,,,,,PatchTST-SSL(HoD-cond),B08,123,,spike,obvious,1.0
6.0,5.0,0.4166666666666667,0.8333333333333334,0.5555555555555556,12.4,0.8333333333333334,0.013227513227513227,PatchTST-SSL(HoW-cond),B01,123,True,,,
,,,,,,,,PatchTST-SSL(HoW-cond),B01,123,,spike,obvious,0.0
,,,,,,,,PatchTST-SSL(HoW-cond),B01,123,,spike,subtle,1.0
,,,,,,,,PatchTST-SSL(HoW-cond),B01,123,,drift,obvious,1.0
,,,,,,,,PatchTST-SSL(HoW-cond),B01,123,,schedule,obvious,1.0
,,,,,,,,PatchTST-SSL(HoW-cond),B01,123,,spike,obvious,1.0
,,,,,,,,PatchTST-SSL(HoW-cond),B01,123,,spike,moderate,1.0
6.0,5.0,0.5909090909090909,0.8333333333333334,0.6914893617021277,37.0,0.8333333333333334,0.012077294685990338,PatchTST-SSL(HoW-cond),B02,123,True,,,
,,,,,,,,PatchTST-SSL(HoW-cond),B02,123,,schedule,obvious,1.0
,,,,,,,,PatchTST-SSL(HoW-cond),B02,123,,drift,subtle,1.0
,,,,,,,,PatchTST-SSL(HoW-cond),B02,123,,spike,obvious,1.0
,,,,,,,,PatchTST-SSL(HoW-cond),B02,123,,drift,obvious,1.0
,,,,,,,,PatchTST-SSL(HoW-cond),B02,123,,spike,obvious,1.0
,,,,,,,,PatchTST-SSL(HoW-cond),B02,123,,spike,subtle,0.0
6.0,6.0,0.7307692307692307,1.0,0.8444444444444443,25.166666666666668,1.0,0.010211524434719184,PatchTST-SSL(HoW-cond),B03,123,True,,,
,,,,,,,,PatchTST-SSL(HoW-cond),B03,123,,drift,moderate,1.0
,,,,,,,,PatchTST-SSL(HoW-cond),B03,123,,spike,moderate,1.0
,,,,,,,,PatchTST-SSL(HoW-cond),B03,123,,drift,moderate,1.0
,,,,,,,,PatchTST-SSL(HoW-cond),B03,123,,drift,moderate,1.0
,,,,,,,,PatchTST-SSL(HoW-cond),B03,123,,spike,moderate,1.0
,,,,,,,,PatchTST-SSL(HoW-cond),B03,123,,schedule,obvious,1.0
6.0,6.0,0.6753246753246753,1.0,0.8062015503875969,9.166666666666666,1.0,0.027986348122866895,PatchTST-SSL(HoW-cond),B04,123,True,,,
,,,,,,,,PatchTST-SSL(HoW-cond),B04,123,,spike,subtle,1.0
,,,,,,,,PatchTST-SSL(HoW-cond),B04,123,,drift,obvious,1.0
,,,,,,,,PatchTST-SSL(HoW-cond),B04,123,,schedule,subtle,1.0
,,,,,,,,PatchTST-SSL(HoW-cond),B04,123,,spike,subtle,1.0
,,,,,,,,PatchTST-SSL(HoW-cond),B04,123,,drift,subtle,1.0
,,,,,,,,PatchTST-SSL(HoW-cond),B04,123,,drift,obvious,1.0
6.0,6.0,0.38181818181818183,1.0,0.5526315789473685,55.0,1.0,0.02564102564102564,PatchTST-SSL(HoW-cond),B05,123,True,,,
,,,,,,,,PatchTST-SSL(HoW-cond),B05,123,,drift,obvious,1.0
,,,,,,,,PatchTST-SSL(HoW-cond),B05,123,,spike,moderate,1.0
,,,,,,,,PatchTST-SSL(HoW-cond),B05,123,,spike,subtle,1.0
,,,,,,,,PatchTST-SSL(HoW-cond),B05,123,,drift,obvious,1.0
,,,,,,,,PatchTST-SSL(HoW-cond),B05,123,,drift,subtle,1.0
,,,,,,,,PatchTST-SSL(HoW-cond),B05,123,,spike,subtle,1.0
6.0,5.0,0.4166666666666667,0.8333333333333334,0.5555555555555556,3.4,0.8333333333333334,0.027230590961761298,PatchTST-SSL(HoW-cond),B06,123,True,,,
,,,,,,,,PatchTST-SSL(HoW-cond),B06,123,,spike,subtle,1.0
,,,,,,,,PatchTST-SSL(HoW-cond),B06,123,,drift,moderate,1.0
,,,,,,,,PatchTST-SSL(HoW-cond),B06,123,,spike,subtle,1.0
,,,,,,,,PatchTST-SSL(HoW-cond),B06,123,,spike,obvious,1.0
,,,,,,,,PatchTST-SSL(HoW-cond),B06,123,,schedule,moderate,0.0
,,,,,,,,PatchTST-SSL(HoW-cond),B06,123,,schedule,obvious,1.0
6.0,6.0,0.9310344827586207,1.0,0.9642857142857143,13.666666666666666,1.0,0.004987531172069825,PatchTST-SSL(HoW-cond),B07,123,False,,,
,,,,,,,,PatchTST-SSL(HoW-cond),B07,123,,schedule,moderate,1.0
,,,,,,,,PatchTST-SSL(HoW-cond),B07,123,,schedule,subtle,1.0
,,,,,,,,PatchTST-SSL(HoW-cond),B07,123,,schedule,subtle,1.0
,,,,,,,,PatchTST-SSL(HoW-cond),B07,123,,schedule,moderate,1.0
,,,,,,,,PatchTST-SSL(HoW-cond),B07,123,,drift,obvious,1.0
,,,,,,,,PatchTST-SSL(HoW-cond),B07,123,,spike,subtle,1.0
6.0,5.0,0.39285714285714285,0.8333333333333334,0.5339805825242718,6.4,0.8333333333333334,0.030453697949036667,PatchTST-SSL(HoW-cond),B08,123,False,,,
,,,,,,,,PatchTST-SSL(HoW-cond),B08,123,,drift,subtle,1.0
,,,,,,,,PatchTST-SSL(HoW-cond),B08,123,,spike,subtle,1.0
,,,,,,,,PatchTST-SSL(HoW-cond),B08,123,,schedule,obvious,0.0
,,,,,,,,PatchTST-SSL(HoW-cond),B08,123,,spike,moderate,1.0
,,,,,,,,PatchTST-SSL(HoW-cond),B08,123,,drift,obvious,1.0
,,,,,,,,PatchTST-SSL(HoW-cond),B08,123,,spike,obvious,1.0
6.0,4.0,0.5952380952380952,0.6666666666666666,0.6289308176100629,11.75,0.6666666666666666,0.008994708994708995,HOW-profile+z,B01,123,True,,,
,,,,,,,,HOW-profile+z,B01,123,,spike,obvious,0.0
,,,,,,,,HOW-profile+z,B01,123,,spike,subtle,1.0
,,,,,,,,HOW-profile+z,B01,123,,drift,obvious,1.0
,,,,,,,,HOW-profile+z,B01,123,,schedule,obvious,0.0
,,,,,,,,HOW-profile+z,B01,123,,spike,obvious,1.0
,,,,,,,,HOW-profile+z,B01,123,,spike,moderate,1.0
6.0,5.0,0.2636363636363636,0.8333333333333334,0.40055248618784534,33.2,0.8333333333333334,0.06099033816425121,HOW-profile+z,B02,123,True,,,
,,,,,,,,HOW-profile+z,B02,123,,schedule,obvious,1.0
,,,,,,,,HOW-profile+z,B02,123,,drift,subtle,1.0
,,,,,,,,HOW-profile+z,B02,123,,spike,obvious,1.0
,,,,,,,,HOW-profile+z,B02,123,,drift,obvious,1.0
,,,,,,,,HOW-profile+z,B02,123,,spike,obvious,1.0
,,,,,,,,HOW-profile+z,B02,123,,spike,subtle,0.0
6.0,6.0,0.9642857142857143,1.0,0.9818181818181818,46.666666666666664,1.0,0.0014587892049598833,HOW-profile+z,B03,123,True,,,
,,,,,,,,HOW-profile+z,B03,123,,drift,moderate,1.0
,,,,,,,,HOW-profile+z,B03,123,,spike,moderate,1.0
,,,,,,,,HOW-profile+z,B03,123,,drift,moderate,1.0
,,,,,,,,HOW-profile+z,B03,123,,drift,moderate,1.0
,,,,,,,,HOW-profile+z,B03,123,,spike,moderate,1.0
,,,,,,,,HOW-profile+z,B03,123,,schedule,obvious,1.0
6.0,5.0,1.0,0.8333333333333334,0.9090909090909091,30.0,0.8333333333333334,0.0,HOW-profile+z,B04,123,True,,,
,,,,,,,,HOW-profile+z,B04,123,,spike,subtle,1.0
,,,,,,,,HOW-profile+z,B04,123,,drift,obvious,1.0
,,,,,,,,HOW-profile+z,B04,123,,schedule,subtle,0.0
,,,,,,,,HOW-profile+z,B04,123,,spike,subtle,1.0
,,,,,,,,HOW-profile+z,B04,123,,drift,subtle,1.0
,,,,,,,,HOW-profile+z,B04,123,,drift,obvious,1.0
6.0,5.0,0.3157894736842105,0.8333333333333334,0.4580152671755725,47.0,0.8333333333333334,0.007751937984496124,HOW-profile+z,B05,123,True,,,
,,,,,,,,HOW-profile+z,B05,123,,drift,obvious,1.0
,,,,,,,,HOW-profile+z,B05,123,,spike,moderate,1.0
,,,,,,,,HOW-profile+z,B05,123,,spike,subtle,1.0
,,,,,,,,HOW-profile+z,B05,123,,drift,obvious,1.0
,,,,,,,,HOW-profile+z,B05,123,,drift,subtle,0.0
,,,,,,,,HOW-profile+z,B05,123,,spike,subtle,1.0
6.0,5.0,0.6481481481481481,0.8333333333333334,0.7291666666666669,11.2,0.8333333333333334,0.01100811123986095,HOW-profile+z,B06,123,True,,,
,,,,,,,,HOW-profile+z,B06,123,,spike,subtle,1.0
,,,,,,,,HOW-profile+z,B06,123,,drift,moderate,1.0
,,,,,,,,HOW-profile+z,B06,123,,spike,subtle,1.0
,,,,,,,,HOW-profile+z,B06,123,,spike,obvious,1.0
,,,,,,,,HOW-profile+z,B06,123,,schedule,moderate,0.0
,,,,,,,,HOW-profile+z,B06,123,,schedule,obvious,1.0
6.0,4.0,0.9464285714285714,0.6666666666666666,0.7822878228782287,6.0,0.6666666666666666,0.0024937655860349127,HOW-profile+z,B07,123,False,,,
,,,,,,,,HOW-profile+z,B07,123,,schedule,moderate,1.0
,,,,,,,,HOW-profile+z,B07,123,,schedule,subtle,0.0
,,,,,,,,HOW-profile+z,B07,123,,schedule,subtle,0.0
,,,,,,,,HOW-profile+z,B07,123,,schedule,moderate,1.0
,,,,,,,,HOW-profile+z,B07,123,,drift,obvious,1.0
,,,,,,,,HOW-profile+z,B07,123,,spike,subtle,1.0
6.0,4.0,1.0,0.6666666666666666,0.8,6.75,0.6666666666666666,0.0,HOW-profile+z,B08,123,False,,,
,,,,,,,,HOW-profile+z,B08,123,,drift,subtle,0.0
,,,,,,,,HOW-profile+z,B08,123,,spike,subtle,1.0
,,,,,,,,HOW-profile+z,B08,123,,schedule,obvious,0.0
,,,,,,,,HOW-profile+z,B08,123,,spike,moderate,1.0
,,,,,,,,HOW-profile+z,B08,123,,drift,obvious,1.0
,,,,,,,,HOW-profile+z,B08,123,,spike,obvious,1.0
6.0,4.0,0.65,0.6666666666666666,0.6582278481012659,5.25,0.6666666666666666,0.004232804232804233,TOWT(HoW-cond),B01,123,True,,,
,,,,,,,,TOWT(HoW-cond),B01,123,,spike,obvious,0.0
,,,,,,,,TOWT(HoW-cond),B01,123,,spike,subtle,1.0
,,,,,,,,TOWT(HoW-cond),B01,123,,drift,obvious,1.0
,,,,,,,,TOWT(HoW-cond),B01,123,,schedule,obvious,0.0
,,,,,,,,TOWT(HoW-cond),B01,123,,spike,obvious,1.0
,,,,,,,,TOWT(HoW-cond),B01,123,,spike,moderate,1.0
6.0,4.0,0.6521739130434783,0.6666666666666666,0.6593406593406593,4.0,0.6666666666666666,0.006038647342995169,TOWT(HoW-cond),B02,123,True,,,
,,,,,,,,TOWT(HoW-cond),B02,123,,schedule,obvious,1.0
,,,,,,,,TOWT(HoW-cond),B02,123,,drift,subtle,0.0
,,,,,,,,TOWT(HoW-cond),B02,123,,spike,obvious,1.0
,,,,,,,,TOWT(HoW-cond),B02,123,,drift,obvious,1.0
,,,,,,,,TOWT(HoW-cond),B02,123,,spike,obvious,1.0
,,,,,,,,TOWT(HoW-cond),B02,123,,spike,subtle,0.0
6.0,6.0,1.0,1.0,1.0,45.333333333333336,1.0,0.0,TOWT(HoW-cond),B03,123,True,,,
,,,,,,,,TOWT(HoW-cond),B03,123,,drift,moderate,1.0
,,,,,,,,TOWT(HoW-cond),B03,123,,spike,moderate,1.0
,,,,,,,,TOWT(HoW-cond),B03,123,,drift,moderate,1.0
,,,,,,,,TOWT(HoW-cond),B03,123,,drift,moderate,1.0
,,,,,,,,TOWT(HoW-cond),B03,123,,spike,moderate,1.0
,,,,,,,,TOWT(HoW-cond),B03,123,,schedule,obvious,1.0
6.0,5.0,0.9565217391304348,0.8333333333333334,0.8906882591093118,36.8,0.8333333333333334,0.0006825938566552901,TOWT(HoW-cond),B04,123,True,,,
,,,,,,,,TOWT(HoW-cond),B04,123,,spike,subtle,1.0
,,,,,,,,TOWT(HoW-cond),B04,123,,drift,obvious,1.0
,,,,,,,,TOWT(HoW-cond),B04,123,,schedule,subtle,0.0
,,,,,,,,TOWT(HoW-cond),B04,123,,spike,subtle,1.0
,,,,,,,,TOWT(HoW-cond),B04,123,,drift,subtle,1.0
,,,,,,,,TOWT(HoW-cond),B04,123,,drift,obvious,1.0
6.0,5.0,0.7142857142857143,0.8333333333333334,0.7692307692307692,47.4,0.8333333333333334,0.0011926058437686344,TOWT(HoW-cond),B05,123,True,,,
,,,,,,,,TOWT(HoW-cond),B05,123,,drift,obvious,1.0
,,,,,,,,TOWT(HoW-cond),B05,123,,spike,moderate,1.0
,,,,,,,,TOWT(HoW-cond),B05,123,,spike,subtle,1.0
,,,,,,,,TOWT(HoW-cond),B05,123,,drift,obvious,1.0
,,,,,,,,TOWT(HoW-cond),B05,123,,drift,subtle,0.0
,,,,,,,,TOWT(HoW-cond),B05,123,,spike,subtle,1.0
6.0,5.0,0.8709677419354839,0.8333333333333334,0.8517350157728707,4.0,0.8333333333333334,0.0028968713789107765,TOWT(HoW-cond),B06,123,True,,,
,,,,,,,,TOWT(HoW-cond),B06,123,,spike,subtle,1.0
,,,,,,,,TOWT(HoW-cond),B06,123,,drift,moderate,1.0
,,,,,,,,TOWT(HoW-cond),B06,123,,spike,subtle,1.0
,,,,,,,,TOWT(HoW-cond),B06,123,,spike,obvious,1.0
,,,,,,,,TOWT(HoW-cond),B06,123,,schedule,moderate,0.0
,,,,,,,,TOWT(HoW-cond),B06,123,,schedule,obvious,1.0
6.0,4.0,0.9512195121951219,0.6666666666666666,0.7839195979899497,2.5,0.6666666666666666,0.0016625103906899418,TOWT(HoW-cond),B07,123,False,,,
,,,,,,,,TOWT(HoW-cond),B07,123,,schedule,moderate,1.0
,,,,,,,,TOWT(HoW-cond),B07,123,,schedule,subtle,0.0
,,,,,,,,TOWT(HoW-cond),B07,123,,schedule,subtle,0.0
,,,,,,,,TOWT(HoW-cond),B07,123,,schedule,moderate,1.0
,,,,,,,,TOWT(HoW-cond),B07,123,,drift,obvious,1.0
,,,,,,,,TOWT(HoW-cond),B07,123,,spike,subtle,1.0
6.0,6.0,1.0,1.0,1.0,34.5,1.0,0.0,TOWT(HoW-cond),B08,123,False,,,
,,,,,,,,TOWT(HoW-cond),B08,123,,drift,subtle,1.0
,,,,,,,,TOWT(HoW-cond),B08,123,,spike,subtle,1.0
,,,,,,,,TOWT(HoW-cond),B08,123,,schedule,obvious,1.0
,,,,,,,,TOWT(HoW-cond),B08,123,,spike,moderate,1.0
,,,,,,,,TOWT(HoW-cond),B08,123,,drift,obvious,1.0
,,,,,,,,TOWT(HoW-cond),B08,123,,spike,obvious,1.0
6.0,4.0,0.41509433962264153,0.6666666666666666,0.5116279069767442,12.75,0.6666666666666666,0.019576719576719578,IF(t),B01,123,True,,,
,,,,,,,,IF(t),B01,123,,spike,obvious,0.0
,,,,,,,,IF(t),B01,123,,spike,subtle,1.0
,,,,,,,,IF(t),B01,123,,drift,obvious,1.0
,,,,,,,,IF(t),B01,123,,schedule,obvious,0.0
,,,,,,,,IF(t),B01,123,,spike,obvious,1.0
,,,,,,,,IF(t),B01,123,,spike,moderate,1.0
6.0,4.0,0.45454545454545453,0.6666666666666666,0.5405405405405405,48.75,0.6666666666666666,0.034420289855072464,IF(t),B02,123,True,,,
,,,,,,,,IF(t),B02,123,,schedule,obvious,1.0
,,,,,,,,IF(t),B02,123,,drift,subtle,1.0
,,,,,,,,IF(t),B02,123,,spike,obvious,0.0
,,,,,,,,IF(t),B02,123,,drift,obvious,1.0
,,,,,,,,IF(t),B02,123,,spike,obvious,1.0
,,,,,,,,IF(t),B02,123,,spike,subtle,0.0
6.0,6.0,0.7142857142857143,1.0,0.8333333333333333,32.5,1.0,0.016046681254558718,IF(t),B03,123,True,,,
,,,,,,,,IF(t),B03,123,,drift,moderate,1.0
,,,,,,,,IF(t),B03,123,,spike,moderate,1.0
,,,,,,,,IF(t),B03,123,,drift,moderate,1.0
,,,,,,,,IF(t),B03,123,,drift,moderate,1.0
,,,,,,,,IF(t),B03,123,,spike,moderate,1.0
,,,,,,,,IF(t),B03,123,,schedule,obvious,1.0
6.0,3.0,0.7777777777777778,0.5,0.6086956521739131,45.666666666666664,0.5,0.006825938566552901,IF(t),B04,123,True,,,
,,,,,,,,IF(t),B04,123,,spike,subtle,0.0
,,,,,,,,IF(t),B04,123,,drift,obvious,1.0
,,,,,,,,IF(t),B04,123,,schedule,subtle,0.0
,,,,,,,,IF(t),B04,123,,spike,subtle,0.0
,,,,,,,,IF(t),B04,123,,drift,subtle,1.0
,,,,,,,,IF(t),B04,123,,drift,obvious,1.0
6.0,6.0,0.23404255319148937,1.0,0.3793103448275862,60.333333333333336,1.0,0.044126416219439475,IF(t),B05,123,True,,,
,,,,,,,,IF(t),B05,123,,drift,obvious,1.0
,,,,,,,,IF(t),B05,123,,spike,moderate,1.0
,,,,,,,,IF(t),B05,123,,spike,subtle,1.0
,,,,,,,,IF(t),B05,123,,drift,obvious,1.0
,,,,,,,,IF(t),B05,123,,drift,subtle,1.0
,,,,,,,,IF(t),B05,123,,spike,subtle,1.0
6.0,6.0,0.42857142857142855,1.0,0.6,30.5,1.0,0.014484356894553883,IF(t),B06,123,True,,,
,,,,,,,,IF(t),B06,123,,spike,subtle,1.0
,,,,,,,,IF(t),B06,123,,drift,moderate,1.0
,,,,,,,,IF(t),B06,123,,spike,subtle,1.0
,,,,,,,,IF(t),B06,123,,spike,obvious,1.0
,,,,,,,,IF(t),B06,123,,schedule,moderate,1.0
,,,,,,,,IF(t),B06,123,,schedule,obvious,1.0
6.0,6.0,0.6938775510204082,1.0,0.819277108433735,29.0,1.0,0.0199501246882793,IF(t),B07,123,False,,,
,,,,,,,,IF(t),B07,123,,schedule,moderate,1.0
,,,,,,,,IF(t),B07,123,,schedule,subtle,1.0
,,,,,,,,IF(t),B07,123,,schedule,subtle,1.0
,,,,,,,,IF(t),B07,123,,schedule,moderate,1.0
,,,,,,,,IF(t),B07,123,,drift,obvious,1.0
,,,,,,,,IF(t),B07,123,,spike,subtle,1.0
6.0,5.0,0.5636363636363636,0.8333333333333334,0.6724511930585683,8.8,0.8333333333333334,0.027346177750155375,IF(t),B08,123,False,,,
,,,,,,,,IF(t),B08,123,,drift,subtle,1.0
,,,,,,,,IF(t),B08,123,,spike,subtle,1.0
,,,,,,,,IF(t),B08,123,,schedule,obvious,0.0
,,,,,,,,IF(t),B08,123,,spike,moderate,1.0
,,,,,,,,IF(t),B08,123,,drift,obvious,1.0
,,,,,,,,IF(t),B08,123,,spike,obvious,1.0
6.0,4.0,0.23214285714285715,0.6666666666666666,0.34437086092715236,28.75,0.6666666666666666,0.02857142857142857,OC-SVM(t),B01,123,True,,,
,,,,,,,,OC-SVM(t),B01,123,,spike,obvious,0.0
,,,,,,,,OC-SVM(t),B01,123,,spike,subtle,1.0
,,,,,,,,OC-SVM(t),B01,123,,drift,obvious,1.0
,,,,,,,,OC-SVM(t),B01,123,,schedule,obvious,0.0
,,,,,,,,OC-SVM(t),B01,123,,spike,obvious,1.0
,,,,,,,,OC-SVM(t),B01,123,,spike,moderate,1.0
6.0,5.0,0.3888888888888889,0.8333333333333334,0.5303030303030303,43.8,0.8333333333333334,0.035628019323671496,OC-SVM(t),B02,123,True,,,
,,,,,,,,OC-SVM(t),B02,123,,schedule,obvious,1.0
,,,,,,,,OC-SVM(t),B02,123,,drift,subtle,1.0
,,,,,,,,OC-SVM(t),B02,123,,spike,obvious,1.0
,,,,,,,,OC-SVM(t),B02,123,,drift,obvious,1.0
,,,,,,,,OC-SVM(t),B02,123,,spike,obvious,1.0
,,,,,,,,OC-SVM(t),B02,123,,spike,subtle,0.0
6.0,6.0,0.8125,1.0,0.896551724137931,56.0,1.0,0.00437636761487965,OC-SVM(t),B03,123,True,,,
,,,,,,,,OC-SVM(t),B03,123,,drift,moderate,1.0
,,,,,,,,OC-SVM(t),B03,123,,spike,moderate,1.0
,,,,,,,,OC-SVM(t),B03,123,,drift,moderate,1.0
,,,,,,,,OC-SVM(t),B03,123,,drift,moderate,1.0
,,,,,,,,OC-SVM(t),B03,123,,spike,moderate,1.0
,,,,,,,,OC-SVM(t),B03,123,,schedule,obvious,1.0
6.0,4.0,0.5263157894736842,0.6666666666666666,0.5882352941176471,28.75,0.6666666666666666,0.013651877133105802,OC-SVM(t),B04,123,True,,,
,,,,,,,,OC-SVM(t),B04,123,,spike,subtle,1.0
,,,,,,,,OC-SVM(t),B04,123,,drift,obvious,1.0
,,,,,,,,OC-SVM(t),B04,123,,schedule,subtle,0.0
,,,,,,,,OC-SVM(t),B04,123,,spike,subtle,1.0
,,,,,,,,OC-SVM(t),B04,123,,drift,subtle,0.0
,,,,,,,,OC-SVM(t),B04,123,,drift,obvious,1.0
6.0,6.0,0.25,1.0,0.4,44.333333333333336,1.0,0.031604054859868815,OC-SVM(t),B05,123,True,,,
,,,,,,,,OC-SVM(t),B05,123,,drift,obvious,1.0
,,,,,,,,OC-SVM(t),B05,123,,spike,moderate,1.0
,,,,,,,,OC-SVM(t),B05,123,,spike,subtle,1.0
,,,,,,,,OC-SVM(t),B05,123,,drift,obvious,1.0
,,,,,,,,OC-SVM(t),B05,123,,drift,subtle,1.0
,,,,,,,,OC-SVM(t),B05,123,,spike,subtle,1.0
6.0,6.0,0.2647058823529412,1.0,0.4186046511627907,31.666666666666668,1.0,0.03650057937427578,OC-SVM(t),B06,123,True,,,
,,,,,,,,OC-SVM(t),B06,123,,spike,subtle,1.0
,,,,,,,,OC-SVM(t),B06,123,,drift,moderate,1.0
,,,,,,,,OC-SVM(t),B06,123,,spike,subtle,1.0
,,,,,,,,OC-SVM(t),B06,123,,spike,obvious,1.0
,,,,,,,,OC-SVM(t),B06,123,,schedule,moderate,1.0
,,,,,,,,OC-SVM(t),B06,123,,schedule,obvious,1.0
6.0,2.0,0.8421052631578947,0.3333333333333333,0.4776119402985075,34.5,0.3333333333333333,0.0024937655860349127,OC-SVM(t),B07,123,False,,,
,,,,,,,,OC-SVM(t),B07,123,,schedule,moderate,0.0
,,,,,,,,OC-SVM(t),B07,123,,schedule,subtle,0.0
,,,,,,,,OC-SVM(t),B07,123,,schedule,subtle,0.0
,,,,,,,,OC-SVM(t),B07,123,,schedule,moderate,0.0
,,,,,,,,OC-SVM(t),B07,123,,drift,obvious,1.0
,,,,,,,,OC-SVM(t),B07,123,,spike,subtle,1.0
6.0,4.0,0.6842105263157895,0.6666666666666666,0.6753246753246753,6.5,0.6666666666666666,0.004972032318210068,OC-SVM(t),B08,123,False,,,
,,,,,,,,OC-SVM(t),B08,123,,drift,subtle,0.0
,,,,,,,,OC-SVM(t),B08,123,,spike,subtle,1.0
,,,,,,,,OC-SVM(t),B08,123,,schedule,obvious,0.0
,,,,,,,,OC-SVM(t),B08,123,,spike,moderate,1.0
,,,,,,,,OC-SVM(t),B08,123,,drift,obvious,1.0
,,,,,,,,OC-SVM(t),B08,123,,spike,obvious,1.0
6.0,5.0,0.16113744075829384,0.8333333333333334,0.27005559968228754,3.8,0.8333333333333334,0.16507936507936508,AE(t),B01,123,True,,,
,,,,,,,,AE(t),B01,123,,spike,obvious,0.0
,,,,,,,,AE(t),B01,123,,spike,subtle,1.0
,,,,,,,,AE(t),B01,123,,drift,obvious,1.0
,,,,,,,,AE(t),B01,123,,schedule,obvious,1.0
,,,,,,,,AE(t),B01,123,,spike,obvious,1.0
,,,,,,,,AE(t),B01,123,,spike,moderate,1.0
6.0,5.0,0.21904761904761905,0.8333333333333334,0.34690799396681754,32.0,0.8333333333333334,0.14794685990338163,AE(t),B02,123,True,,,
,,,,,,,,AE(t),B02,123,,schedule,obvious,1.0
,,,,,,,,AE(t),B02,123,,drift,subtle,1.0
,,,,,,,,AE(t),B02,123,,spike,obvious,1.0
,,,,,,,,AE(t),B02,123,,drift,obvious,1.0
,,,,,,,,AE(t),B02,123,,spike,obvious,1.0
,,,,,,,,AE(t),B02,123,,spike,subtle,0.0
6.0,6.0,0.5299145299145299,1.0,0.6927374301675978,9.166666666666666,1.0,0.13785557986870897,AE(t),B03,123,True,,,
,,,,,,,,AE(t),B03,123,,drift,moderate,1.0
,,,,,,,,AE(t),B03,123,,spike,moderate,1.0
,,,,,,,,AE(t),B03,123,,drift,moderate,1.0
,,,,,,,,AE(t),B03,123,,drift,moderate,1.0
,,,,,,,,AE(t),B03,123,,spike,moderate,1.0
,,,,,,,,AE(t),B03,123,,schedule,obvious,1.0
6.0,6.0,0.4142857142857143,1.0,0.5858585858585859,6.5,1.0,0.14744027303754267,AE(t),B04,123,True,,,
,,,,,,,,AE(t),B04,123,,spike,subtle,1.0
,,,,,,,,AE(t),B04,123,,drift,obvious,1.0
,,,,,,,,AE(t),B04,123,,schedule,subtle,1.0
,,,,,,,,AE(t),B04,123,,spike,subtle,1.0
,,,,,,,,AE(t),B04,123,,drift,subtle,1.0
,,,,,,,,AE(t),B04,123,,drift,obvious,1.0
6.0,6.0,0.25280898876404495,1.0,0.40358744394618834,27.166666666666668,1.0,0.15742397137745975,AE(t),B05,123,True,,,
,,,,,,,,AE(t),B05,123,,drift,obvious,1.0
,,,,,,,,AE(t),B05,123,,spike,moderate,1.0
,,,,,,,,AE(t),B05,123,,spike,subtle,1.0
,,,,,,,,AE(t),B05,123,,drift,obvious,1.0
,,,,,,,,AE(t),B05,123,,drift,subtle,1.0
,,,,,,,,AE(t),B05,123,,spike,subtle,1.0
6.0,6.0,0.2946859903381642,1.0,0.4552238805970149,3.8333333333333335,1.0,0.13383545770567787,AE(t),B06,123,True,,,
,,,,,,,,AE(t),B06,123,,spike,subtle,1.0
,,,,,,,,AE(t),B06,123,,drift,moderate,1.0
,,,,,,,,AE(t),B06,123,,spike,subtle,1.0
,,,,,,,,AE(t),B06,123,,spike,obvious,1.0
,,,,,,,,AE(t),B06,123,,schedule,moderate,1.0
,,,,,,,,AE(t),B06,123,,schedule,obvious,1.0
6.0,6.0,0.4972067039106145,1.0,0.664179104477612,6.333333333333333,1.0,0.18204488778054864,AE(t),B07,123,False,,,
,,,,,,,,AE(t),B07,123,,schedule,moderate,1.0
,,,,,,,,AE(t),B07,123,,schedule,subtle,1.0
,,,,,,,,AE(t),B07,123,,schedule,subtle,1.0
,,,,,,,,AE(t),B07,123,,schedule,moderate,1.0
,,,,,,,,AE(t),B07,123,,drift,obvious,1.0
,,,,,,,,AE(t),B07,123,,spike,subtle,1.0
6.0,6.0,0.2553191489361702,1.0,0.4067796610169491,2.1666666666666665,1.0,0.15164698570540708,AE(t),B08,123,False,,,
,,,,,,,,AE(t),B08,123,,drift,subtle,1.0
,,,,,,,,AE(t),B08,123,,spike,subtle,1.0
,,,,,,,,AE(t),B08,123,,schedule,obvious,1.0
,,,,,,,,AE(t),B08,123,,spike,moderate,1.0
,,,,,,,,AE(t),B08,123,,drift,obvious,1.0
,,,,,,,,AE(t),B08,123,,spike,obvious,1.0
6.0,2.0,0.4,0.3333333333333333,0.3636363636363636,0.0,0.3333333333333333,0.14814814814814814,LSTM-AE(t),B01,123,True,,,
,,,,,,,,LSTM-AE(t),B01,123,,spike,obvious,0.0
,,,,,,,,LSTM-AE(t),B01,123,,spike,subtle,0.0
,,,,,,,,LSTM-AE(t),B01,123,,drift,obvious,0.0
,,,,,,,,LSTM-AE(t),B01,123,,schedule,obvious,0.0
,,,,,,,,LSTM-AE(t),B01,123,,spike,obvious,1.0
,,,,,,,,LSTM-AE(t),B01,123,,spike,moderate,1.0
6.0,3.0,0.42857142857142855,0.5,0.4615384615384615,61.0,0.5,0.15458937198067632,LSTM-AE(t),B02,123,True,,,
,,,,,,,,LSTM-AE(t),B02,123,,schedule,obvious,1.0
,,,,,,,,LSTM-AE(t),B02,123,,drift,subtle,0.0
,,,,,,,,LSTM-AE(t),B02,123,,spike,obvious,0.0
,,,,,,,,LSTM-AE(t),B02,123,,drift,obvious,1.0
,,,,,,,,LSTM-AE(t),B02,123,,spike,obvious,1.0
,,,,,,,,LSTM-AE(t),B02,123,,spike,subtle,0.0
6.0,0.0,0.0,0.0,0.0,,0.0,0.0350109409190372,LSTM-AE(t),B03,123,True,,,
,,,,,,,,LSTM-AE(t),B03,123,,drift,moderate,0.0
,,,,,,,,LSTM-AE(t),B03,123,,spike,moderate,0.0
,,,,,,,,LSTM-AE(t),B03,123,,drift,moderate,0.0
,,,,,,,,LSTM-AE(t),B03,123,,drift,moderate,0.0
,,,,,,,,LSTM-AE(t),B03,123,,spike,moderate,0.0
,,,,,,,,LSTM-AE(t),B03,123,,schedule,obvious,0.0
6.0,1.0,1.0,0.16666666666666666,0.2857142857142857,138.0,0.16666666666666666,0.012286689419795221,LSTM-AE(t),B04,123,True,,,
,,,,,,,,LSTM-AE(t),B04,123,,spike,subtle,0.0
,,,,,,,,LSTM-AE(t),B04,123,,drift,obvious,1.0
,,,,,,,,LSTM-AE(t),B04,123,,schedule,subtle,0.0
,,,,,,,,LSTM-AE(t),B04,123,,spike,subtle,0.0
,,,,,,,,LSTM-AE(t),B04,123,,drift,subtle,0.0
,,,,,,,,LSTM-AE(t),B04,123,,drift,obvious,0.0
6.0,6.0,0.5,1.0,0.6666666666666666,56.333333333333336,1.0,0.23673225998807393,LSTM-AE(t),B05,123,True,,,
,,,,,,,,LSTM-AE(t),B05,123,,drift,obvious,1.0
,,,,,,,,LSTM-AE(t),B05,123,,spike,moderate,1.0
,,,,,,,,LSTM-AE(t),B05,123,,spike,subtle,1.0
,,,,,,,,LSTM-AE(t),B05,123,,drift,obvious,1.0
,,,,,,,,LSTM-AE(t),B05,123,,drift,subtle,1.0
,,,,,,,,LSTM-AE(t),B05,123,,spike,subtle,1.0
6.0,1.0,0.3333333333333333,0.16666666666666666,0.2222222222222222,0.0,0.16666666666666666,0.08227114716106605,LSTM-AE(t),B06,123,True,,,
,,,,,,,,LSTM-AE(t),B06,123,,spike,subtle,0.0
,,,,,,,,LSTM-AE(t),B06,123,,drift,moderate,0.0
,,,,,,,,LSTM-AE(t),B06,123,,spike,subtle,0.0
,,,,,,,,LSTM-AE(t),B06,123,,spike,obvious,1.0
,,,,,,,,LSTM-AE(t),B06,123,,schedule,moderate,0.0
,,,,,,,,LSTM-AE(t),B06,123,,schedule,obvious,0.0
6.0,1.0,1.0,0.16666666666666666,0.2857142857142857,235.0,0.16666666666666666,0.015793848711554447,LSTM-AE(t),B07,123,False,,,
,,,,,,,,LSTM-AE(t),B07,123,,schedule,moderate,0.0
,,,,,,,,LSTM-AE(t),B07,123,,schedule,subtle,0.0
,,,,,,,,LSTM-AE(t),B07,123,,schedule,subtle,0.0
,,,,,,,,LSTM-AE(t),B07,123,,schedule,moderate,0.0
,,,,,,,,LSTM-AE(t),B07,123,,drift,obvious,1.0
,,,,,,,,LSTM-AE(t),B07,123,,spike,subtle,0.0
6.0,2.0,1.0,0.3333333333333333,0.5,48.5,0.3333333333333333,0.044126786824114354,LSTM-AE(t),B08,123,False,,,
,,,,,,,,LSTM-AE(t),B08,123,,drift,subtle,0.0
,,,,,,,,LSTM-AE(t),B08,123,,spike,subtle,0.0
,,,,,,,,LSTM-AE(t),B08,123,,schedule,obvious,0.0
,,,,,,,,LSTM-AE(t),B08,123,,spike,moderate,0.0
,,,,,,,,LSTM-AE(t),B08,123,,drift,obvious,1.0
,,,,,,,,LSTM-AE(t),B08,123,,spike,obvious,1.0
6.0,5.0,0.68,0.8333333333333334,0.748898678414097,49.6,0.8333333333333334,0.006060606060606061,PatchTST-SSL(HoD-cond),B01,124,True,,,
,,,,,,,,PatchTST-SSL(HoD-cond),B01,124,,schedule,obvious,1.0
,,,,,,,,PatchTST-SSL(HoD-cond),B01,124,,spike,obvious,1.0
,,,,,,,,PatchTST-SSL(HoD-cond),B01,124,,spike,subtle,0.0
,,,,,,,,PatchTST-SSL(HoD-cond),B01,124,,schedule,moderate,1.0
,,,,,,,,PatchTST-SSL(HoD-cond),B01,124,,schedule,obvious,1.0
,,,,,,,,PatchTST-SSL(HoD-cond),B01,124,,drift,subtle,1.0
6.0,6.0,0.9545454545454546,1.0,0.9767441860465117,75.83333333333333,1.0,0.0006958942240779402,PatchTST-SSL(HoD-cond),B02,124,True,,,
,,,,,,,,PatchTST-SSL(HoD-cond),B02,124,,drift,moderate,1.0
,,,,,,,,PatchTST-SSL(HoD-cond),B02,124,,spike,moderate,1.0
,,,,,,,,PatchTST-SSL(HoD-cond),B02,124,,spike,obvious,1.0
,,,,,,,,PatchTST-SSL(HoD-cond),B02,124,,spike,obvious,1.0
,,,,,,,,PatchTST-SSL(HoD-cond),B02,124,,drift,moderate,1.0
,,,,,,,,PatchTST-SSL(HoD-cond),B02,124,,drift,subtle,1.0
6.0,5.0,0.85,0.8333333333333334,0.8415841584158417,15.8,0.8333333333333334,0.0017678255745433118,PatchTST-SSL(HoD-cond),B03,124,True,,,
,,,,,,,,PatchTST-SSL(HoD-cond),B03,124,,spike,subtle,1.0
,,,,,,,,PatchTST-SSL(HoD-cond),B03,124,,schedule,obvious,0.0
,,,,,,,,PatchTST-SSL(HoD-cond),B03,124,,drift,obvious,1.0
,,,,,,,,PatchTST-SSL(HoD-cond),B03,124,,drift,moderate,1.0
,,,,,,,,PatchTST-SSL(HoD-cond),B03,124,,spike,subtle,1.0
,,,,,,,,PatchTST-SSL(HoD-cond),B03,124,,spike,subtle,1.0
6.0,3.0,0.9565217391304348,0.5,0.6567164179104478,43.333333333333336,0.5,0.0014609203798392988,PatchTST-SSL(HoD-cond),B04,124,True,,,
,,,,,,,,PatchTST-SSL(HoD-cond),B04,124,,schedule,subtle,0.0
,,,,,,,,PatchTST-SSL(HoD-cond),B04,124,,drift,subtle,1.0
,,,,,,,,PatchTST-SSL(HoD-cond),B04,124,,drift,moderate,1.0
,,,,,,,,PatchTST-SSL(HoD-cond),B04,124,,spike,subtle,0.0
,,,,,,,,PatchTST-SSL(HoD-cond),B04,124,,drift,moderate,1.0
,,,,,,,,PatchTST-SSL(HoD-cond),B04,124,,spike,subtle,0.0
6.0,5.0,1.0,0.8333333333333334,0.9090909090909091,42.0,0.8333333333333334,0.0,PatchTST-SSL(HoD-cond),B05,124,True,,,
,,,,,,,,PatchTST-SSL(HoD-cond),B05,124,,schedule,obvious,0.0
,,,,,,,,PatchTST-SSL(HoD-cond),B05,124,,drift,obvious,1.0
,,,,,,,,PatchTST-SSL(HoD-cond),B05,124,,spike,moderate,1.0
,,,,,,,,PatchTST-SSL(HoD-cond),B05,124,,drift,subtle,1.0
,,,,,,,,PatchTST-SSL(HoD-cond),B05,124,,spike,obvious,1.0
,,,,,,,,PatchTST-SSL(HoD-cond),B05,124,,spike,subtle,1.0
6.0,5.0,0.8235294117647058,0.8333333333333334,0.8284023668639053,16.0,0.8333333333333334,0.0018714909544603868,PatchTST-SSL(HoD-cond),B06,124,True,,,
,,,,,,,,PatchTST-SSL(HoD-cond),B06,124,,spike,subtle,1.0
,,,,,,,,PatchTST-SSL(HoD-cond),B06,124,,drift,obvious,1.0
,,,,,,,,PatchTST-SSL(HoD-cond),B06,124,,spike,obvious,1.0
,,,,,,,,PatchTST-SSL(HoD-cond),B06,124,,spike,obvious,1.0
,,,,,,,,PatchTST-SSL(HoD-cond),B06,124,,schedule,moderate,0.0
,,,,,,,,PatchTST-SSL(HoD-cond),B06,124,,drift,subtle,1.0
6.0,3.0,1.0,0.5,0.6666666666666666,49.333333333333336,0.5,0.0,PatchTST-SSL(HoD-cond),B07,124,False,,,
,,,,,,,,PatchTST-SSL(HoD-cond),B07,124,,drift,obvious,1.0
,,,,,,,,PatchTST-SSL(HoD-cond),B07,124,,drift,subtle,0.0
,,,,,,,,PatchTST-SSL(HoD-cond),B07,124,,drift,obvious,1.0
,,,,,,,,PatchTST-SSL(HoD-cond),B07,124,,drift,obvious,0.0
,,,,,,,,PatchTST-SSL(HoD-cond),B07,124,,spike,moderate,0.0
,,,,,,,,PatchTST-SSL(HoD-cond),B07,124,,schedule,obvious,1.0
6.0,6.0,0.9333333333333333,1.0,0.9655172413793104,52.0,1.0,0.0013440860215053765,PatchTST-SSL(HoD-cond),B08,124,False,,,
,,,,,,,,PatchTST-SSL(HoD-cond),B08,124,,schedule,obvious,1.0
,,,,,,,,PatchTST-SSL(HoD-cond),B08,124,,spike,moderate,1.0
,,,,,,,,PatchTST-SSL(HoD-cond),B08,124,,drift,obvious,1.0
,,,,,,,,PatchTST-SSL(HoD-cond),B08,124,,schedule,obvious,1.0
,,,,,,,,PatchTST-SSL(HoD-cond),B08,124,,drift,subtle,1.0
,,,,,,,,PatchTST-SSL(HoD-cond),B08,124,,spike,obvious,1.0
6.0,4.0,0.6486486486486487,0.6666666666666666,0.6575342465753425,15.0,0.6666666666666666,0.008754208754208754,PatchTST-SSL(HoW-cond),B01,124,True,,,
,,,,,,,,PatchTST-SSL(HoW-cond),B01,124,,schedule,obvious,0.0
,,,,,,,,PatchTST-SSL(HoW-cond),B01,124,,spike,obvious,1.0
,,,,,,,,PatchTST-SSL(HoW-cond),B01,124,,spike,subtle,1.0
,,,,,,,,PatchTST-SSL(HoW-cond),B01,124,,schedule,moderate,0.0
,,,,,,,,PatchTST-SSL(HoW-cond),B01,124,,schedule,obvious,1.0
,,,,,,,,PatchTST-SSL(HoW-cond),B01,124,,drift,subtle,1.0
6.0,6.0,0.7,1.0,0.8235294117647058,67.83333333333333,1.0,0.011134307585247043,PatchTST-SSL(HoW-cond),B02,124,True,,,
,,,,,,,,PatchTST-SSL(HoW-cond),B02,124,,drift,moderate,1.0
,,,,,,,,PatchTST-SSL(HoW-cond),B02,124,,spike,moderate,1.0
,,,,,,,,PatchTST-SSL(HoW-cond),B02,124,,spike,obvious,1.0
,,,,,,,,PatchTST-SSL(HoW-cond),B02,124,,spike,obvious,1.0
,,,,,,,,PatchTST-SSL(HoW-cond),B02,124,,drift,moderate,1.0
,,,,,,,,PatchTST-SSL(HoW-cond),B02,124,,drift,subtle,1.0
6.0,5.0,0.4576271186440678,0.8333333333333334,0.5908096280087528,9.8,0.8333333333333334,0.024160282852091926,PatchTST-SSL(HoW-cond),B03,124,True,,,
,,,,,,,,PatchTST-SSL(HoW-cond),B03,124,,spike,subtle,1.0
,,,,,,,,PatchTST-SSL(HoW-cond),B03,124,,schedule,obvious,0.0
,,,,,,,,PatchTST-SSL(HoW-cond),B03,124,,drift,obvious,1.0
,,,,,,,,PatchTST-SSL(HoW-cond),B03,124,,drift,moderate,1.0
,,,,,,,,PatchTST-SSL(HoW-cond),B03,124,,spike,subtle,1.0
,,,,,,,,PatchTST-SSL(HoW-cond),B03,124,,spike,subtle,1.0
6.0,4.0,0.5866666666666667,0.6666666666666666,0.6241134751773049,14.5,0.6666666666666666,0.03579254930606282,PatchTST-SSL(HoW-cond),B04,124,True,,,
,,,,,,,,PatchTST-SSL(HoW-cond),B04,124,,schedule,subtle,1.0
,,,,,,,,PatchTST-SSL(HoW-cond),B04,124,,drift,subtle,1.0
,,,,,,,,PatchTST-SSL(HoW-cond),B04,124,,drift,moderate,1.0
,,,,,,,,PatchTST-SSL(HoW-cond),B04,124,,spike,subtle,0.0
,,,,,,,,PatchTST-SSL(HoW-cond),B04,124,,drift,moderate,1.0
,,,,,,,,PatchTST-SSL(HoW-cond),B04,124,,spike,subtle,0.0
6.0,6.0,0.5915492957746479,1.0,0.743362831858407,20.833333333333332,1.0,0.027232425585813805,PatchTST-SSL(HoW-cond),B05,124,True,,,
,,,,,,,,PatchTST-SSL(HoW-cond),B05,124,,schedule,obvious,1.0
,,,,,,,,PatchTST-SSL(HoW-cond),B05,124,,drift,obvious,1.0
,,,,,,,,PatchTST-SSL(HoW-cond),B05,124,,spike,moderate,1.0
,,,,,,,,PatchTST-SSL(HoW-cond),B05,124,,drift,subtle,1.0
,,,,,,,,PatchTST-SSL(HoW-cond),B05,124,,spike,obvious,1.0
,,,,,,,,PatchTST-SSL(HoW-cond),B05,124,,spike,subtle,1.0
6.0,6.0,0.6268656716417911,1.0,0.7706422018348624,8.0,1.0,0.021834061135371178,PatchTST-SSL(HoW-cond),B06,124,True,,,
,,,,,,,,PatchTST-SSL(HoW-cond),B06,124,,spike,subtle,1.0
,,,,,,,,PatchTST-SSL(HoW-cond),B06,124,,drift,obvious,1.0
,,,,,,,,PatchTST-SSL(HoW-cond),B06,124,,spike,obvious,1.0
,,,,,,,,PatchTST-SSL(HoW-cond),B06,124,,spike,obvious,1.0
,,,,,,,,PatchTST-SSL(HoW-cond),B06,124,,schedule,moderate,1.0
,,,,,,,,PatchTST-SSL(HoW-cond),B06,124,,drift,subtle,1.0
6.0,4.0,0.7435897435897436,0.6666666666666666,0.7030303030303031,51.25,0.6666666666666666,0.01020408163265306,PatchTST-SSL(HoW-cond),B07,124,False,,,
,,,,,,,,PatchTST-SSL(HoW-cond),B07,124,,drift,obvious,1.0
,,,,,,,,PatchTST-SSL(HoW-cond),B07,124,,drift,subtle,1.0
,,,,,,,,PatchTST-SSL(HoW-cond),B07,124,,drift,obvious,1.0
,,,,,,,,PatchTST-SSL(HoW-cond),B07,124,,drift,obvious,0.0
,,,,,,,,PatchTST-SSL(HoW-cond),B07,124,,spike,moderate,0.0
,,,,,,,,PatchTST-SSL(HoW-cond),B07,124,,schedule,obvious,1.0
6.0,6.0,0.53125,1.0,0.6938775510204082,9.0,1.0,0.030913978494623656,PatchTST-SSL(HoW-cond),B08,124,False,,,
,,,,,,,,PatchTST-SSL(HoW-cond),B08,124,,schedule,obvious,1.0
,,,,,,,,PatchTST-SSL(HoW-cond),B08,124,,spike,moderate,1.0
,,,,,,,,PatchTST-SSL(HoW-cond),B08,124,,drift,obvious,1.0
,,,,,,,,PatchTST-SSL(HoW-cond),B08,124,,schedule,obvious,1.0
,,,,,,,,PatchTST-SSL(HoW-cond),B08,124,,drift,subtle,1.0
,,,,,,,,PatchTST-SSL(HoW-cond),B08,124,,spike,obvious,1.0
6.0,4.0,0.391304347826087,0.6666666666666666,0.4931506849315068,36.0,0.6666666666666666,0.009427609427609427,HOW-profile+z,B01,124,True,,,
,,,,,,,,HOW-profile+z,B01,124,,schedule,obvious,1.0
,,,,,,,,HOW-profile+z,B01,124,,spike,obvious,1.0
,,,,,,,,HOW-profile+z,B01,124,,spike,subtle,1.0
,,,,,,,,HOW-profile+z,B01,124,,schedule,moderate,0.0
,,,,,,,,HOW-profile+z,B01,124,,schedule,obvious,0.0
,,,,,,,,HOW-profile+z,B01,124,,drift,subtle,1.0
6.0,6.0,0.4024390243902439,1.0,0.5739130434782609,49.5,1.0,0.04384133611691023,HOW-profile+z,B02,124,True,,,
,,,,,,,,HOW-profile+z,B02,124,,drift,moderate,1.0
,,,,,,,,HOW-profile+z,B02,124,,spike,moderate,1.0
,,,,,,,,HOW-profile+z,B02,124,,spike,obvious,1.0
,,,,,,,,HOW-profile+z,B02,124,,spike,obvious,1.0
,,,,,,,,HOW-profile+z,B02,124,,drift,moderate,1.0
,,,,,,,,HOW-profile+z,B02,124,,drift,subtle,1.0
6.0,5.0,0.9,0.8333333333333334,0.8653846153846153,2.8,0.8333333333333334,0.002357100766057749,HOW-profile+z,B03,124,True,,,
,,,,,,,,HOW-profile+z,B03,124,,spike,subtle,1.0
,,,,,,,,HOW-profile+z,B03,124,,schedule,obvious,0.0
,,,,,,,,HOW-profile+z,B03,124,,drift,obvious,1.0
,,,,,,,,HOW-profile+z,B03,124,,drift,moderate,1.0
,,,,,,,,HOW-profile+z,B03,124,,spike,subtle,1.0
,,,,,,,,HOW-profile+z,B03,124,,spike,subtle,1.0
6.0,3.0,0.96875,0.5,0.6595744680851063,46.0,0.5,0.0007304601899196494,HOW-profile+z,B04,124,True,,,
,,,,,,,,HOW-profile+z,B04,124,,schedule,subtle,0.0
,,,,,,,,HOW-profile+z,B04,124,,drift,subtle,1.0
,,,,,,,,HOW-profile+z,B04,124,,drift,moderate,1.0
,,,,,,,,HOW-profile+z,B04,124,,spike,subtle,0.0
,,,,,,,,HOW-profile+z,B04,124,,drift,moderate,1.0
,,,,,,,,HOW-profile+z,B04,124,,spike,subtle,0.0
6.0,5.0,0.8378378378378378,0.8333333333333334,0.8355795148247978,36.4,0.8333333333333334,0.0037998733375554147,HOW-profile+z,B05,124,True,,,
,,,,,,,,HOW-profile+z,B05,124,,schedule,obvious,0.0
,,,,,,,,HOW-profile+z,B05,124,,drift,obvious,1.0
,,,,,,,,HOW-profile+z,B05,124,,spike,moderate,1.0
,,,,,,,,HOW-profile+z,B05,124,,drift,subtle,1.0
,,,,,,,,HOW-profile+z,B05,124,,spike,obvious,1.0
,,,,,,,,HOW-profile+z,B05,124,,spike,subtle,1.0
6.0,6.0,0.8363636363636363,1.0,0.9108910891089108,18.166666666666668,1.0,0.0056144728633811605,HOW-profile+z,B06,124,True,,,
,,,,,,,,HOW-profile+z,B06,124,,spike,subtle,1.0
,,,,,,,,HOW-profile+z,B06,124,,drift,obvious,1.0
,,,,,,,,HOW-profile+z,B06,124,,spike,obvious,1.0
,,,,,,,,HOW-profile+z,B06,124,,spike,obvious,1.0
,,,,,,,,HOW-profile+z,B06,124,,schedule,moderate,1.0
,,,,,,,,HOW-profile+z,B06,124,,drift,subtle,1.0
6.0,3.0,0.9743589743589743,0.5,0.6608695652173913,64.0,0.5,0.0007849293563579278,HOW-profile+z,B07,124,False,,,
,,,,,,,,HOW-profile+z,B07,124,,drift,obvious,1.0
,,,,,,,,HOW-profile+z,B07,124,,drift,subtle,1.0
,,,,,,,,HOW-profile+z,B07,124,,drift,obvious,1.0
,,,,,,,,HOW-profile+z,B07,124,,drift,obvious,0.0
,,,,,,,,HOW-profile+z,B07,124,,spike,moderate,0.0
,,,,,,,,HOW-profile+z,B07,124,,schedule,obvious,0.0
6.0,5.0,0.9285714285714286,0.8333333333333334,0.8783783783783784,59.4,0.8333333333333334,0.0013440860215053765,HOW-profile+z,B08,124,False,,,
,,,,,,,,HOW-profile+z,B08,124,,schedule,obvious,1.0
,,,,,,,,HOW-profile+z,B08,124,,spike,moderate,1.0
,,,,,,,,HOW-profile+z,B08,124,,drift,obvious,1.0
,,,,,,,,HOW-profile+z,B08,124,,schedule,obvious,0.0
,,,,,,,,HOW-profile+z,B08,124,,drift,subtle,1.0
,,,,,,,,HOW-profile+z,B08,124,,spike,obvious,1.0
6.0,5.0,0.75,0.8333333333333334,0.7894736842105262,40.8,0.8333333333333334,0.0053872053872053875,TOWT(HoW-cond),B01,124,True,,,
,,,,,,,,TOWT(HoW-cond),B01,124,,schedule,obvious,1.0
,,,,,,,,TOWT(HoW-cond),B01,124,,spike,obvious,1.0
,,,,,,,,TOWT(HoW-cond),B01,124,,spike,subtle,1.0
,,,,,,,,TOWT(HoW-cond),B01,124,,schedule,moderate,0.0
,,,,,,,,TOWT(HoW-cond),B01,124,,schedule,obvious,1.0
,,,,,,,,TOWT(HoW-cond),B01,124,,drift,subtle,1.0
6.0,4.0,0.7894736842105263,0.6666666666666666,0.7228915662650601,2.0,0.6666666666666666,0.0027835768963117608,TOWT(HoW-cond),B02,124,True,,,
,,,,,,,,TOWT(HoW-cond),B02,124,,drift,moderate,1.0
,,,,,,,,TOWT(HoW-cond),B02,124,,spike,moderate,1.0
,,,,,,,,TOWT(HoW-cond),B02,124,,spike,obvious,1.0
,,,,,,,,TOWT(HoW-cond),B02,124,,spike,obvious,1.0
,,,,,,,,TOWT(HoW-cond),B02,124,,drift,moderate,0.0
,,,,,,,,TOWT(HoW-cond),B02,124,,drift,subtle,0.0
6.0,5.0,0.8409090909090909,0.8333333333333334,0.8371040723981901,10.6,0.8333333333333334,0.004714201532115498,TOWT(HoW-cond),B03,124,True,,,
,,,,,,,,TOWT(HoW-cond),B03,124,,spike,subtle,1.0
,,,,,,,,TOWT(HoW-cond),B03,124,,schedule,obvious,0.0
,,,,,,,,TOWT(HoW-cond),B03,124,,drift,obvious,1.0
,,,,,,,,TOWT(HoW-cond),B03,124,,drift,moderate,1.0
,,,,,,,,TOWT(HoW-cond),B03,124,,spike,subtle,1.0
,,,,,,,,TOWT(HoW-cond),B03,124,,spike,subtle,1.0
6.0,3.0,0.96875,0.5,0.6595744680851063,44.0,0.5,0.0014609203798392988,TOWT(HoW-cond),B04,124,True,,,
,,,,,,,,TOWT(HoW-cond),B04,124,,schedule,subtle,0.0
,,,,,,,,TOWT(HoW-cond),B04,124,,drift,subtle,1.0
,,,,,,,,TOWT(HoW-cond),B04,124,,drift,moderate,1.0
,,,,,,,,TOWT(HoW-cond),B04,124,,spike,subtle,0.0
,,,,,,,,TOWT(HoW-cond),B04,124,,drift,moderate,1.0
,,,,,,,,TOWT(HoW-cond),B04,124,,spike,subtle,0.0
6.0,6.0,0.8214285714285714,1.0,0.9019607843137255,35.666666666666664,1.0,0.0031665611146295125,TOWT(HoW-cond),B05,124,True,,,
,,,,,,,,TOWT(HoW-cond),B05,124,,schedule,obvious,1.0
,,,,,,,,TOWT(HoW-cond),B05,124,,drift,obvious,1.0
,,,,,,,,TOWT(HoW-cond),B05,124,,spike,moderate,1.0
,,,,,,,,TOWT(HoW-cond),B05,124,,drift,subtle,1.0
,,,,,,,,TOWT(HoW-cond),B05,124,,spike,obvious,1.0
,,,,,,,,TOWT(HoW-cond),B05,124,,spike,subtle,1.0
6.0,6.0,0.84375,1.0,0.9152542372881356,31.0,1.0,0.004366812227074236,TOWT(HoW-cond),B06,124,True,,,
,,,,,,,,TOWT(HoW-cond),B06,124,,spike,subtle,1.0
,,,,,,,,TOWT(HoW-cond),B06,124,,drift,obvious,1.0
,,,,,,,,TOWT(HoW-cond),B06,124,,spike,obvious,1.0
,,,,,,,,TOWT(HoW-cond),B06,124,,spike,obvious,1.0
,,,,,,,,TOWT(HoW-cond),B06,124,,schedule,moderate,1.0
,,,,,,,,TOWT(HoW-cond),B06,124,,drift,subtle,1.0
6.0,4.0,1.0,0.6666666666666666,0.8,57.25,0.6666666666666666,0.0,TOWT(HoW-cond),B07,124,False,,,
,,,,,,,,TOWT(HoW-cond),B07,124,,drift,obvious,1.0
,,,,,,,,TOWT(HoW-cond),B07,124,,drift,subtle,1.0
,,,,,,,,TOWT(HoW-cond),B07,124,,drift,obvious,1.0
,,,,,,,,TOWT(HoW-cond),B07,124,,drift,obvious,0.0
,,,,,,,,TOWT(HoW-cond),B07,124,,spike,moderate,0.0
,,,,,,,,TOWT(HoW-cond),B07,124,,schedule,obvious,1.0
6.0,6.0,0.9090909090909091,1.0,0.9523809523809523,38.333333333333336,1.0,0.0020161290322580645,TOWT(HoW-cond),B08,124,False,,,
,,,,,,,,TOWT(HoW-cond),B08,124,,schedule,obvious,1.0
,,,,,,,,TOWT(HoW-cond),B08,124,,spike,moderate,1.0
,,,,,,,,TOWT(HoW-cond),B08,124,,drift,obvious,1.0
,,,,,,,,TOWT(HoW-cond),B08,124,,schedule,obvious,1.0
,,,,,,,,TOWT(HoW-cond),B08,124,,drift,subtle,1.0
,,,,,,,,TOWT(HoW-cond),B08,124,,spike,obvious,1.0
6.0,5.0,0.2727272727272727,0.8333333333333334,0.4109589041095891,53.2,0.8333333333333334,0.027609427609427608,IF(t),B01,124,True,,,
,,,,,,,,IF(t),B01,124,,schedule,obvious,1.0
,,,,,,,,IF(t),B01,124,,spike,obvious,1.0
,,,,,,,,IF(t),B01,124,,spike,subtle,1.0
,,,,,,,,IF(t),B01,124,,schedule,moderate,1.0
,,,,,,,,IF(t),B01,124,,schedule,obvious,0.0
,,,,,,,,IF(t),B01,124,,drift,subtle,1.0
6.0,5.0,0.5294117647058824,0.8333333333333334,0.6474820143884893,31.8,0.8333333333333334,0.026443980514961725,IF(t),B02,124,True,,,
,,,,,,,,IF(t),B02,124,,drift,moderate,1.0
,,,,,,,,IF(t),B02,124,,spike,moderate,1.0
,,,,,,,,IF(t),B02,124,,spike,obvious,1.0
,,,,,,,,IF(t),B02,124,,spike,obvious,1.0
,,,,,,,,IF(t),B02,124,,drift,moderate,1.0
,,,,,,,,IF(t),B02,124,,drift,subtle,0.0
6.0,5.0,0.6097560975609756,0.8333333333333334,0.7042253521126761,7.6,0.8333333333333334,0.01708898055391868,IF(t),B03,124,True,,,
,,,,,,,,IF(t),B03,124,,spike,subtle,1.0
,,,,,,,,IF(t),B03,124,,schedule,obvious,0.0
,,,,,,,,IF(t),B03,124,,drift,obvious,1.0
,,,,,,,,IF(t),B03,124,,drift,moderate,1.0
,,,,,,,,IF(t),B03,124,,spike,subtle,1.0
,,,,,,,,IF(t),B03,124,,spike,subtle,1.0
6.0,3.0,0.6046511627906976,0.5,0.5473684210526316,33.333333333333336,0.5,0.014609203798392988,IF(t),B04,124,True,,,
,,,,,,,,IF(t),B04,124,,schedule,subtle,0.0
,,,,,,,,IF(t),B04,124,,drift,subtle,1.0
,,,,,,,,IF(t),B04,124,,drift,moderate,1.0
,,,,,,,,IF(t),B04,124,,spike,subtle,0.0
,,,,,,,,IF(t),B04,124,,drift,moderate,1.0
,,,,,,,,IF(t),B04,124,,spike,subtle,0.0
6.0,6.0,0.3617021276595745,1.0,0.53125,40.5,1.0,0.03609879670677644,IF(t),B05,124,True,,,
,,,,,,,,IF(t),B05,124,,schedule,obvious,1.0
,,,,,,,,IF(t),B05,124,,drift,obvious,1.0
,,,,,,,,IF(t),B05,124,,spike,moderate,1.0
,,,,,,,,IF(t),B05,124,,drift,subtle,1.0
,,,,,,,,IF(t),B05,124,,spike,obvious,1.0
,,,,,,,,IF(t),B05,124,,spike,subtle,1.0
6.0,6.0,0.75,1.0,0.8571428571428571,12.333333333333334,1.0,0.008109794135995009,IF(t),B06,124,True,,,
,,,,,,,,IF(t),B06,124,,spike,subtle,1.0
,,,,,,,,IF(t),B06,124,,drift,obvious,1.0
,,,,,,,,IF(t),B06,124,,spike,obvious,1.0
,,,,,,,,IF(t),B06,124,,spike,obvious,1.0
,,,,,,,,IF(t),B06,124,,schedule,moderate,1.0
,,,,,,,,IF(t),B06,124,,drift,subtle,1.0
6.0,4.0,0.6862745098039216,0.6666666666666666,0.6763285024154588,39.5,0.6666666666666666,0.0141287284144427,IF(t),B07,124,False,,,
,,,,,,,,IF(t),B07,124,,drift,obvious,1.0
,,,,,,,,IF(t),B07,124,,drift,subtle,1.0
,,,,,,,,IF(t),B07,124,,drift,obvious,1.0
,,,,,,,,IF(t),B07,124,,drift,obvious,0.0
,,,,,,,,IF(t),B07,124,,spike,moderate,0.0
,,,,,,,,IF(t),B07,124,,schedule,obvious,1.0
6.0,5.0,0.42857142857142855,0.8333333333333334,0.5660377358490566,28.6,0.8333333333333334,0.02956989247311828,IF(t),B08,124,False,,,
,,,,,,,,IF(t),B08,124,,schedule,obvious,1.0
,,,,,,,,IF(t),B08,124,,spike,moderate,0.0
,,,,,,,,IF(t),B08,124,,drift,obvious,1.0
,,,,,,,,IF(t),B08,124,,schedule,obvious,1.0
,,,,,,,,IF(t),B08,124,,drift,subtle,1.0
,,,,,,,,IF(t),B08,124,,spike,obvious,1.0
6.0,6.0,0.26785714285714285,1.0,0.4225352112676056,52.0,1.0,0.048484848484848485,OC-SVM(t),B01,124,True,,,
,,,,,,,,OC-SVM(t),B01,124,,schedule,obvious,1.0
,,,,,,,,OC-SVM(t),B01,124,,spike,obvious,1.0
,,,,,,,,OC-SVM(t),B01,124,,spike,subtle,1.0
,,,,,,,,OC-SVM(t),B01,124,,schedule,moderate,1.0
,,,,,,,,OC-SVM(t),B01,124,,schedule,obvious,1.0
,,,,,,,,OC-SVM(t),B01,124,,drift,subtle,1.0
6.0,6.0,0.7966101694915254,1.0,0.8867924528301886,23.833333333333332,1.0,0.010438413361169102,OC-SVM(t),B02,124,True,,,
,,,,,,,,OC-SVM(t),B02,124,,drift,moderate,1.0
,,,,,,,,OC-SVM(t),B02,124,,spike,moderate,1.0
,,,,,,,,OC-SVM(t),B02,124,,spike,obvious,1.0
,,,,,,,,OC-SVM(t),B02,124,,spike,obvious,1.0
,,,,,,,,OC-SVM(t),B02,124,,drift,moderate,1.0
,,,,,,,,OC-SVM(t),B02,124,,drift,subtle,1.0
6.0,5.0,0.8,0.8333333333333334,0.816326530612245,53.8,0.8333333333333334,0.002357100766057749,OC-SVM(t),B03,124,True,,,
,,,,,,,,OC-SVM(t),B03,124,,spike,subtle,1.0
,,,,,,,,OC-SVM(t),B03,124,,schedule,obvious,0.0
,,,,,,,,OC-SVM(t),B03,124,,drift,obvious,1.0
,,,,,,,,OC-SVM(t),B03,124,,drift,moderate,1.0
,,,,,,,,OC-SVM(t),B03,124,,spike,subtle,1.0
,,,,,,,,OC-SVM(t),B03,124,,spike,subtle,1.0
6.0,3.0,0.36363636363636365,0.5,0.4210526315789474,115.0,0.5,0.017531044558071585,OC-SVM(t),B04,124,True,,,
,,,,,,,,OC-SVM(t),B04,124,,schedule,subtle,0.0
,,,,,,,,OC-SVM(t),B04,124,,drift,subtle,1.0
,,,,,,,,OC-SVM(t),B04,124,,drift,moderate,1.0
,,,,,,,,OC-SVM(t),B04,124,,spike,subtle,0.0
,,,,,,,,OC-SVM(t),B04,124,,drift,moderate,1.0
,,,,,,,,OC-SVM(t),B04,124,,spike,subtle,0.0
6.0,6.0,0.4318181818181818,1.0,0.6031746031746031,40.833333333333336,1.0,0.02026599113362888,OC-SVM(t),B05,124,True,,,
,,,,,,,,OC-SVM(t),B05,124,,schedule,obvious,1.0
,,,,,,,,OC-SVM(t),B05,124,,drift,obvious,1.0
,,,,,,,,OC-SVM(t),B05,124,,spike,moderate,1.0
,,,,,,,,OC-SVM(t),B05,124,,drift,subtle,1.0
,,,,,,,,OC-SVM(t),B05,124,,spike,obvious,1.0
,,,,,,,,OC-SVM(t),B05,124,,spike,subtle,1.0
6.0,6.0,0.46774193548387094,1.0,0.6373626373626373,23.5,1.0,0.028072364316905803,OC-SVM(t),B06,124,True,,,
,,,,,,,,OC-SVM(t),B06,124,,spike,subtle,1.0
,,,,,,,,OC-SVM(t),B06,124,,drift,obvious,1.0
,,,,,,,,OC-SVM(t),B06,124,,spike,obvious,1.0
,,,,,,,,OC-SVM(t),B06,124,,spike,obvious,1.0
,,,,,,,,OC-SVM(t),B06,124,,schedule,moderate,1.0
,,,,,,,,OC-SVM(t),B06,124,,drift,subtle,1.0
6.0,2.0,0.7307692307692307,0.3333333333333333,0.45783132530120474,107.5,0.3333333333333333,0.006279434850863423,OC-SVM(t),B07,124,False,,,
,,,,,,,,OC-SVM(t),B07,124,,drift,obvious,1.0
,,,,,,,,OC-SVM(t),B07,124,,drift,subtle,0.0
,,,,,,,,OC-SVM(t),B07,124,,drift,obvious,1.0
,,,,,,,,OC-SVM(t),B07,124,,drift,obvious,0.0
,,,,,,,,OC-SVM(t),B07,124,,spike,moderate,0.0
,,,,,,,,OC-SVM(t),B07,124,,schedule,obvious,0.0
6.0,5.0,0.4722222222222222,0.8333333333333334,0.6028368794326241,63.8,0.8333333333333334,0.01881720430107527,OC-SVM(t),B08,124,False,,,
,,,,,,,,OC-SVM(t),B08,124,,schedule,obvious,0.0
,,,,,,,,OC-SVM(t),B08,124,,spike,moderate,1.0
,,,,,,,,OC-SVM(t),B08,124,,drift,obvious,1.0
,,,,,,,,OC-SVM(t),B08,124,,schedule,obvious,1.0
,,,,,,,,OC-SVM(t),B08,124,,drift,subtle,1.0
,,,,,,,,OC-SVM(t),B08,124,,spike,obvious,1.0
6.0,6.0,0.38589211618257263,1.0,0.5568862275449102,12.5,1.0,0.17575757575757575,AE(t),B01,124,True,,,
,,,,,,,,AE(t),B01,124,,schedule,obvious,1.0
,,,,,,,,AE(t),B01,124,,spike,obvious,1.0
,,,,,,,,AE(t),B01,124,,spike,subtle,1.0
,,,,,,,,AE(t),B01,124,,schedule,moderate,1.0
,,,,,,,,AE(t),B01,124,,schedule,obvious,1.0
,,,,,,,,AE(t),B01,124,,drift,subtle,1.0
6.0,6.0,0.3402061855670103,1.0,0.5076923076923077,21.833333333333332,1.0,0.13430758524704245,AE(t),B02,124,True,,,
,,,,,,,,AE(t),B02,124,,drift,moderate,1.0
,,,,,,,,AE(t),B02,124,,spike,moderate,1.0
,,,,,,,,AE(t),B02,124,,spike,obvious,1.0
,,,,,,,,AE(t),B02,124,,spike,obvious,1.0
,,,,,,,,AE(t),B02,124,,drift,moderate,1.0
,,,,,,,,AE(t),B02,124,,drift,subtle,1.0
6.0,5.0,0.2717948717948718,0.8333333333333334,0.4098994586233565,3.8,0.8333333333333334,0.13199764289923394,AE(t),B03,124,True,,,
,,,,,,,,AE(t),B03,124,,spike,subtle,1.0
,,,,,,,,AE(t),B03,124,,schedule,obvious,0.0
,,,,,,,,AE(t),B03,124,,drift,obvious,1.0
,,,,,,,,AE(t),B03,124,,drift,moderate,1.0
,,,,,,,,AE(t),B03,124,,spike,subtle,1.0
,,,,,,,,AE(t),B03,124,,spike,subtle,1.0
6.0,4.0,0.48826291079812206,0.6666666666666666,0.5636856368563685,27.0,0.6666666666666666,0.1358655953250548,AE(t),B04,124,True,,,
,,,,,,,,AE(t),B04,124,,schedule,subtle,1.0
,,,,,,,,AE(t),B04,124,,drift,subtle,1.0
,,,,,,,,AE(t),B04,124,,drift,moderate,1.0
,,,,,,,,AE(t),B04,124,,spike,subtle,0.0
,,,,,,,,AE(t),B04,124,,drift,moderate,1.0
,,,,,,,,AE(t),B04,124,,spike,subtle,0.0
6.0,6.0,0.3397129186602871,1.0,0.5071428571428572,23.0,1.0,0.16276124129195693,AE(t),B05,124,True,,,
,,,,,,,,AE(t),B05,124,,schedule,obvious,1.0
,,,,,,,,AE(t),B05,124,,drift,obvious,1.0
,,,,,,,,AE(t),B05,124,,spike,moderate,1.0
,,,,,,,,AE(t),B05,124,,drift,subtle,1.0
,,,,,,,,AE(t),B05,124,,spike,obvious,1.0
,,,,,,,,AE(t),B05,124,,spike,subtle,1.0
6.0,6.0,0.4236453201970443,1.0,0.5951557093425606,5.5,1.0,0.1222707423580786,AE(t),B06,124,True,,,
,,,,,,,,AE(t),B06,124,,spike,subtle,1.0
,,,,,,,,AE(t),B06,124,,drift,obvious,1.0
,,,,,,,,AE(t),B06,124,,spike,obvious,1.0
,,,,,,,,AE(t),B06,124,,spike,obvious,1.0
,,,,,,,,AE(t),B06,124,,schedule,moderate,1.0
,,,,,,,,AE(t),B06,124,,drift,subtle,1.0
6.0,5.0,0.40625,0.8333333333333334,0.5462184873949579,7.8,0.8333333333333334,0.18288854003139718,AE(t),B07,124,False,,,
,,,,,,,,AE(t),B07,124,,drift,obvious,1.0
,,,,,,,,AE(t),B07,124,,drift,subtle,1.0
,,,,,,,,AE(t),B07,124,,drift,obvious,1.0
,,,,,,,,AE(t),B07,124,,drift,obvious,1.0
,,,,,,,,AE(t),B07,124,,spike,moderate,0.0
,,,,,,,,AE(t),B07,124,,schedule,obvious,1.0
6.0,6.0,0.3411764705882353,1.0,0.5087719298245613,6.666666666666667,1.0,0.20094086021505375,AE(t),B08,124,False,,,
,,,,,,,,AE(t),B08,124,,schedule,obvious,1.0
,,,,,,,,AE(t),B08,124,,spike,moderate,1.0
,,,,,,,,AE(t),B08,124,,drift,obvious,1.0
,,,,,,,,AE(t),B08,124,,schedule,obvious,1.0
,,,,,,,,AE(t),B08,124,,drift,subtle,1.0
,,,,,,,,AE(t),B08,124,,spike,obvious,1.0
6.0,2.0,0.2857142857142857,0.3333333333333333,0.30769230769230765,58.0,0.3333333333333333,0.20404040404040405,LSTM-AE(t),B01,124,True,,,
,,,,,,,,LSTM-AE(t),B01,124,,schedule,obvious,0.0
,,,,,,,,LSTM-AE(t),B01,124,,spike,obvious,1.0
,,,,,,,,LSTM-AE(t),B01,124,,spike,subtle,0.0
,,,,,,,,LSTM-AE(t),B01,124,,schedule,moderate,1.0
,,,,,,,,LSTM-AE(t),B01,124,,schedule,obvious,0.0
,,,,,,,,LSTM-AE(t),B01,124,,drift,subtle,0.0
6.0,3.0,0.6,0.5,0.5454545454545454,0.0,0.5,0.08629088378566457,LSTM-AE(t),B02,124,True,,,
,,,,,,,,LSTM-AE(t),B02,124,,drift,moderate,1.0
,,,,,,,,LSTM-AE(t),B02,124,,spike,moderate,0.0
,,,,,,,,LSTM-AE(t),B02,124,,spike,obvious,1.0
,,,,,,,,LSTM-AE(t),B02,124,,spike,obvious,1.0
,,,,,,,,LSTM-AE(t),B02,124,,drift,moderate,0.0
,,,,,,,,LSTM-AE(t),B02,124,,drift,subtle,0.0
6.0,1.0,0.2,0.16666666666666666,0.1818181818181818,240.0,0.16666666666666666,0.126694166175604,LSTM-AE(t),B03,124,True,,,
,,,,,,,,LSTM-AE(t),B03,124,,spike,subtle,0.0
,,,,,,,,LSTM-AE(t),B03,124,,schedule,obvious,0.0
,,,,,,,,LSTM-AE(t),B03,124,,drift,obvious,1.0
,,,,,,,,LSTM-AE(t),B03,124,,drift,moderate,0.0
,,,,,,,,LSTM-AE(t),B03,124,,spike,subtle,0.0
,,,,,,,,LSTM-AE(t),B03,124,,spike,subtle,0.0
6.0,0.0,0.0,0.0,0.0,,0.0,0.0,LSTM-AE(t),B04,124,True,,,
,,,,,,,,LSTM-AE(t),B04,124,,schedule,subtle,0.0
,,,,,,,,LSTM-AE(t),B04,124,,drift,subtle,0.0
,,,,,,,,LSTM-AE(t),B04,124,,drift,moderate,0.0
,,,,,,,,LSTM-AE(t),B04,124,,spike,subtle,0.0
,,,,,,,,LSTM-AE(t),B04,124,,drift,moderate,0.0
,,,,,,,,LSTM-AE(t),B04,124,,spike,subtle,0.0
6.0,4.0,1.0,0.6666666666666666,0.8,37.0,0.6666666666666666,0.11399620012666245,LSTM-AE(t),B05,124,True,,,
,,,,,,,,LSTM-AE(t),B05,124,,schedule,obvious,0.0
,,,,,,,,LSTM-AE(t),B05,124,,drift,obvious,1.0
,,,,,,,,LSTM-AE(t),B05,124,,spike,moderate,1.0
,,,,,,,,LSTM-AE(t),B05,124,,drift,subtle,0.0
,,,,,,,,LSTM-AE(t),B05,124,,spike,obvious,1.0
,,,,,,,,LSTM-AE(t),B05,124,,spike,subtle,1.0
6.0,2.0,0.5,0.3333333333333333,0.4,0.0,0.3333333333333333,0.15970056144728634,LSTM-AE(t),B06,124,True,,,
,,,,,,,,LSTM-AE(t),B06,124,,spike,subtle,1.0
,,,,,,,,LSTM-AE(t),B06,124,,drift,obvious,0.0
,,,,,,,,LSTM-AE(t),B06,124,,spike,obvious,1.0
,,,,,,,,LSTM-AE(t),B06,124,,spike,obvious,0.0
,,,,,,,,LSTM-AE(t),B06,124,,schedule,moderate,0.0
,,,,,,,,LSTM-AE(t),B06,124,,drift,subtle,0.0
6.0,1.0,1.0,0.16666666666666666,0.2857142857142857,214.0,0.16666666666666666,0.01726844583987441,LSTM-AE(t),B07,124,False,,,
,,,,,,,,LSTM-AE(t),B07,124,,drift,obvious,0.0
,,,,,,,,LSTM-AE(t),B07,124,,drift,subtle,0.0
,,,,,,,,LSTM-AE(t),B07,124,,drift,obvious,1.0
,,,,,,,,LSTM-AE(t),B07,124,,drift,obvious,0.0
,,,,,,,,LSTM-AE(t),B07,124,,spike,moderate,0.0
,,,,,,,,LSTM-AE(t),B07,124,,schedule,obvious,0.0
6.0,2.0,1.0,0.3333333333333333,0.5,0.0,0.3333333333333333,0.030913978494623656,LSTM-AE(t),B08,124,False,,,
,,,,,,,,LSTM-AE(t),B08,124,,schedule,obvious,0.0
,,,,,,,,LSTM-AE(t),B08,124,,spike,moderate,0.0
,,,,,,,,LSTM-AE(t),B08,124,,drift,obvious,1.0
,,,,,,,,LSTM-AE(t),B08,124,,schedule,obvious,0.0
,,,,,,,,LSTM-AE(t),B08,124,,drift,subtle,0.0
,,,,,,,,LSTM-AE(t),B08,124,,spike,obvious,1.0
6.0,3.0,0.896551724137931,0.5,0.6419753086419753,46.666666666666664,0.5,0.002617801047120419,PatchTST-SSL(HoD-cond),B01,125,True,,,
,,,,,,,,PatchTST-SSL(HoD-cond),B01,125,,drift,obvious,1.0
,,,,,,,,PatchTST-SSL(HoD-cond),B01,125,,drift,obvious,1.0
,,,,,,,,PatchTST-SSL(HoD-cond),B01,125,,drift,subtle,1.0
,,,,,,,,PatchTST-SSL(HoD-cond),B01,125,,spike,subtle,0.0
,,,,,,,,PatchTST-SSL(HoD-cond),B01,125,,spike,moderate,0.0
,,,,,,,,PatchTST-SSL(HoD-cond),B01,125,,spike,subtle,0.0
6.0,3.0,1.0,0.5,0.6666666666666666,55.666666666666664,0.5,0.0,PatchTST-SSL(HoD-cond),B02,125,True,,,
,,,,,,,,PatchTST-SSL(HoD-cond),B02,125,,schedule,obvious,0.0
,,,,,,,,PatchTST-SSL(HoD-cond),B02,125,,spike,subtle,0.0
,,,,,,,,PatchTST-SSL(HoD-cond),B02,125,,spike,moderate,1.0
,,,,,,,,PatchTST-SSL(HoD-cond),B02,125,,drift,obvious,1.0
,,,,,,,,PatchTST-SSL(HoD-cond),B02,125,,spike,subtle,1.0
,,,,,,,,PatchTST-SSL(HoD-cond),B02,125,,schedule,obvious,0.0
6.0,5.0,0.7307692307692307,0.8333333333333334,0.7786885245901639,30.8,0.8333333333333334,0.004910988336402701,PatchTST-SSL(HoD-cond),B03,125,True,,,
,,,,,,,,PatchTST-SSL(HoD-cond),B03,125,,spike,subtle,1.0
,,,,,,,,PatchTST-SSL(HoD-cond),B03,125,,drift,subtle,1.0
,,,,,,,,PatchTST-SSL(HoD-cond),B03,125,,drift,obvious,1.0
,,,,,,,,PatchTST-SSL(HoD-cond),B03,125,,schedule,obvious,0.0
,,,,,,,,PatchTST-SSL(HoD-cond),B03,125,,spike,obvious,1.0
,,,,,,,,PatchTST-SSL(HoD-cond),B03,125,,spike,moderate,1.0
6.0,5.0,0.6,0.8333333333333334,0.6976744186046512,54.6,0.8333333333333334,0.007055805003207184,PatchTST-SSL(HoD-cond),B04,125,True,,,
,,,,,,,,PatchTST-SSL(HoD-cond),B04,125,,drift,subtle,1.0
,,,,,,,,PatchTST-SSL(HoD-cond),B04,125,,schedule,subtle,0.0
,,,,,,,,PatchTST-SSL(HoD-cond),B04,125,,schedule,obvious,1.0
,,,,,,,,PatchTST-SSL(HoD-cond),B04,125,,drift,moderate,1.0
,,,,,,,,PatchTST-SSL(HoD-cond),B04,125,,spike,subtle,1.0
,,,,,,,,PatchTST-SSL(HoD-cond),B04,125,,spike,obvious,1.0
6.0,5.0,0.9375,0.8333333333333334,0.8823529411764706,31.8,0.8333333333333334,0.003432494279176201,PatchTST-SSL(HoD-cond),B05,125,True,,,
,,,,,,,,PatchTST-SSL(HoD-cond),B05,125,,drift,obvious,1.0
,,,,,,,,PatchTST-SSL(HoD-cond),B05,125,,schedule,obvious,0.0
,,,,,,,,PatchTST-SSL(HoD-cond),B05,125,,spike,subtle,1.0
,,,,,,,,PatchTST-SSL(HoD-cond),B05,125,,spike,subtle,1.0
,,,,,,,,PatchTST-SSL(HoD-cond),B05,125,,drift,moderate,1.0
,,,,,,,,PatchTST-SSL(HoD-cond),B05,125,,spike,subtle,1.0
6.0,6.0,0.8620689655172413,1.0,0.9259259259259259,16.5,1.0,0.002686366689053056,PatchTST-SSL(HoD-cond),B06,125,True,,,
,,,,,,,,PatchTST-SSL(HoD-cond),B06,125,,schedule,obvious,1.0
,,,,,,,,PatchTST-SSL(HoD-cond),B06,125,,spike,obvious,1.0
,,,,,,,,PatchTST-SSL(HoD-cond),B06,125,,schedule,obvious,1.0
,,,,,,,,PatchTST-SSL(HoD-cond),B06,125,,drift,subtle,1.0
,,,,,,,,PatchTST-SSL(HoD-cond),B06,125,,spike,subtle,1.0
,,,,,,,,PatchTST-SSL(HoD-cond),B06,125,,schedule,obvious,1.0
6.0,6.0,1.0,1.0,1.0,30.666666666666668,1.0,0.0,PatchTST-SSL(HoD-cond),B07,125,False,,,
,,,,,,,,PatchTST-SSL(HoD-cond),B07,125,,spike,obvious,1.0
,,,,,,,,PatchTST-SSL(HoD-cond),B07,125,,schedule,obvious,1.0
,,,,,,,,PatchTST-SSL(HoD-cond),B07,125,,spike,subtle,1.0
,,,,,,,,PatchTST-SSL(HoD-cond),B07,125,,drift,obvious,1.0
,,,,,,,,PatchTST-SSL(HoD-cond),B07,125,,drift,obvious,1.0
,,,,,,,,PatchTST-SSL(HoD-cond),B07,125,,drift,obvious,1.0
6.0,4.0,0.65,0.6666666666666666,0.6582278481012659,2.5,0.6666666666666666,0.00482315112540193,PatchTST-SSL(HoD-cond),B08,125,False,,,
,,,,,,,,PatchTST-SSL(HoD-cond),B08,125,,drift,obvious,1.0
,,,,,,,,PatchTST-SSL(HoD-cond),B08,125,,spike,moderate,0.0
,,,,,,,,PatchTST-SSL(HoD-cond),B08,125,,spike,moderate,1.0
,,,,,,,,PatchTST-SSL(HoD-cond),B08,125,,spike,obvious,1.0
,,,,,,,,PatchTST-SSL(HoD-cond),B08,125,,schedule,moderate,0.0
,,,,,,,,PatchTST-SSL(HoD-cond),B08,125,,spike,obvious,1.0
6.0,4.0,0.7857142857142857,0.6666666666666666,0.721311475409836,15.0,0.6666666666666666,0.010471204188481676,PatchTST-SSL(HoW-cond),B01,125,True,,,
,,,,,,,,PatchTST-SSL(HoW-cond),B01,125,,drift,obvious,1.0
,,,,,,,,PatchTST-SSL(HoW-cond),B01,125,,drift,obvious,1.0
,,,,,,,,PatchTST-SSL(HoW-cond),B01,125,,drift,subtle,1.0
,,,,,,,,PatchTST-SSL(HoW-cond),B01,125,,spike,subtle,0.0
,,,,,,,,PatchTST-SSL(HoW-cond),B01,125,,spike,moderate,0.0
,,,,,,,,PatchTST-SSL(HoW-cond),B01,125,,spike,subtle,1.0
6.0,5.0,0.3939393939393939,0.8333333333333334,0.5349794238683128,46.2,0.8333333333333334,0.012445550715619166,PatchTST-SSL(HoW-cond),B02,125,True,,,
,,,,,,,,PatchTST-SSL(HoW-cond),B02,125,,schedule,obvious,1.0
,,,,,,,,PatchTST-SSL(HoW-cond),B02,125,,spike,subtle,1.0
,,,,,,,,PatchTST-SSL(HoW-cond),B02,125,,spike,moderate,1.0
,,,,,,,,PatchTST-SSL(HoW-cond),B02,125,,drift,obvious,1.0
,,,,,,,,PatchTST-SSL(HoW-cond),B02,125,,spike,subtle,1.0
,,,,,,,,PatchTST-SSL(HoW-cond),B02,125,,schedule,obvious,0.0
6.0,6.0,0.5862068965517241,1.0,0.7391304347826086,2.5,1.0,0.019030079803560467,PatchTST-SSL(HoW-cond),B03,125,True,,,
,,,,,,,,PatchTST-SSL(HoW-cond),B03,125,,spike,subtle,1.0
,,,,,,,,PatchTST-SSL(HoW-cond),B03,125,,drift,subtle,1.0
,,,,,,,,PatchTST-SSL(HoW-cond),B03,125,,drift,obvious,1.0
,,,,,,,,PatchTST-SSL(HoW-cond),B03,125,,schedule,obvious,1.0
,,,,,,,,PatchTST-SSL(HoW-cond),B03,125,,spike,obvious,1.0
,,,,,,,,PatchTST-SSL(HoW-cond),B03,125,,spike,moderate,1.0
6.0,6.0,0.4838709677419355,1.0,0.6521739130434783,13.0,1.0,0.05644644002565747,PatchTST-SSL(HoW-cond),B04,125,True,,,
,,,,,,,,PatchTST-SSL(HoW-cond),B04,125,,drift,subtle,1.0
,,,,,,,,PatchTST-SSL(HoW-cond),B04,125,,schedule,subtle,1.0
,,,,,,,,PatchTST-SSL(HoW-cond),B04,125,,schedule,obvious,1.0
,,,,,,,,PatchTST-SSL(HoW-cond),B04,125,,drift,moderate,1.0
,,,,,,,,PatchTST-SSL(HoW-cond),B04,125,,spike,subtle,1.0
,,,,,,,,PatchTST-SSL(HoW-cond),B04,125,,spike,obvious,1.0
6.0,6.0,0.52,1.0,0.6842105263157895,13.166666666666666,1.0,0.016018306636155607,PatchTST-SSL(HoW-cond),B05,125,True,,,
,,,,,,,,PatchTST-SSL(HoW-cond),B05,125,,drift,obvious,1.0
,,,,,,,,PatchTST-SSL(HoW-cond),B05,125,,schedule,obvious,1.0
,,,,,,,,PatchTST-SSL(HoW-cond),B05,125,,spike,subtle,1.0
,,,,,,,,PatchTST-SSL(HoW-cond),B05,125,,spike,subtle,1.0
,,,,,,,,PatchTST-SSL(HoW-cond),B05,125,,drift,moderate,1.0
,,,,,,,,PatchTST-SSL(HoW-cond),B05,125,,spike,subtle,1.0
6.0,6.0,0.8275862068965517,1.0,0.9056603773584906,16.166666666666668,1.0,0.007387508394895903,PatchTST-SSL(HoW-cond),B06,125,True,,,
,,,,,,,,PatchTST-SSL(HoW-cond),B06,125,,schedule,obvious,1.0
,,,,,,,,PatchTST-SSL(HoW-cond),B06,125,,spike,obvious,1.0
,,,,,,,,PatchTST-SSL(HoW-cond),B06,125,,schedule,obvious,1.0
,,,,,,,,PatchTST-SSL(HoW-cond),B06,125,,drift,subtle,1.0
,,,,,,,,PatchTST-SSL(HoW-cond),B06,125,,spike,subtle,1.0
,,,,,,,,PatchTST-SSL(HoW-cond),B06,125,,schedule,obvious,1.0
6.0,6.0,0.90625,1.0,0.9508196721311475,18.166666666666668,1.0,0.0033025099075297227,PatchTST-SSL(HoW-cond),B07,125,False,,,
,,,,,,,,PatchTST-SSL(HoW-cond),B07,125,,spike,obvious,1.0
,,,,,,,,PatchTST-SSL(HoW-cond),B07,125,,schedule,obvious,1.0
,,,,,,,,PatchTST-SSL(HoW-cond),B07,125,,spike,subtle,1.0
,,,,,,,,PatchTST-SSL(HoW-cond),B07,125,,drift,obvious,1.0
,,,,,,,,PatchTST-SSL(HoW-cond),B07,125,,drift,obvious,1.0
,,,,,,,,PatchTST-SSL(HoW-cond),B07,125,,drift,obvious,1.0
6.0,4.0,0.21052631578947367,0.6666666666666666,0.32,2.0,0.6666666666666666,0.03429796355841372,PatchTST-SSL(HoW-cond),B08,125,False,,,
,,,,,,,,PatchTST-SSL(HoW-cond),B08,125,,drift,obvious,1.0
,,,,,,,,PatchTST-SSL(HoW-cond),B08,125,,spike,moderate,0.0
,,,,,,,,PatchTST-SSL(HoW-cond),B08,125,,spike,moderate,1.0
,,,,,,,,PatchTST-SSL(HoW-cond),B08,125,,spike,obvious,1.0
,,,,,,,,PatchTST-SSL(HoW-cond),B08,125,,schedule,moderate,0.0
,,,,,,,,PatchTST-SSL(HoW-cond),B08,125,,spike,obvious,1.0
6.0,4.0,0.9375,0.6666666666666666,0.7792207792207793,83.25,0.6666666666666666,0.001963350785340314,HOW-profile+z,B01,125,True,,,
,,,,,,,,HOW-profile+z,B01,125,,drift,obvious,1.0
,,,,,,,,HOW-profile+z,B01,125,,drift,obvious,1.0
,,,,,,,,HOW-profile+z,B01,125,,drift,subtle,1.0
,,,,,,,,HOW-profile+z,B01,125,,spike,subtle,0.0
,,,,,,,,HOW-profile+z,B01,125,,spike,moderate,0.0
,,,,,,,,HOW-profile+z,B01,125,,spike,subtle,1.0
6.0,4.0,0.16981132075471697,0.6666666666666666,0.2706766917293233,2.75,0.6666666666666666,0.06782825140012445,HOW-profile+z,B02,125,True,,,
,,,,,,,,HOW-profile+z,B02,125,,schedule,obvious,1.0
,,,,,,,,HOW-profile+z,B02,125,,spike,subtle,1.0
,,,,,,,,HOW-profile+z,B02,125,,spike,moderate,1.0
,,,,,,,,HOW-profile+z,B02,125,,drift,obvious,0.0
,,,,,,,,HOW-profile+z,B02,125,,spike,subtle,1.0
,,,,,,,,HOW-profile+z,B02,125,,schedule,obvious,0.0
6.0,5.0,0.926829268292683,0.8333333333333334,0.8775981524249423,4.6,0.8333333333333334,0.0024554941682013503,HOW-profile+z,B03,125,True,,,
,,,,,,,,HOW-profile+z,B03,125,,spike,subtle,1.0
,,,,,,,,HOW-profile+z,B03,125,,drift,subtle,1.0
,,,,,,,,HOW-profile+z,B03,125,,drift,obvious,1.0
,,,,,,,,HOW-profile+z,B03,125,,schedule,obvious,0.0
,,,,,,,,HOW-profile+z,B03,125,,spike,obvious,1.0
,,,,,,,,HOW-profile+z,B03,125,,spike,moderate,1.0
6.0,5.0,0.8571428571428571,0.8333333333333334,0.8450704225352113,56.8,0.8333333333333334,0.0012828736369467607,HOW-profile+z,B04,125,True,,,
,,,,,,,,HOW-profile+z,B04,125,,drift,subtle,1.0
,,,,,,,,HOW-profile+z,B04,125,,schedule,subtle,0.0
,,,,,,,,HOW-profile+z,B04,125,,schedule,obvious,1.0
,,,,,,,,HOW-profile+z,B04,125,,drift,moderate,1.0
,,,,,,,,HOW-profile+z,B04,125,,spike,subtle,1.0
,,,,,,,,HOW-profile+z,B04,125,,spike,obvious,1.0
6.0,6.0,0.7441860465116279,1.0,0.8533333333333333,28.333333333333332,1.0,0.006292906178489702,HOW-profile+z,B05,125,True,,,
,,,,,,,,HOW-profile+z,B05,125,,drift,obvious,1.0
,,,,,,,,HOW-profile+z,B05,125,,schedule,obvious,1.0
,,,,,,,,HOW-profile+z,B05,125,,spike,subtle,1.0
,,,,,,,,HOW-profile+z,B05,125,,spike,subtle,1.0
,,,,,,,,HOW-profile+z,B05,125,,drift,moderate,1.0
,,,,,,,,HOW-profile+z,B05,125,,spike,subtle,1.0
6.0,4.0,0.6744186046511628,0.6666666666666666,0.6705202312138728,9.5,0.6666666666666666,0.009402283411685695,HOW-profile+z,B06,125,True,,,
,,,,,,,,HOW-profile+z,B06,125,,schedule,obvious,1.0
,,,,,,,,HOW-profile+z,B06,125,,spike,obvious,1.0
,,,,,,,,HOW-profile+z,B06,125,,schedule,obvious,0.0
,,,,,,,,HOW-profile+z,B06,125,,drift,subtle,1.0
,,,,,,,,HOW-profile+z,B06,125,,spike,subtle,1.0
,,,,,,,,HOW-profile+z,B06,125,,schedule,obvious,0.0
6.0,6.0,1.0,1.0,1.0,26.166666666666668,1.0,0.0,HOW-profile+z,B07,125,False,,,
,,,,,,,,HOW-profile+z,B07,125,,spike,obvious,1.0
,,,,,,,,HOW-profile+z,B07,125,,schedule,obvious,1.0
,,,,,,,,HOW-profile+z,B07,125,,spike,subtle,1.0
,,,,,,,,HOW-profile+z,B07,125,,drift,obvious,1.0
,,,,,,,,HOW-profile+z,B07,125,,drift,obvious,1.0
,,,,,,,,HOW-profile+z,B07,125,,drift,obvious,1.0
6.0,4.0,0.8333333333333334,0.6666666666666666,0.7407407407407408,9.75,0.6666666666666666,0.001607717041800643,HOW-profile+z,B08,125,False,,,
,,,,,,,,HOW-profile+z,B08,125,,drift,obvious,1.0
,,,,,,,,HOW-profile+z,B08,125,,spike,moderate,0.0
,,,,,,,,HOW-profile+z,B08,125,,spike,moderate,1.0
,,,,,,,,HOW-profile+z,B08,125,,spike,obvious,1.0
,,,,,,,,HOW-profile+z,B08,125,,schedule,moderate,0.0
,,,,,,,,HOW-profile+z,B08,125,,spike,obvious,1.0
6.0,4.0,0.9615384615384616,0.6666666666666666,0.7874015748031495,35.5,0.6666666666666666,0.0006544502617801048,TOWT(HoW-cond),B01,125,True,,,
,,,,,,,,TOWT(HoW-cond),B01,125,,drift,obvious,1.0
,,,,,,,,TOWT(HoW-cond),B01,125,,drift,obvious,1.0
,,,,,,,,TOWT(HoW-cond),B01,125,,drift,subtle,1.0
,,,,,,,,TOWT(HoW-cond),B01,125,,spike,subtle,0.0
,,,,,,,,TOWT(HoW-cond),B01,125,,spike,moderate,0.0
,,,,,,,,TOWT(HoW-cond),B01,125,,spike,subtle,1.0
6.0,4.0,0.6428571428571429,0.6666666666666666,0.6545454545454545,0.25,0.6666666666666666,0.0043559427504667085,TOWT(HoW-cond),B02,125,True,,,
,,,,,,,,TOWT(HoW-cond),B02,125,,schedule,obvious,1.0
,,,,,,,,TOWT(HoW-cond),B02,125,,spike,subtle,1.0
,,,,,,,,TOWT(HoW-cond),B02,125,,spike,moderate,1.0
,,,,,,,,TOWT(HoW-cond),B02,125,,drift,obvious,0.0
,,,,,,,,TOWT(HoW-cond),B02,125,,spike,subtle,1.0
,,,,,,,,TOWT(HoW-cond),B02,125,,schedule,obvious,0.0
6.0,5.0,0.8125,0.8333333333333334,0.8227848101265822,38.0,0.8333333333333334,0.001841620626151013,TOWT(HoW-cond),B03,125,True,,,
,,,,,,,,TOWT(HoW-cond),B03,125,,spike,subtle,1.0
,,,,,,,,TOWT(HoW-cond),B03,125,,drift,subtle,1.0
,,,,,,,,TOWT(HoW-cond),B03,125,,drift,obvious,1.0
,,,,,,,,TOWT(HoW-cond),B03,125,,schedule,obvious,0.0
,,,,,,,,TOWT(HoW-cond),B03,125,,spike,obvious,1.0
,,,,,,,,TOWT(HoW-cond),B03,125,,spike,moderate,1.0
6.0,5.0,0.9393939393939394,0.8333333333333334,0.8831908831908831,21.0,0.8333333333333334,0.0012828736369467607,TOWT(HoW-cond),B04,125,True,,,
,,,,,,,,TOWT(HoW-cond),B04,125,,drift,subtle,1.0
,,,,,,,,TOWT(HoW-cond),B04,125,,schedule,subtle,0.0
,,,,,,,,TOWT(HoW-cond),B04,125,,schedule,obvious,1.0
,,,,,,,,TOWT(HoW-cond),B04,125,,drift,moderate,1.0
,,,,,,,,TOWT(HoW-cond),B04,125,,spike,subtle,1.0
,,,,,,,,TOWT(HoW-cond),B04,125,,spike,obvious,1.0
6.0,6.0,0.9787234042553191,1.0,0.989247311827957,14.833333333333334,1.0,0.0005720823798627002,TOWT(HoW-cond),B05,125,True,,,
,,,,,,,,TOWT(HoW-cond),B05,125,,drift,obvious,1.0
,,,,,,,,TOWT(HoW-cond),B05,125,,schedule,obvious,1.0
,,,,,,,,TOWT(HoW-cond),B05,125,,spike,subtle,1.0
,,,,,,,,TOWT(HoW-cond),B05,125,,spike,subtle,1.0
,,,,,,,,TOWT(HoW-cond),B05,125,,drift,moderate,1.0
,,,,,,,,TOWT(HoW-cond),B05,125,,spike,subtle,1.0
6.0,6.0,0.9361702127659575,1.0,0.967032967032967,5.166666666666667,1.0,0.0020147750167897917,TOWT(HoW-cond),B06,125,True,,,
,,,,,,,,TOWT(HoW-cond),B06,125,,schedule,obvious,1.0
,,,,,,,,TOWT(HoW-cond),B06,125,,spike,obvious,1.0
,,,,,,,,TOWT(HoW-cond),B06,125,,schedule,obvious,1.0
,,,,,,,,TOWT(HoW-cond),B06,125,,drift,subtle,1.0
,,,,,,,,TOWT(HoW-cond),B06,125,,spike,subtle,1.0
,,,,,,,,TOWT(HoW-cond),B06,125,,schedule,obvious,1.0
6.0,6.0,0.9512195121951219,1.0,0.975,19.666666666666668,1.0,0.001321003963011889,TOWT(HoW-cond),B07,125,False,,,
,,,,,,,,TOWT(HoW-cond),B07,125,,spike,obvious,1.0
,,,,,,,,TOWT(HoW-cond),B07,125,,schedule,obvious,1.0
,,,,,,,,TOWT(HoW-cond),B07,125,,spike,subtle,1.0
,,,,,,,,TOWT(HoW-cond),B07,125,,drift,obvious,1.0
,,,,,,,,TOWT(HoW-cond),B07,125,,drift,obvious,1.0
,,,,,,,,TOWT(HoW-cond),B07,125,,drift,obvious,1.0
6.0,4.0,0.4666666666666667,0.6666666666666666,0.5490196078431373,4.5,0.6666666666666666,0.004287245444801715,TOWT(HoW-cond),B08,125,False,,,
,,,,,,,,TOWT(HoW-cond),B08,125,,drift,obvious,1.0
,,,,,,,,TOWT(HoW-cond),B08,125,,spike,moderate,0.0
,,,,,,,,TOWT(HoW-cond),B08,125,,spike,moderate,1.0
,,,,,,,,TOWT(HoW-cond),B08,125,,spike,obvious,1.0
,,,,,,,,TOWT(HoW-cond),B08,125,,schedule,moderate,0.0
,,,,,,,,TOWT(HoW-cond),B08,125,,spike,obvious,1.0
6.0,4.0,0.7872340425531915,0.6666666666666666,0.7219512195121951,57.75,0.6666666666666666,0.007198952879581152,IF(t),B01,125,True,,,
,,,,,,,,IF(t),B01,125,,drift,obvious,1.0
,,,,,,,,IF(t),B01,125,,drift,obvious,1.0
,,,,,,,,IF(t),B01,125,,drift,subtle,1.0
,,,,,,,,IF(t),B01,125,,spike,subtle,0.0
,,,,,,,,IF(t),B01,125,,spike,moderate,0.0
,,,,,,,,IF(t),B01,125,,spike,subtle,1.0
6.0,5.0,0.15789473684210525,0.8333333333333334,0.2654867256637168,36.0,0.8333333333333334,0.037958929682638455,IF(t),B02,125,True,,,
,,,,,,,,IF(t),B02,125,,schedule,obvious,1.0
,,,,,,,,IF(t),B02,125,,spike,subtle,1.0
,,,,,,,,IF(t),B02,125,,spike,moderate,1.0
,,,,,,,,IF(t),B02,125,,drift,obvious,1.0
,,,,,,,,IF(t),B02,125,,spike,subtle,1.0
,,,,,,,,IF(t),B02,125,,schedule,obvious,0.0
6.0,6.0,0.5897435897435898,1.0,0.7419354838709677,19.166666666666668,1.0,0.01841620626151013,IF(t),B03,125,True,,,
,,,,,,,,IF(t),B03,125,,spike,subtle,1.0
,,,,,,,,IF(t),B03,125,,drift,subtle,1.0
,,,,,,,,IF(t),B03,125,,drift,obvious,1.0
,,,,,,,,IF(t),B03,125,,schedule,obvious,1.0
,,,,,,,,IF(t),B03,125,,spike,obvious,1.0
,,,,,,,,IF(t),B03,125,,spike,moderate,1.0
6.0,5.0,0.4,0.8333333333333334,0.5405405405405406,22.8,0.8333333333333334,0.013470173187940988,IF(t),B04,125,True,,,
,,,,,,,,IF(t),B04,125,,drift,subtle,1.0
,,,,,,,,IF(t),B04,125,,schedule,subtle,0.0
,,,,,,,,IF(t),B04,125,,schedule,obvious,1.0
,,,,,,,,IF(t),B04,125,,drift,moderate,1.0
,,,,,,,,IF(t),B04,125,,spike,subtle,1.0
,,,,,,,,IF(t),B04,125,,spike,obvious,1.0
6.0,6.0,0.35714285714285715,1.0,0.5263157894736842,9.5,1.0,0.032036613272311214,IF(t),B05,125,True,,,
,,,,,,,,IF(t),B05,125,,drift,obvious,1.0
,,,,,,,,IF(t),B05,125,,schedule,obvious,1.0
,,,,,,,,IF(t),B05,125,,spike,subtle,1.0
,,,,,,,,IF(t),B05,125,,spike,subtle,1.0
,,,,,,,,IF(t),B05,125,,drift,moderate,1.0
,,,,,,,,IF(t),B05,125,,spike,subtle,1.0
6.0,6.0,0.4074074074074074,1.0,0.5789473684210525,39.666666666666664,1.0,0.014775016789791807,IF(t),B06,125,True,,,
,,,,,,,,IF(t),B06,125,,schedule,obvious,1.0
,,,,,,,,IF(t),B06,125,,spike,obvious,1.0
,,,,,,,,IF(t),B06,125,,schedule,obvious,1.0
,,,,,,,,IF(t),B06,125,,drift,subtle,1.0
,,,,,,,,IF(t),B06,125,,spike,subtle,1.0
,,,,,,,,IF(t),B06,125,,schedule,obvious,1.0
6.0,6.0,0.5681818181818182,1.0,0.7246376811594203,22.666666666666668,1.0,0.013870541611624834,IF(t),B07,125,False,,,
,,,,,,,,IF(t),B07,125,,spike,obvious,1.0
,,,,,,,,IF(t),B07,125,,schedule,obvious,1.0
,,,,,,,,IF(t),B07,125,,spike,subtle,1.0
,,,,,,,,IF(t),B07,125,,drift,obvious,1.0
,,,,,,,,IF(t),B07,125,,drift,obvious,1.0
,,,,,,,,IF(t),B07,125,,drift,obvious,1.0
6.0,4.0,0.37254901960784315,0.6666666666666666,0.47798742138364786,0.75,0.6666666666666666,0.03161843515541265,IF(t),B08,125,False,,,
,,,,,,,,IF(t),B08,125,,drift,obvious,1.0
,,,,,,,,IF(t),B08,125,,spike,moderate,0.0
,,,,,,,,IF(t),B08,125,,spike,moderate,1.0
,,,,,,,,IF(t),B08,125,,spike,obvious,1.0
,,,,,,,,IF(t),B08,125,,schedule,moderate,0.0
,,,,,,,,IF(t),B08,125,,spike,obvious,1.0
6.0,4.0,0.5777777777777777,0.6666666666666666,0.619047619047619,68.25,0.6666666666666666,0.02225130890052356,OC-SVM(t),B01,125,True,,,
,,,,,,,,OC-SVM(t),B01,125,,drift,obvious,1.0
,,,,,,,,OC-SVM(t),B01,125,,drift,obvious,1.0
,,,,,,,,OC-SVM(t),B01,125,,drift,subtle,1.0
,,,,,,,,OC-SVM(t),B01,125,,spike,subtle,0.0
,,,,,,,,OC-SVM(t),B01,125,,spike,moderate,0.0
,,,,,,,,OC-SVM(t),B01,125,,spike,subtle,1.0
6.0,5.0,0.22857142857142856,0.8333333333333334,0.35874439461883406,35.6,0.8333333333333334,0.0566272557560672,OC-SVM(t),B02,125,True,,,
,,,,,,,,OC-SVM(t),B02,125,,schedule,obvious,1.0
,,,,,,,,OC-SVM(t),B02,125,,spike,subtle,1.0
,,,,,,,,OC-SVM(t),B02,125,,spike,moderate,1.0
,,,,,,,,OC-SVM(t),B02,125,,drift,obvious,1.0
,,,,,,,,OC-SVM(t),B02,125,,spike,subtle,1.0
,,,,,,,,OC-SVM(t),B02,125,,schedule,obvious,0.0
6.0,5.0,0.65,0.8333333333333334,0.7303370786516855,17.6,0.8333333333333334,0.0055248618784530384,OC-SVM(t),B03,125,True,,,
,,,,,,,,OC-SVM(t),B03,125,,spike,subtle,1.0
,,,,,,,,OC-SVM(t),B03,125,,drift,subtle,0.0
,,,,,,,,OC-SVM(t),B03,125,,drift,obvious,1.0
,,,,,,,,OC-SVM(t),B03,125,,schedule,obvious,1.0
,,,,,,,,OC-SVM(t),B03,125,,spike,obvious,1.0
,,,,,,,,OC-SVM(t),B03,125,,spike,moderate,1.0
6.0,4.0,0.18181818181818182,0.6666666666666666,0.28571428571428575,46.5,0.6666666666666666,0.02052597819114817,OC-SVM(t),B04,125,True,,,
,,,,,,,,OC-SVM(t),B04,125,,drift,subtle,1.0
,,,,,,,,OC-SVM(t),B04,125,,schedule,subtle,0.0
,,,,,,,,OC-SVM(t),B04,125,,schedule,obvious,0.0
,,,,,,,,OC-SVM(t),B04,125,,drift,moderate,1.0
,,,,,,,,OC-SVM(t),B04,125,,spike,subtle,1.0
,,,,,,,,OC-SVM(t),B04,125,,spike,obvious,1.0
6.0,6.0,0.25,1.0,0.4,22.0,1.0,0.02631578947368421,OC-SVM(t),B05,125,True,,,
,,,,,,,,OC-SVM(t),B05,125,,drift,obvious,1.0
,,,,,,,,OC-SVM(t),B05,125,,schedule,obvious,1.0
,,,,,,,,OC-SVM(t),B05,125,,spike,subtle,1.0
,,,,,,,,OC-SVM(t),B05,125,,spike,subtle,1.0
,,,,,,,,OC-SVM(t),B05,125,,drift,moderate,1.0
,,,,,,,,OC-SVM(t),B05,125,,spike,subtle,1.0
6.0,6.0,0.32098765432098764,1.0,0.4859813084112149,21.5,1.0,0.05842847548690396,OC-SVM(t),B06,125,True,,,
,,,,,,,,OC-SVM(t),B06,125,,schedule,obvious,1.0
,,,,,,,,OC-SVM(t),B06,125,,spike,obvious,1.0
,,,,,,,,OC-SVM(t),B06,125,,schedule,obvious,1.0
,,,,,,,,OC-SVM(t),B06,125,,drift,subtle,1.0
,,,,,,,,OC-SVM(t),B06,125,,spike,subtle,1.0
,,,,,,,,OC-SVM(t),B06,125,,schedule,obvious,1.0
6.0,5.0,0.7368421052631579,0.8333333333333334,0.782122905027933,64.0,0.8333333333333334,0.0033025099075297227,OC-SVM(t),B07,125,False,,,
,,,,,,,,OC-SVM(t),B07,125,,spike,obvious,1.0
,,,,,,,,OC-SVM(t),B07,125,,schedule,obvious,0.0
,,,,,,,,OC-SVM(t),B07,125,,spike,subtle,1.0
,,,,,,,,OC-SVM(t),B07,125,,drift,obvious,1.0
,,,,,,,,OC-SVM(t),B07,125,,drift,obvious,1.0
,,,,,,,,OC-SVM(t),B07,125,,drift,obvious,1.0
6.0,4.0,0.3939393939393939,0.6666666666666666,0.4952380952380952,6.5,0.6666666666666666,0.014469453376205787,OC-SVM(t),B08,125,False,,,
,,,,,,,,OC-SVM(t),B08,125,,drift,obvious,1.0
,,,,,,,,OC-SVM(t),B08,125,,spike,moderate,0.0
,,,,,,,,OC-SVM(t),B08,125,,spike,moderate,1.0
,,,,,,,,OC-SVM(t),B08,125,,spike,obvious,1.0
,,,,,,,,OC-SVM(t),B08,125,,schedule,moderate,0.0
,,,,,,,,OC-SVM(t),B08,125,,spike,obvious,1.0
6.0,4.0,0.452914798206278,0.6666666666666666,0.5393858477970627,2.25,0.6666666666666666,0.11583769633507854,AE(t),B01,125,True,,,
,,,,,,,,AE(t),B01,125,,drift,obvious,1.0
,,,,,,,,AE(t),B01,125,,drift,obvious,1.0
,,,,,,,,AE(t),B01,125,,drift,subtle,1.0
,,,,,,,,AE(t),B01,125,,spike,subtle,0.0
,,,,,,,,AE(t),B01,125,,spike,moderate,0.0
,,,,,,,,AE(t),B01,125,,spike,subtle,1.0
6.0,6.0,0.17326732673267325,1.0,0.29535864978902954,53.166666666666664,1.0,0.15868077162414437,AE(t),B02,125,True,,,
,,,,,,,,AE(t),B02,125,,schedule,obvious,1.0
,,,,,,,,AE(t),B02,125,,spike,subtle,1.0
,,,,,,,,AE(t),B02,125,,spike,moderate,1.0
,,,,,,,,AE(t),B02,125,,drift,obvious,1.0
,,,,,,,,AE(t),B02,125,,spike,subtle,1.0
,,,,,,,,AE(t),B02,125,,schedule,obvious,1.0
6.0,6.0,0.31277533039647576,1.0,0.47651006711409394,2.8333333333333335,1.0,0.15408225905463474,AE(t),B03,125,True,,,
,,,,,,,,AE(t),B03,125,,spike,subtle,1.0
,,,,,,,,AE(t),B03,125,,drift,subtle,1.0
,,,,,,,,AE(t),B03,125,,drift,obvious,1.0
,,,,,,,,AE(t),B03,125,,schedule,obvious,1.0
,,,,,,,,AE(t),B03,125,,spike,obvious,1.0
,,,,,,,,AE(t),B03,125,,spike,moderate,1.0
6.0,6.0,0.36486486486486486,1.0,0.5346534653465346,4.666666666666667,1.0,0.16164207825529187,AE(t),B04,125,True,,,
,,,,,,,,AE(t),B04,125,,drift,subtle,1.0
,,,,,,,,AE(t),B04,125,,schedule,subtle,1.0
,,,,,,,,AE(t),B04,125,,schedule,obvious,1.0
,,,,,,,,AE(t),B04,125,,drift,moderate,1.0
,,,,,,,,AE(t),B04,125,,spike,subtle,1.0
,,,,,,,,AE(t),B04,125,,spike,obvious,1.0
6.0,6.0,0.31413612565445026,1.0,0.4780876494023904,1.6666666666666667,1.0,0.14130434782608695,AE(t),B05,125,True,,,
,,,,,,,,AE(t),B05,125,,drift,obvious,1.0
,,,,,,,,AE(t),B05,125,,schedule,obvious,1.0
,,,,,,,,AE(t),B05,125,,spike,subtle,1.0
,,,,,,,,AE(t),B05,125,,spike,subtle,1.0
,,,,,,,,AE(t),B05,125,,drift,moderate,1.0
,,,,,,,,AE(t),B05,125,,spike,subtle,1.0
6.0,6.0,0.46218487394957986,1.0,0.632183908045977,2.0,1.0,0.1302887844190732,AE(t),B06,125,True,,,
,,,,,,,,AE(t),B06,125,,schedule,obvious,1.0
,,,,,,,,AE(t),B06,125,,spike,obvious,1.0
,,,,,,,,AE(t),B06,125,,schedule,obvious,1.0
,,,,,,,,AE(t),B06,125,,drift,subtle,1.0
,,,,,,,,AE(t),B06,125,,spike,subtle,1.0
,,,,,,,,AE(t),B06,125,,schedule,obvious,1.0
6.0,6.0,0.33121019108280253,1.0,0.49760765550239233,3.1666666666666665,1.0,0.18494055482166447,AE(t),B07,125,False,,,
,,,,,,,,AE(t),B07,125,,spike,obvious,1.0
,,,,,,,,AE(t),B07,125,,schedule,obvious,1.0
,,,,,,,,AE(t),B07,125,,spike,subtle,1.0
,,,,,,,,AE(t),B07,125,,drift,obvious,1.0
,,,,,,,,AE(t),B07,125,,drift,obvious,1.0
,,,,,,,,AE(t),B07,125,,drift,obvious,1.0
6.0,5.0,0.12258064516129032,0.8333333333333334,0.2137232845894263,9.8,0.8333333333333334,0.19239013933547697,AE(t),B08,125,False,,,
,,,,,,,,AE(t),B08,125,,drift,obvious,1.0
,,,,,,,,AE(t),B08,125,,spike,moderate,0.0
,,,,,,,,AE(t),B08,125,,spike,moderate,1.0
,,,,,,,,AE(t),B08,125,,spike,obvious,1.0
,,,,,,,,AE(t),B08,125,,schedule,moderate,1.0
,,,,,,,,AE(t),B08,125,,spike,obvious,1.0
6.0,1.0,1.0,0.16666666666666666,0.2857142857142857,127.0,0.16666666666666666,0.020287958115183247,LSTM-AE(t),B01,125,True,,,
,,,,,,,,LSTM-AE(t),B01,125,,drift,obvious,0.0
,,,,,,,,LSTM-AE(t),B01,125,,drift,obvious,1.0
,,,,,,,,LSTM-AE(t),B01,125,,drift,subtle,0.0
,,,,,,,,LSTM-AE(t),B01,125,,spike,subtle,0.0
,,,,,,,,LSTM-AE(t),B01,125,,spike,moderate,0.0
,,,,,,,,LSTM-AE(t),B01,125,,spike,subtle,0.0
6.0,4.0,0.6666666666666666,0.6666666666666666,0.6666666666666666,51.0,0.6666666666666666,0.13067828251400124,LSTM-AE(t),B02,125,True,,,
,,,,,,,,LSTM-AE(t),B02,125,,schedule,obvious,1.0
,,,,,,,,LSTM-AE(t),B02,125,,spike,subtle,0.0
,,,,,,,,LSTM-AE(t),B02,125,,spike,moderate,1.0
,,,,,,,,LSTM-AE(t),B02,125,,drift,obvious,1.0
,,,,,,,,LSTM-AE(t),B02,125,,spike,subtle,1.0
,,,,,,,,LSTM-AE(t),B02,125,,schedule,obvious,0.0
6.0,0.0,0.0,0.0,0.0,,0.0,0.16083486801718846,LSTM-AE(t),B03,125,True,,,
,,,,,,,,LSTM-AE(t),B03,125,,spike,subtle,0.0
,,,,,,,,LSTM-AE(t),B03,125,,drift,subtle,0.0
,,,,,,,,LSTM-AE(t),B03,125,,drift,obvious,0.0
,,,,,,,,LSTM-AE(t),B03,125,,schedule,obvious,0.0
,,,,,,,,LSTM-AE(t),B03,125,,spike,obvious,0.0
,,,,,,,,LSTM-AE(t),B03,125,,spike,moderate,0.0
6.0,1.0,0.3333333333333333,0.16666666666666666,0.2222222222222222,0.0,0.16666666666666666,0.10519563822963438,LSTM-AE(t),B04,125,True,,,
,,,,,,,,LSTM-AE(t),B04,125,,drift,subtle,0.0
,,,,,,,,LSTM-AE(t),B04,125,,schedule,subtle,0.0
,,,,,,,,LSTM-AE(t),B04,125,,schedule,obvious,0.0
,,,,,,,,LSTM-AE(t),B04,125,,drift,moderate,0.0
,,,,,,,,LSTM-AE(t),B04,125,,spike,subtle,0.0
,,,,,,,,LSTM-AE(t),B04,125,,spike,obvious,1.0
6.0,2.0,0.2,0.3333333333333333,0.25,0.0,0.3333333333333333,0.09954233409610984,LSTM-AE(t),B05,125,True,,,
,,,,,,,,LSTM-AE(t),B05,125,,drift,obvious,1.0
,,,,,,,,LSTM-AE(t),B05,125,,schedule,obvious,0.0
,,,,,,,,LSTM-AE(t),B05,125,,spike,subtle,0.0
,,,,,,,,LSTM-AE(t),B05,125,,spike,subtle,0.0
,,,,,,,,LSTM-AE(t),B05,125,,drift,moderate,0.0
,,,,,,,,LSTM-AE(t),B05,125,,spike,subtle,1.0
6.0,1.0,0.3333333333333333,0.16666666666666666,0.2222222222222222,0.0,0.16666666666666666,0.09536601746138348,LSTM-AE(t),B06,125,True,,,
,,,,,,,,LSTM-AE(t),B06,125,,schedule,obvious,0.0
,,,,,,,,LSTM-AE(t),B06,125,,spike,obvious,1.0
,,,,,,,,LSTM-AE(t),B06,125,,schedule,obvious,0.0
,,,,,,,,LSTM-AE(t),B06,125,,drift,subtle,0.0
,,,,,,,,LSTM-AE(t),B06,125,,spike,subtle,0.0
,,,,,,,,LSTM-AE(t),B06,125,,schedule,obvious,0.0
6.0,1.0,1.0,0.16666666666666666,0.2857142857142857,0.0,0.16666666666666666,0.021796565389696168,LSTM-AE(t),B07,125,False,,,
,,,,,,,,LSTM-AE(t),B07,125,,spike,obvious,1.0
,,,,,,,,LSTM-AE(t),B07,125,,schedule,obvious,0.0
,,,,,,,,LSTM-AE(t),B07,125,,spike,subtle,0.0
,,,,,,,,LSTM-AE(t),B07,125,,drift,obvious,0.0
,,,,,,,,LSTM-AE(t),B07,125,,drift,obvious,0.0
,,,,,,,,LSTM-AE(t),B07,125,,drift,obvious,0.0
6.0,3.0,1.0,0.5,0.6666666666666666,39.666666666666664,0.5,0.07395498392282958,LSTM-AE(t),B08,125,False,,,
,,,,,,,,LSTM-AE(t),B08,125,,drift,obvious,1.0
,,,,,,,,LSTM-AE(t),B08,125,,spike,moderate,0.0
,,,,,,,,LSTM-AE(t),B08,125,,spike,moderate,0.0
,,,,,,,,LSTM-AE(t),B08,125,,spike,obvious,1.0
,,,,,,,,LSTM-AE(t),B08,125,,schedule,moderate,0.0
,,,,,,,,LSTM-AE(t),B08,125,,spike,obvious,1.0
