n_events,tp_events,precision,recall,f1,detection_delay_h,detection_rate,false_alarm_rate,model,building_id,seed
6.0,5.0,0.5714285714285714,0.8333333333333334,0.6779661016949152,35.6,0.8333333333333334,0.0058016877637130804,PatchTST-transductive,Fox_education_Henrietta,123
6.0,5.0,0.3488372093023256,0.8333333333333334,0.4918032786885246,17.6,0.8333333333333334,0.08303249097472924,PatchTST-transductive,Fox_retail_Manie,123
6.0,6.0,0.8421052631578947,1.0,0.9142857142857143,90.66666666666667,1.0,0.002178649237472767,PatchTST-transductive,Hog_education_Bruno,123
6.0,3.0,0.19047619047619047,0.5,0.27586206896551724,59.333333333333336,0.5,0.03283767038413878,PatchTST-transductive,Hog_education_Caridad,123
6.0,5.0,0.48,0.8333333333333334,0.6091370558375634,61.0,0.8333333333333334,0.014854426619132501,PatchTST-transductive,Hog_education_Luvenia,123
6.0,6.0,0.48148148148148145,1.0,0.65,30.833333333333332,1.0,0.01212471131639723,PatchTST-transductive,Hog_office_Almeda,123
6.0,4.0,0.5,0.6666666666666666,0.5714285714285715,98.25,0.6666666666666666,0.0056179775280898875,PatchTST-transductive,Hog_office_Cortney,123
6.0,6.0,0.9166666666666666,1.0,0.9565217391304348,55.333333333333336,1.0,0.0013201320132013201,PatchTST-transductive,Hog_office_Denita,123
6.0,6.0,0.5,1.0,0.6666666666666666,41.833333333333336,1.0,0.03959131545338442,PatchTST-transductive,Hog_office_Garrett,123
6.0,6.0,0.4375,1.0,0.6086956521739131,74.0,1.0,0.017711171662125342,PatchTST-transductive,Hog_office_Lavon,123
6.0,6.0,0.7692307692307693,1.0,0.8695652173913044,13.166666666666666,1.0,0.012841091492776886,PatchTST-transductive,Hog_office_Merilyn,123
6.0,6.0,0.6956521739130435,1.0,0.8205128205128205,46.333333333333336,1.0,0.006815365551425031,PatchTST-transductive,Hog_office_Miriam,123
6.0,6.0,0.76,1.0,0.8636363636363636,50.333333333333336,1.0,0.00421179302045728,PatchTST-transductive,Hog_office_Napoleon,123
6.0,3.0,0.3333333333333333,0.5,0.4,20.333333333333332,0.5,0.006707317073170732,PatchTST-transductive,Hog_office_Shawna,123
6.0,6.0,0.75,1.0,0.8571428571428571,29.0,1.0,0.0164638511095204,PatchTST-transductive,Hog_office_Shawnna,123
6.0,4.0,0.38095238095238093,0.6666666666666666,0.4848484848484849,37.75,0.6666666666666666,0.011150234741784037,PatchTST-transductive,Hog_office_Sherrie,123
6.0,6.0,0.5,1.0,0.6666666666666666,38.0,1.0,0.01273148148148148,PatchTST-transductive,Hog_office_Shon,123
6.0,6.0,0.64,1.0,0.7804878048780487,52.0,1.0,0.00714711137581894,PatchTST-transductive,Hog_office_Sydney,123
6.0,5.0,0.2727272727272727,0.8333333333333334,0.4109589041095891,2.6,0.8333333333333334,0.018292682926829267,PatchTST-transductive,Hog_office_Valda,123
6.0,5.0,0.5,0.8333333333333334,0.625,60.2,0.8333333333333334,0.01037344398340249,PatchTST-transductive,Lamb_education_Armando,123
6.0,6.0,0.36,1.0,0.5294117647058824,16.833333333333332,1.0,0.014430785676109033,PatchTST-transductive,Lamb_education_Eula,123
6.0,5.0,0.4166666666666667,0.8333333333333334,0.5555555555555556,1.2,0.8333333333333334,0.02085561497326203,PatchTST-transductive,Lamb_education_Lazaro,123
6.0,6.0,0.38095238095238093,1.0,0.5517241379310345,19.666666666666668,1.0,0.01734820322180917,PatchTST-transductive,Lamb_education_Lucas,123
6.0,6.0,0.5,1.0,0.6666666666666666,78.0,1.0,0.014285714285714285,PatchTST-transductive,Lamb_education_Mae,123
,,,,,,,,PatchTST-transductive,Lamb_education_Willetta,123
6.0,4.0,0.4090909090909091,0.6666666666666666,0.5070422535211268,6.0,0.6666666666666666,0.018292682926829267,PatchTST-transductive,Lamb_education_Williams,123
6.0,4.0,0.38235294117647056,0.6666666666666666,0.485981308411215,28.25,0.6666666666666666,0.0510718789407314,PatchTST-transductive,Lamb_office_Caitlin,123
6.0,5.0,0.42857142857142855,0.8333333333333334,0.5660377358490566,91.4,0.8333333333333334,0.021455938697318006,PatchTST-transductive,Lamb_office_Velma,123
6.0,6.0,0.5833333333333334,1.0,0.7368421052631579,24.666666666666668,1.0,0.025454545454545455,PatchTST-transductive,Rat_retail_Jeffrey,123
6.0,6.0,0.4375,1.0,0.6086956521739131,35.666666666666664,1.0,0.015532940546331012,PatchTST-transductive,Robin_education_Zenia,123
6.0,4.0,0.8333333333333334,0.6666666666666666,0.7407407407407408,56.5,0.6666666666666666,0.002967359050445104,PatchTST-transductive,Robin_office_Dina,123
6.0,5.0,0.8571428571428571,0.8333333333333334,0.8450704225352113,103.0,0.8333333333333334,0.0017196904557179708,PatchTST-transductive,Robin_office_Sammie,123
6.0,6.0,0.76,1.0,0.8636363636363636,92.0,1.0,0.00846262341325811,PatchTST-transductive,Shrew_office_Doris,123
6.0,5.0,0.813953488372093,0.8333333333333334,0.8235294117647058,99.4,0.8333333333333334,0.010752688172043012,PatchTST-transductive,Shrew_office_Ila,123
6.0,4.0,0.6470588235294118,0.6666666666666666,0.6567164179104478,32.0,0.6666666666666666,0.012640449438202247,PatchTST-transductive,Shrew_office_Kenneth,123
6.0,5.0,0.9166666666666666,0.8333333333333334,0.8730158730158729,49.8,0.8333333333333334,0.0006489292667099286,PatchTST-transductive,Shrew_office_Nora,123
6.0,5.0,0.4166666666666667,0.8333333333333334,0.5555555555555556,0.8,0.8333333333333334,0.018465909090909092,PatchTST-transductive,Shrew_office_Sherill,123
6.0,6.0,0.4666666666666667,1.0,0.6363636363636364,8.166666666666666,1.0,0.009200968523002421,PatchTST-transductive,Wolf_office_Darleen,123
6.0,5.0,0.7,0.8333333333333334,0.7608695652173915,98.6,0.8333333333333334,0.00904977375565611,PatchTST-transductive,Wolf_retail_Harriett,123
6.0,6.0,0.75,1.0,0.8571428571428571,28.166666666666668,1.0,0.007570977917981073,PatchTST-transductive,Wolf_retail_Marcella,123
6.0,4.0,0.5,0.6666666666666666,0.5714285714285715,30.0,0.6666666666666666,0.005477784540474742,PatchTST-transductive,Wolf_retail_Toshia,123
6.0,4.0,0.6153846153846154,0.6666666666666666,0.64,60.5,0.6666666666666666,0.0030599755201958386,PatchTST-transductive,Fox_education_Henrietta,124
6.0,6.0,0.41025641025641024,1.0,0.5818181818181819,8.833333333333334,1.0,0.07807981492192019,PatchTST-transductive,Fox_retail_Manie,124
6.0,6.0,0.9047619047619048,1.0,0.9500000000000001,93.0,1.0,0.0029175784099197666,PatchTST-transductive,Hog_education_Bruno,124
6.0,4.0,0.25,0.6666666666666666,0.36363636363636365,59.0,0.6666666666666666,0.03281733746130031,PatchTST-transductive,Hog_education_Caridad,124
6.0,6.0,0.52,1.0,0.6842105263157895,56.166666666666664,1.0,0.012430080795525171,PatchTST-transductive,Hog_education_Luvenia,124
6.0,6.0,0.7368421052631579,1.0,0.8484848484848484,70.0,1.0,0.0109375,PatchTST-transductive,Hog_office_Almeda,124
6.0,3.0,0.5454545454545454,0.5,0.5217391304347826,24.666666666666668,0.5,0.004016064257028112,PatchTST-transductive,Hog_office_Cortney,124
6.0,6.0,0.5,1.0,0.6666666666666666,0.6666666666666666,1.0,0.005963302752293578,PatchTST-transductive,Hog_office_Denita,124
6.0,5.0,0.4074074074074074,0.8333333333333334,0.5472636815920399,18.4,0.8333333333333334,0.0421172453044963,PatchTST-transductive,Hog_office_Garrett,124
6.0,4.0,0.45454545454545453,0.6666666666666666,0.5405405405405405,54.5,0.6666666666666666,0.009866102889358703,PatchTST-transductive,Hog_office_Lavon,124
6.0,4.0,0.7647058823529411,0.6666666666666666,0.7123287671232877,54.75,0.6666666666666666,0.012372634643377001,PatchTST-transductive,Hog_office_Merilyn,124
6.0,3.0,0.6111111111111112,0.5,0.55,48.0,0.5,0.006389776357827476,PatchTST-transductive,Hog_office_Miriam,124
6.0,5.0,0.7647058823529411,0.8333333333333334,0.7975460122699386,45.0,0.8333333333333334,0.0028473804100227792,PatchTST-transductive,Hog_office_Napoleon,124
6.0,5.0,0.8181818181818182,0.8333333333333334,0.8256880733944955,44.6,0.8333333333333334,0.0017814726840855108,PatchTST-transductive,Hog_office_Shawna,124
6.0,5.0,0.5555555555555556,0.8333333333333334,0.6666666666666667,94.0,0.8333333333333334,0.02108433734939759,PatchTST-transductive,Hog_office_Shawnna,124
6.0,5.0,0.5263157894736842,0.8333333333333334,0.6451612903225806,52.8,0.8333333333333334,0.008827238335435058,PatchTST-transductive,Hog_office_Sherrie,124
6.0,5.0,0.8,0.8333333333333334,0.816326530612245,64.0,0.8333333333333334,0.006126616746085773,PatchTST-transductive,Hog_office_Shon,124
6.0,5.0,0.5,0.8333333333333334,0.625,38.8,0.8333333333333334,0.013450292397660818,PatchTST-transductive,Hog_office_Sydney,124
6.0,6.0,0.5909090909090909,1.0,0.7428571428571429,45.833333333333336,1.0,0.011740331491712707,PatchTST-transductive,Hog_office_Valda,124
6.0,6.0,0.6923076923076923,1.0,0.8181818181818181,30.0,1.0,0.003115264797507788,PatchTST-transductive,Lamb_education_Armando,124
6.0,6.0,0.6956521739130435,1.0,0.8205128205128205,76.33333333333333,1.0,0.010734929810074319,PatchTST-transductive,Lamb_education_Eula,124
6.0,5.0,0.5,0.8333333333333334,0.625,23.0,0.8333333333333334,0.02357920193470375,PatchTST-transductive,Lamb_education_Lazaro,124
6.0,5.0,0.38095238095238093,0.8333333333333334,0.522875816993464,52.8,0.8333333333333334,0.021106259097525473,PatchTST-transductive,Lamb_education_Lucas,124
6.0,5.0,0.37037037037037035,0.8333333333333334,0.5128205128205128,43.6,0.8333333333333334,0.016483516483516484,PatchTST-transductive,Lamb_education_Mae,124
,,,,,,,,PatchTST-transductive,Lamb_education_Willetta,124
6.0,5.0,0.38095238095238093,0.8333333333333334,0.522875816993464,58.8,0.8333333333333334,0.016422287390029325,PatchTST-transductive,Lamb_education_Williams,124
6.0,5.0,0.3333333333333333,0.8333333333333334,0.47619047619047616,55.4,0.8333333333333334,0.05135322692574601,PatchTST-transductive,Lamb_office_Caitlin,124
6.0,4.0,0.2222222222222222,0.6666666666666666,0.3333333333333333,2.0,0.6666666666666666,0.02599388379204893,PatchTST-transductive,Lamb_office_Velma,124
6.0,6.0,0.4888888888888889,1.0,0.6567164179104478,16.166666666666668,1.0,0.04339502233567326,PatchTST-transductive,Rat_retail_Jeffrey,124
6.0,4.0,0.5483870967741935,0.6666666666666666,0.6017699115044248,106.25,0.6666666666666666,0.017467248908296942,PatchTST-transductive,Robin_education_Zenia,124
6.0,6.0,0.9,1.0,0.9473684210526316,58.5,1.0,0.003073140749846343,PatchTST-transductive,Robin_office_Dina,124
6.0,6.0,1.0,1.0,1.0,45.166666666666664,1.0,0.0,PatchTST-transductive,Robin_office_Sammie,124
6.0,6.0,0.6,1.0,0.7499999999999999,39.666666666666664,1.0,0.006723716381418093,PatchTST-transductive,Shrew_office_Doris,124
6.0,5.0,0.6956521739130435,0.8333333333333334,0.7582938388625592,93.0,0.8333333333333334,0.008875739644970414,PatchTST-transductive,Shrew_office_Ila,124
6.0,6.0,0.9444444444444444,1.0,0.9714285714285714,72.5,1.0,0.0006600660066006601,PatchTST-transductive,Shrew_office_Kenneth,124
6.0,6.0,0.5,1.0,0.6666666666666666,6.0,1.0,0.008053055423969682,PatchTST-transductive,Shrew_office_Nora,124
6.0,5.0,0.5714285714285714,0.8333333333333334,0.6779661016949152,30.6,0.8333333333333334,0.02145110410094637,PatchTST-transductive,Shrew_office_Sherill,124
6.0,5.0,0.5714285714285714,0.8333333333333334,0.6779661016949152,13.8,0.8333333333333334,0.005855562784645413,PatchTST-transductive,Wolf_office_Darleen,124
6.0,5.0,0.4,0.8333333333333334,0.5405405405405406,66.8,0.8333333333333334,0.00994733762434172,PatchTST-transductive,Wolf_retail_Harriett,124
6.0,6.0,0.4782608695652174,1.0,0.6470588235294118,39.166666666666664,1.0,0.011382113821138212,PatchTST-transductive,Wolf_retail_Marcella,124
6.0,6.0,0.5454545454545454,1.0,0.7058823529411764,38.5,1.0,0.003244997295835587,PatchTST-transductive,Wolf_retail_Toshia,124
6.0,6.0,0.8,1.0,0.888888888888889,79.66666666666667,1.0,0.002607561929595828,PatchTST-transductive,Fox_education_Henrietta,125
6.0,6.0,0.3333333333333333,1.0,0.5,31.333333333333332,1.0,0.08555486670799752,PatchTST-transductive,Fox_retail_Manie,125
6.0,5.0,0.7857142857142857,0.8333333333333334,0.8088235294117647,57.8,0.8333333333333334,0.004281345565749235,PatchTST-transductive,Hog_education_Bruno,125
6.0,5.0,0.36,0.8333333333333334,0.5027932960893855,25.0,0.8333333333333334,0.031313818924438394,PatchTST-transductive,Hog_education_Caridad,125
6.0,5.0,0.5384615384615384,0.8333333333333334,0.6542056074766356,31.8,0.8333333333333334,0.013683010262257697,PatchTST-transductive,Hog_education_Luvenia,125
6.0,4.0,0.68,0.6666666666666666,0.6732673267326733,16.0,0.6666666666666666,0.006688963210702341,PatchTST-transductive,Hog_office_Almeda,125
6.0,4.0,0.6666666666666666,0.6666666666666666,0.6666666666666666,34.75,0.6666666666666666,0.0030048076923076925,PatchTST-transductive,Hog_office_Cortney,125
6.0,6.0,0.6666666666666666,1.0,0.8,25.0,1.0,0.005157297576070139,PatchTST-transductive,Hog_office_Denita,125
6.0,6.0,0.47368421052631576,1.0,0.6428571428571429,27.166666666666668,1.0,0.04376731301939058,PatchTST-transductive,Hog_office_Garrett,125
6.0,5.0,0.4117647058823529,0.8333333333333334,0.5511811023622047,28.0,0.8333333333333334,0.024140012070006035,PatchTST-transductive,Hog_office_Lavon,125
6.0,6.0,0.46153846153846156,1.0,0.631578947368421,13.0,1.0,0.005879470847623714,PatchTST-transductive,Hog_office_Merilyn,125
6.0,6.0,0.8181818181818182,1.0,0.9,82.0,1.0,0.002904865649963689,PatchTST-transductive,Hog_office_Miriam,125
6.0,4.0,0.3333333333333333,0.6666666666666666,0.4444444444444444,47.75,0.6666666666666666,0.00636574074074074,PatchTST-transductive,Hog_office_Napoleon,125
6.0,5.0,0.45454545454545453,0.8333333333333334,0.5882352941176471,23.0,0.8333333333333334,0.0042643923240938165,PatchTST-transductive,Hog_office_Shawna,125
6.0,6.0,0.46153846153846156,1.0,0.631578947368421,17.333333333333332,1.0,0.018302828618968387,PatchTST-transductive,Hog_office_Shawnna,125
6.0,5.0,0.5,0.8333333333333334,0.625,7.4,0.8333333333333334,0.009122006841505131,PatchTST-transductive,Hog_office_Sherrie,125
6.0,5.0,0.9310344827586207,0.8333333333333334,0.8794788273615635,95.2,0.8333333333333334,0.0015910898965791568,PatchTST-transductive,Hog_office_Shon,125
6.0,6.0,0.6153846153846154,1.0,0.761904761904762,20.666666666666668,1.0,0.010285714285714285,PatchTST-transductive,Hog_office_Sydney,125
6.0,5.0,0.84,0.8333333333333334,0.8366533864541832,54.4,0.8333333333333334,0.007142857142857143,PatchTST-transductive,Hog_office_Valda,125
6.0,6.0,0.5714285714285714,1.0,0.7272727272727273,56.833333333333336,1.0,0.009512485136741973,PatchTST-transductive,Lamb_education_Armando,125
6.0,5.0,0.3548387096774194,0.8333333333333334,0.497737556561086,11.4,0.8333333333333334,0.015736040609137057,PatchTST-transductive,Lamb_education_Eula,125
6.0,4.0,0.7692307692307693,0.6666666666666666,0.7142857142857142,20.75,0.6666666666666666,0.0062932662051604785,PatchTST-transductive,Lamb_education_Lazaro,125
6.0,5.0,0.475,0.8333333333333334,0.6050955414012739,45.6,0.8333333333333334,0.01704966641957005,PatchTST-transductive,Lamb_education_Lucas,125
6.0,6.0,0.2916666666666667,1.0,0.45161290322580644,44.833333333333336,1.0,0.014823261117445839,PatchTST-transductive,Lamb_education_Mae,125
,,,,,,,,PatchTST-transductive,Lamb_education_Willetta,125
6.0,5.0,0.3125,0.8333333333333334,0.45454545454545453,70.6,0.8333333333333334,0.018060200668896322,PatchTST-transductive,Lamb_education_Williams,125
6.0,5.0,0.2,0.8333333333333334,0.3225806451612903,28.4,0.8333333333333334,0.056173200702165006,PatchTST-transductive,Lamb_office_Caitlin,125
6.0,4.0,0.7222222222222222,0.6666666666666666,0.6933333333333334,118.25,0.6666666666666666,0.013245033112582781,PatchTST-transductive,Lamb_office_Velma,125
6.0,6.0,0.4146341463414634,1.0,0.5862068965517241,6.666666666666667,1.0,0.04335260115606936,PatchTST-transductive,Rat_retail_Jeffrey,125
6.0,6.0,0.5,1.0,0.6666666666666666,52.166666666666664,1.0,0.011009174311926606,PatchTST-transductive,Robin_education_Zenia,125
6.0,5.0,0.7058823529411765,0.8333333333333334,0.7643312101910827,11.6,0.8333333333333334,0.004496908375491849,PatchTST-transductive,Robin_office_Dina,125
6.0,4.0,1.0,0.6666666666666666,0.8,172.75,0.6666666666666666,0.0,PatchTST-transductive,Robin_office_Sammie,125
6.0,6.0,0.6363636363636364,1.0,0.7777777777777778,44.0,1.0,0.008465011286681716,PatchTST-transductive,Shrew_office_Doris,125
6.0,6.0,0.8,1.0,0.888888888888889,85.16666666666667,1.0,0.010358565737051793,PatchTST-transductive,Shrew_office_Ila,125
6.0,5.0,0.5384615384615384,0.8333333333333334,0.6542056074766356,27.0,0.8333333333333334,0.0091792656587473,PatchTST-transductive,Shrew_office_Kenneth,125
6.0,6.0,0.7058823529411765,1.0,0.8275862068965517,38.0,1.0,0.007975460122699387,PatchTST-transductive,Shrew_office_Nora,125
6.0,5.0,0.5833333333333334,0.8333333333333334,0.6862745098039216,54.6,0.8333333333333334,0.02483564645726808,PatchTST-transductive,Shrew_office_Sherill,125
6.0,5.0,0.5882352941176471,0.8333333333333334,0.6896551724137931,13.0,0.8333333333333334,0.014457831325301205,PatchTST-transductive,Wolf_office_Darleen,125
6.0,6.0,0.55,1.0,0.7096774193548387,31.166666666666668,1.0,0.005720228809152366,PatchTST-transductive,Wolf_retail_Harriett,125
6.0,2.0,0.4,0.3333333333333333,0.3636363636363636,70.5,0.3333333333333333,0.014545454545454545,PatchTST-transductive,Wolf_retail_Marcella,125
6.0,5.0,0.5555555555555556,0.8333333333333334,0.6666666666666667,64.4,0.8333333333333334,0.0034626038781163434,PatchTST-transductive,Wolf_retail_Toshia,125
