seed,model,contamination,val_F1,nu,gamma,hidden
123,IF,0.01,0.6252771618625277,,,
123,OCSVM,,0.6370813195289807,0.1,scale,
123,AE,,0.5716137394685676,,,"(32, 16, 32)"
123,LSTM-AE,,0.5959628324255046,,,32
124,IF,0.01,0.6795060159631497,,,
124,OCSVM,,0.7008758237946584,0.1,scale,
124,AE,,0.6480175790579918,,,"(32, 16, 32)"
124,LSTM-AE,,0.5622171047407291,,,32
125,IF,0.01,0.6134774493690281,,,
125,OCSVM,,0.6276338326853538,0.02,0.2,
125,AE,,0.5869113573407202,,,"(32, 16, 32)"
125,LSTM-AE,,0.5597416576964478,,,32
