building_id,seed,test_outside_train_pct,test_p99_exceeds_train_max,train_temp_range
Fox_education_Henrietta,123,0.0,False,45.0
Fox_retail_Manie,123,0.0,False,45.0
Hog_education_Bruno,123,0.0036429872495446266,False,61.2
Hog_education_Caridad,123,0.0036429872495446266,False,61.2
Hog_education_Luvenia,123,0.0036429872495446266,False,61.2
Hog_office_Almeda,123,0.0036429872495446266,False,61.2
Hog_office_Cortney,123,0.0036429872495446266,False,61.2
Hog_office_Denita,123,0.0036429872495446266,False,61.2
Hog_office_Garrett,123,0.0036429872495446266,False,61.2
Hog_office_Lavon,123,0.0036429872495446266,False,61.2
Hog_office_Merilyn,123,0.0036429872495446266,False,61.2
Hog_office_Miriam,123,0.0036429872495446266,False,61.2
Hog_office_Napoleon,123,0.0036429872495446266,False,61.2
Hog_office_Shawna,123,0.0036429872495446266,False,61.2
Hog_office_Shawnna,123,0.0036429872495446266,False,61.2
Hog_office_Sherrie,123,0.0036429872495446266,False,61.2
Hog_office_Shon,123,0.0036429872495446266,False,61.2
Hog_office_Sydney,123,0.0036429872495446266,False,61.2
Hog_office_Valda,123,0.0036429872495446266,False,61.2
Lamb_education_Armando,123,0.0,False,33.0
Lamb_education_Eula,123,0.0,False,33.0
Lamb_education_Lazaro,123,0.0,False,33.0
Lamb_education_Lucas,123,0.0,False,33.0
Lamb_education_Mae,123,0.0,False,33.0
Lamb_education_Willetta,123,0.0,False,33.0
Lamb_education_Williams,123,0.0,False,33.0
Lamb_office_Caitlin,123,0.0,False,33.0
Lamb_office_Velma,123,0.0,False,33.0
Rat_retail_Jeffrey,123,0.0,False,47.800000000000004
Robin_education_Zenia,123,0.0004553734061930783,False,36.699999999999996
Robin_office_Dina,123,0.0004553734061930783,False,36.699999999999996
Robin_office_Sammie,123,0.0004553734061930783,False,36.699999999999996
Shrew_office_Doris,123,0.0004553734061930783,False,36.699999999999996
Shrew_office_Ila,123,0.0004553734061930783,False,36.699999999999996
Shrew_office_Kenneth,123,0.0004553734061930783,False,36.699999999999996
Shrew_office_Nora,123,0.0004553734061930783,False,36.699999999999996
Shrew_office_Sherill,123,0.0004553734061930783,False,36.699999999999996
Wolf_office_Darleen,123,0.0,False,30.8
Wolf_retail_Harriett,123,0.0,False,30.8
Wolf_retail_Marcella,123,0.0,False,30.8
Wolf_retail_Toshia,123,0.0,False,30.8
Fox_education_Henrietta,124,0.0,False,45.0
Fox_retail_Manie,124,0.0,False,45.0
Hog_education_Bruno,124,0.0036429872495446266,False,61.2
Hog_education_Caridad,124,0.0036429872495446266,False,61.2
Hog_education_Luvenia,124,0.0036429872495446266,False,61.2
Hog_office_Almeda,124,0.0036429872495446266,False,61.2
Hog_office_Cortney,124,0.0036429872495446266,False,61.2
Hog_office_Denita,124,0.0036429872495446266,False,61.2
Hog_office_Garrett,124,0.0036429872495446266,False,61.2
Hog_office_Lavon,124,0.0036429872495446266,False,61.2
Hog_office_Merilyn,124,0.0036429872495446266,False,61.2
Hog_office_Miriam,124,0.0036429872495446266,False,61.2
Hog_office_Napoleon,124,0.0036429872495446266,False,61.2
Hog_office_Shawna,124,0.0036429872495446266,False,61.2
Hog_office_Shawnna,124,0.0036429872495446266,False,61.2
Hog_office_Sherrie,124,0.0036429872495446266,False,61.2
Hog_office_Shon,124,0.0036429872495446266,False,61.2
Hog_office_Sydney,124,0.0036429872495446266,False,61.2
Hog_office_Valda,124,0.0036429872495446266,False,61.2
Lamb_education_Armando,124,0.0,False,33.0
Lamb_education_Eula,124,0.0,False,33.0
Lamb_education_Lazaro,124,0.0,False,33.0
Lamb_education_Lucas,124,0.0,False,33.0
Lamb_education_Mae,124,0.0,False,33.0
Lamb_education_Willetta,124,0.0,False,33.0
Lamb_education_Williams,124,0.0,False,33.0
Lamb_office_Caitlin,124,0.0,False,33.0
Lamb_office_Velma,124,0.0,False,33.0
Rat_retail_Jeffrey,124,0.0,False,47.800000000000004
Robin_education_Zenia,124,0.0004553734061930783,False,36.699999999999996
Robin_office_Dina,124,0.0004553734061930783,False,36.699999999999996
Robin_office_Sammie,124,0.0004553734061930783,False,36.699999999999996
Shrew_office_Doris,124,0.0004553734061930783,False,36.699999999999996
Shrew_office_Ila,124,0.0004553734061930783,False,36.699999999999996
Shrew_office_Kenneth,124,0.0004553734061930783,False,36.699999999999996
Shrew_office_Nora,124,0.0004553734061930783,False,36.699999999999996
Shrew_office_Sherill,124,0.0004553734061930783,False,36.699999999999996
Wolf_office_Darleen,124,0.0,False,30.8
Wolf_retail_Harriett,124,0.0,False,30.8
Wolf_retail_Marcella,124,0.0,False,30.8
Wolf_retail_Toshia,124,0.0,False,30.8
Fox_education_Henrietta,125,0.0,False,45.0
Fox_retail_Manie,125,0.0,False,45.0
Hog_education_Bruno,125,0.0036429872495446266,False,61.2
Hog_education_Caridad,125,0.0036429872495446266,False,61.2
Hog_education_Luvenia,125,0.0036429872495446266,False,61.2
Hog_office_Almeda,125,0.0036429872495446266,False,61.2
Hog_office_Cortney,125,0.0036429872495446266,False,61.2
Hog_office_Denita,125,0.0036429872495446266,False,61.2
Hog_office_Garrett,125,0.0036429872495446266,False,61.2
Hog_office_Lavon,125,0.0036429872495446266,False,61.2
Hog_office_Merilyn,125,0.0036429872495446266,False,61.2
Hog_office_Miriam,125,0.0036429872495446266,False,61.2
Hog_office_Napoleon,125,0.0036429872495446266,False,61.2
Hog_office_Shawna,125,0.0036429872495446266,False,61.2
Hog_office_Shawnna,125,0.0036429872495446266,False,61.2
Hog_office_Sherrie,125,0.0036429872495446266,False,61.2
Hog_office_Shon,125,0.0036429872495446266,False,61.2
Hog_office_Sydney,125,0.0036429872495446266,False,61.2
Hog_office_Valda,125,0.0036429872495446266,False,61.2
Lamb_education_Armando,125,0.0,False,33.0
Lamb_education_Eula,125,0.0,False,33.0
Lamb_education_Lazaro,125,0.0,False,33.0
Lamb_education_Lucas,125,0.0,False,33.0
Lamb_education_Mae,125,0.0,False,33.0
Lamb_education_Willetta,125,0.0,False,33.0
Lamb_education_Williams,125,0.0,False,33.0
Lamb_office_Caitlin,125,0.0,False,33.0
Lamb_office_Velma,125,0.0,False,33.0
Rat_retail_Jeffrey,125,0.0,False,47.800000000000004
Robin_education_Zenia,125,0.0004553734061930783,False,36.699999999999996
Robin_office_Dina,125,0.0004553734061930783,False,36.699999999999996
Robin_office_Sammie,125,0.0004553734061930783,False,36.699999999999996
Shrew_office_Doris,125,0.0004553734061930783,False,36.699999999999996
Shrew_office_Ila,125,0.0004553734061930783,False,36.699999999999996
Shrew_office_Kenneth,125,0.0004553734061930783,False,36.699999999999996
Shrew_office_Nora,125,0.0004553734061930783,False,36.699999999999996
Shrew_office_Sherill,125,0.0004553734061930783,False,36.699999999999996
Wolf_office_Darleen,125,0.0,False,30.8
Wolf_retail_Harriett,125,0.0,False,30.8
Wolf_retail_Marcella,125,0.0,False,30.8
Wolf_retail_Toshia,125,0.0,False,30.8
