model,type,seed,building_id,recall,n,delay_h
PatchTST-SSL,drift,123,Fox_education_Henrietta,0.0,1,
PatchTST-SSL,schedule,123,Fox_education_Henrietta,0.0,1,
PatchTST-SSL,spike,123,Fox_education_Henrietta,0.75,4,1.6666666666666667
PatchTST-SSL,drift,123,Fox_retail_Manie,1.0,2,101.5
PatchTST-SSL,schedule,123,Fox_retail_Manie,0.0,1,
PatchTST-SSL,spike,123,Fox_retail_Manie,0.6666666666666666,3,1.0
PatchTST-SSL,drift,123,Hog_education_Bruno,1.0,3,88.66666666666667
PatchTST-SSL,schedule,123,Hog_education_Bruno,1.0,1,189.0
PatchTST-SSL,spike,123,Hog_education_Bruno,1.0,2,0.5
PatchTST-SSL,drift,123,Hog_education_Caridad,1.0,3,106.66666666666667
PatchTST-SSL,spike,123,Hog_education_Caridad,0.3333333333333333,3,0.0
PatchTST-SSL,drift,123,Hog_education_Luvenia,0.6666666666666666,3,103.0
PatchTST-SSL,spike,123,Hog_education_Luvenia,0.3333333333333333,3,2.0
PatchTST-SSL,drift,123,Hog_office_Almeda,1.0,1,14.0
PatchTST-SSL,schedule,123,Hog_office_Almeda,0.5,2,0.0
PatchTST-SSL,spike,123,Hog_office_Almeda,1.0,3,1.3333333333333333
PatchTST-SSL,drift,123,Hog_office_Cortney,0.3333333333333333,3,210.0
PatchTST-SSL,schedule,123,Hog_office_Cortney,0.0,1,
PatchTST-SSL,spike,123,Hog_office_Cortney,1.0,2,1.0
PatchTST-SSL,drift,123,Hog_office_Denita,1.0,3,84.66666666666667
PatchTST-SSL,spike,123,Hog_office_Denita,1.0,3,0.6666666666666666
PatchTST-SSL,drift,123,Hog_office_Garrett,0.6666666666666666,3,70.0
PatchTST-SSL,spike,123,Hog_office_Garrett,1.0,3,1.0
PatchTST-SSL,drift,123,Hog_office_Lavon,0.6666666666666666,3,85.5
PatchTST-SSL,schedule,123,Hog_office_Lavon,0.0,1,
PatchTST-SSL,spike,123,Hog_office_Lavon,1.0,2,2.0
PatchTST-SSL,drift,123,Hog_office_Merilyn,1.0,1,72.0
PatchTST-SSL,spike,123,Hog_office_Merilyn,1.0,5,1.6
PatchTST-SSL,drift,123,Hog_office_Miriam,1.0,2,65.0
PatchTST-SSL,schedule,123,Hog_office_Miriam,0.0,2,
PatchTST-SSL,spike,123,Hog_office_Miriam,1.0,2,1.0
PatchTST-SSL,drift,123,Hog_office_Napoleon,0.6666666666666666,3,117.5
PatchTST-SSL,spike,123,Hog_office_Napoleon,1.0,3,0.3333333333333333
PatchTST-SSL,schedule,123,Hog_office_Shawna,0.0,4,
PatchTST-SSL,spike,123,Hog_office_Shawna,1.0,2,0.5
PatchTST-SSL,drift,123,Hog_office_Shawnna,1.0,2,73.0
PatchTST-SSL,schedule,123,Hog_office_Shawnna,1.0,2,23.0
PatchTST-SSL,spike,123,Hog_office_Shawnna,1.0,2,1.5
PatchTST-SSL,drift,123,Hog_office_Sherrie,1.0,1,4.0
PatchTST-SSL,schedule,123,Hog_office_Sherrie,0.0,2,
PatchTST-SSL,spike,123,Hog_office_Sherrie,1.0,3,1.6666666666666667
PatchTST-SSL,drift,123,Hog_office_Shon,1.0,2,38.5
PatchTST-SSL,schedule,123,Hog_office_Shon,1.0,1,140.0
PatchTST-SSL,spike,123,Hog_office_Shon,1.0,3,1.6666666666666667
PatchTST-SSL,drift,123,Hog_office_Sydney,1.0,2,21.5
PatchTST-SSL,spike,123,Hog_office_Sydney,0.75,4,0.6666666666666666
PatchTST-SSL,drift,123,Hog_office_Valda,1.0,1,103.0
PatchTST-SSL,schedule,123,Hog_office_Valda,0.0,1,
PatchTST-SSL,spike,123,Hog_office_Valda,1.0,4,0.75
PatchTST-SSL,drift,123,Lamb_education_Armando,0.0,2,
PatchTST-SSL,schedule,123,Lamb_education_Armando,0.5,2,20.0
PatchTST-SSL,spike,123,Lamb_education_Armando,1.0,2,0.5
PatchTST-SSL,drift,123,Lamb_education_Eula,1.0,1,96.0
PatchTST-SSL,spike,123,Lamb_education_Eula,1.0,5,1.0
PatchTST-SSL,drift,123,Lamb_education_Lazaro,1.0,1,164.0
PatchTST-SSL,spike,123,Lamb_education_Lazaro,0.8,5,1.75
PatchTST-SSL,drift,123,Lamb_education_Lucas,0.6666666666666666,3,36.0
PatchTST-SSL,spike,123,Lamb_education_Lucas,1.0,3,0.6666666666666666
PatchTST-SSL,drift,123,Lamb_education_Mae,0.6666666666666666,3,125.0
PatchTST-SSL,schedule,123,Lamb_education_Mae,1.0,1,20.0
PatchTST-SSL,spike,123,Lamb_education_Mae,1.0,2,1.0
PatchTST-SSL,drift,123,Lamb_education_Williams,1.0,1,17.0
PatchTST-SSL,schedule,123,Lamb_education_Williams,0.0,3,
PatchTST-SSL,spike,123,Lamb_education_Williams,0.5,2,0.0
PatchTST-SSL,drift,123,Lamb_office_Caitlin,1.0,2,54.5
PatchTST-SSL,schedule,123,Lamb_office_Caitlin,0.0,1,
PatchTST-SSL,spike,123,Lamb_office_Caitlin,0.6666666666666666,3,2.5
PatchTST-SSL,drift,123,Lamb_office_Velma,0.6666666666666666,3,45.0
PatchTST-SSL,schedule,123,Lamb_office_Velma,0.5,2,187.0
PatchTST-SSL,spike,123,Lamb_office_Velma,1.0,1,1.0
PatchTST-SSL,drift,123,Rat_retail_Jeffrey,1.0,3,38.0
PatchTST-SSL,schedule,123,Rat_retail_Jeffrey,1.0,1,4.0
PatchTST-SSL,spike,123,Rat_retail_Jeffrey,0.5,2,1.0
PatchTST-SSL,drift,123,Robin_education_Zenia,1.0,1,38.0
PatchTST-SSL,spike,123,Robin_education_Zenia,1.0,5,1.6
PatchTST-SSL,drift,123,Robin_office_Dina,1.0,2,37.0
PatchTST-SSL,schedule,123,Robin_office_Dina,0.5,2,106.0
PatchTST-SSL,spike,123,Robin_office_Dina,1.0,2,1.5
PatchTST-SSL,drift,123,Robin_office_Sammie,0.75,4,73.33333333333333
PatchTST-SSL,schedule,123,Robin_office_Sammie,0.0,1,
PatchTST-SSL,spike,123,Robin_office_Sammie,1.0,1,0.0
PatchTST-SSL,drift,123,Shrew_office_Doris,1.0,3,132.66666666666666
PatchTST-SSL,spike,123,Shrew_office_Doris,1.0,3,1.6666666666666667
PatchTST-SSL,drift,123,Shrew_office_Ila,1.0,4,101.75
PatchTST-SSL,spike,123,Shrew_office_Ila,0.5,2,0.0
PatchTST-SSL,drift,123,Shrew_office_Kenneth,1.0,3,112.33333333333333
PatchTST-SSL,schedule,123,Shrew_office_Kenneth,1.0,1,0.0
PatchTST-SSL,spike,123,Shrew_office_Kenneth,1.0,2,1.0
PatchTST-SSL,drift,123,Shrew_office_Nora,1.0,1,182.0
PatchTST-SSL,schedule,123,Shrew_office_Nora,0.6666666666666666,3,61.5
PatchTST-SSL,spike,123,Shrew_office_Nora,1.0,2,1.5
PatchTST-SSL,schedule,123,Shrew_office_Sherill,0.0,1,
PatchTST-SSL,spike,123,Shrew_office_Sherill,0.6,5,1.0
PatchTST-SSL,schedule,123,Wolf_office_Darleen,1.0,1,45.0
PatchTST-SSL,spike,123,Wolf_office_Darleen,1.0,5,0.6
PatchTST-SSL,drift,123,Wolf_retail_Harriett,0.75,4,70.33333333333333
PatchTST-SSL,spike,123,Wolf_retail_Harriett,1.0,2,0.5
PatchTST-SSL,schedule,123,Wolf_retail_Marcella,0.3333333333333333,3,22.0
PatchTST-SSL,spike,123,Wolf_retail_Marcella,1.0,3,1.6666666666666667
PatchTST-SSL,drift,123,Wolf_retail_Toshia,1.0,1,18.0
PatchTST-SSL,schedule,123,Wolf_retail_Toshia,0.25,4,24.0
PatchTST-SSL,spike,123,Wolf_retail_Toshia,0.0,1,
HOW-profile+z,drift,123,Fox_education_Henrietta,1.0,1,193.0
HOW-profile+z,schedule,123,Fox_education_Henrietta,0.0,1,
HOW-profile+z,spike,123,Fox_education_Henrietta,0.75,4,1.6666666666666667
HOW-profile+z,drift,123,Fox_retail_Manie,1.0,2,77.5
HOW-profile+z,schedule,123,Fox_retail_Manie,0.0,1,
HOW-profile+z,spike,123,Fox_retail_Manie,0.6666666666666666,3,1.0
HOW-profile+z,drift,123,Hog_education_Bruno,1.0,3,67.66666666666667
HOW-profile+z,schedule,123,Hog_education_Bruno,1.0,1,76.0
HOW-profile+z,spike,123,Hog_education_Bruno,1.0,2,0.0
HOW-profile+z,drift,123,Hog_education_Caridad,1.0,3,86.33333333333333
HOW-profile+z,spike,123,Hog_education_Caridad,1.0,3,1.0
HOW-profile+z,drift,123,Hog_education_Luvenia,1.0,3,153.66666666666666
HOW-profile+z,spike,123,Hog_education_Luvenia,0.3333333333333333,3,1.0
HOW-profile+z,drift,123,Hog_office_Almeda,1.0,1,38.0
HOW-profile+z,schedule,123,Hog_office_Almeda,1.0,2,35.5
HOW-profile+z,spike,123,Hog_office_Almeda,1.0,3,1.0
HOW-profile+z,drift,123,Hog_office_Cortney,1.0,3,29.666666666666668
HOW-profile+z,schedule,123,Hog_office_Cortney,0.0,1,
HOW-profile+z,spike,123,Hog_office_Cortney,1.0,2,0.5
HOW-profile+z,drift,123,Hog_office_Denita,1.0,3,55.0
HOW-profile+z,spike,123,Hog_office_Denita,1.0,3,0.6666666666666666
HOW-profile+z,drift,123,Hog_office_Garrett,1.0,3,40.666666666666664
HOW-profile+z,spike,123,Hog_office_Garrett,0.6666666666666666,3,1.0
HOW-profile+z,drift,123,Hog_office_Lavon,0.6666666666666666,3,66.5
HOW-profile+z,schedule,123,Hog_office_Lavon,1.0,1,68.0
HOW-profile+z,spike,123,Hog_office_Lavon,1.0,2,2.0
HOW-profile+z,drift,123,Hog_office_Merilyn,1.0,1,184.0
HOW-profile+z,spike,123,Hog_office_Merilyn,1.0,5,2.0
HOW-profile+z,drift,123,Hog_office_Miriam,1.0,2,47.5
HOW-profile+z,schedule,123,Hog_office_Miriam,0.5,2,42.0
HOW-profile+z,spike,123,Hog_office_Miriam,1.0,2,1.5
HOW-profile+z,drift,123,Hog_office_Napoleon,0.6666666666666666,3,20.5
HOW-profile+z,spike,123,Hog_office_Napoleon,1.0,3,0.3333333333333333
HOW-profile+z,schedule,123,Hog_office_Shawna,1.0,4,8.75
HOW-profile+z,spike,123,Hog_office_Shawna,1.0,2,0.5
HOW-profile+z,drift,123,Hog_office_Shawnna,1.0,2,63.5
HOW-profile+z,schedule,123,Hog_office_Shawnna,1.0,2,0.0
HOW-profile+z,spike,123,Hog_office_Shawnna,1.0,2,1.5
HOW-profile+z,drift,123,Hog_office_Sherrie,1.0,1,7.0
HOW-profile+z,schedule,123,Hog_office_Sherrie,0.0,2,
HOW-profile+z,spike,123,Hog_office_Sherrie,1.0,3,2.0
HOW-profile+z,drift,123,Hog_office_Shon,1.0,2,40.0
HOW-profile+z,schedule,123,Hog_office_Shon,1.0,1,46.0
HOW-profile+z,spike,123,Hog_office_Shon,1.0,3,1.6666666666666667
HOW-profile+z,drift,123,Hog_office_Sydney,1.0,2,33.0
HOW-profile+z,spike,123,Hog_office_Sydney,0.75,4,0.6666666666666666
HOW-profile+z,drift,123,Hog_office_Valda,1.0,1,104.0
HOW-profile+z,schedule,123,Hog_office_Valda,0.0,1,
HOW-profile+z,spike,123,Hog_office_Valda,1.0,4,0.5
HOW-profile+z,drift,123,Lamb_education_Armando,0.5,2,1.0
HOW-profile+z,schedule,123,Lamb_education_Armando,1.0,2,5.5
HOW-profile+z,spike,123,Lamb_education_Armando,1.0,2,0.5
HOW-profile+z,drift,123,Lamb_education_Eula,1.0,1,164.0
HOW-profile+z,spike,123,Lamb_education_Eula,1.0,5,0.8
HOW-profile+z,drift,123,Lamb_education_Lazaro,1.0,1,193.0
HOW-profile+z,spike,123,Lamb_education_Lazaro,1.0,5,1.4
HOW-profile+z,drift,123,Lamb_education_Lucas,1.0,3,11.0
HOW-profile+z,spike,123,Lamb_education_Lucas,1.0,3,0.6666666666666666
HOW-profile+z,drift,123,Lamb_education_Mae,1.0,3,100.33333333333333
HOW-profile+z,schedule,123,Lamb_education_Mae,0.0,1,
HOW-profile+z,spike,123,Lamb_education_Mae,1.0,2,0.5
HOW-profile+z,drift,123,Lamb_education_Williams,1.0,1,20.0
HOW-profile+z,schedule,123,Lamb_education_Williams,0.0,3,
HOW-profile+z,spike,123,Lamb_education_Williams,0.5,2,0.0
HOW-profile+z,drift,123,Lamb_office_Caitlin,1.0,2,48.5
HOW-profile+z,schedule,123,Lamb_office_Caitlin,0.0,1,
HOW-profile+z,spike,123,Lamb_office_Caitlin,0.6666666666666666,3,1.0
HOW-profile+z,drift,123,Lamb_office_Velma,1.0,3,50.333333333333336
HOW-profile+z,schedule,123,Lamb_office_Velma,1.0,2,120.0
HOW-profile+z,spike,123,Lamb_office_Velma,1.0,1,1.0
HOW-profile+z,drift,123,Rat_retail_Jeffrey,1.0,3,95.66666666666667
HOW-profile+z,schedule,123,Rat_retail_Jeffrey,0.0,1,
HOW-profile+z,spike,123,Rat_retail_Jeffrey,0.5,2,1.0
HOW-profile+z,drift,123,Robin_education_Zenia,1.0,1,12.0
HOW-profile+z,spike,123,Robin_education_Zenia,0.8,5,1.5
HOW-profile+z,drift,123,Robin_office_Dina,1.0,2,25.5
HOW-profile+z,schedule,123,Robin_office_Dina,0.5,2,64.0
HOW-profile+z,spike,123,Robin_office_Dina,1.0,2,1.5
HOW-profile+z,drift,123,Robin_office_Sammie,1.0,4,84.75
HOW-profile+z,schedule,123,Robin_office_Sammie,0.0,1,
HOW-profile+z,spike,123,Robin_office_Sammie,1.0,1,0.0
HOW-profile+z,drift,123,Shrew_office_Doris,1.0,3,116.33333333333333
HOW-profile+z,spike,123,Shrew_office_Doris,1.0,3,1.3333333333333333
HOW-profile+z,drift,123,Shrew_office_Ila,1.0,4,82.25
HOW-profile+z,spike,123,Shrew_office_Ila,1.0,2,0.5
HOW-profile+z,drift,123,Shrew_office_Kenneth,1.0,3,86.33333333333333
HOW-profile+z,schedule,123,Shrew_office_Kenneth,1.0,1,0.0
HOW-profile+z,spike,123,Shrew_office_Kenneth,1.0,2,0.5
HOW-profile+z,drift,123,Shrew_office_Nora,1.0,1,38.0
HOW-profile+z,schedule,123,Shrew_office_Nora,1.0,3,43.666666666666664
HOW-profile+z,spike,123,Shrew_office_Nora,1.0,2,1.0
HOW-profile+z,schedule,123,Shrew_office_Sherill,0.0,1,
HOW-profile+z,spike,123,Shrew_office_Sherill,0.8,5,0.75
HOW-profile+z,schedule,123,Wolf_office_Darleen,1.0,1,30.0
HOW-profile+z,spike,123,Wolf_office_Darleen,1.0,5,0.6
HOW-profile+z,drift,123,Wolf_retail_Harriett,1.0,4,45.75
HOW-profile+z,spike,123,Wolf_retail_Harriett,1.0,2,0.5
HOW-profile+z,schedule,123,Wolf_retail_Marcella,0.6666666666666666,3,68.0
HOW-profile+z,spike,123,Wolf_retail_Marcella,1.0,3,1.3333333333333333
HOW-profile+z,drift,123,Wolf_retail_Toshia,1.0,1,9.0
HOW-profile+z,schedule,123,Wolf_retail_Toshia,1.0,4,13.5
HOW-profile+z,spike,123,Wolf_retail_Toshia,0.0,1,
TOWT-detector,drift,123,Fox_education_Henrietta,1.0,1,172.0
TOWT-detector,schedule,123,Fox_education_Henrietta,0.0,1,
TOWT-detector,spike,123,Fox_education_Henrietta,0.75,4,1.3333333333333333
TOWT-detector,drift,123,Fox_retail_Manie,1.0,2,88.5
TOWT-detector,schedule,123,Fox_retail_Manie,0.0,1,
TOWT-detector,spike,123,Fox_retail_Manie,0.6666666666666666,3,1.0
TOWT-detector,drift,123,Hog_education_Bruno,0.6666666666666666,3,32.5
TOWT-detector,schedule,123,Hog_education_Bruno,1.0,1,110.0
TOWT-detector,spike,123,Hog_education_Bruno,1.0,2,0.0
TOWT-detector,drift,123,Hog_education_Caridad,1.0,3,88.0
TOWT-detector,spike,123,Hog_education_Caridad,0.6666666666666666,3,1.0
TOWT-detector,drift,123,Hog_education_Luvenia,0.0,3,
TOWT-detector,spike,123,Hog_education_Luvenia,0.6666666666666666,3,1.0
TOWT-detector,drift,123,Hog_office_Almeda,1.0,1,61.0
TOWT-detector,schedule,123,Hog_office_Almeda,0.5,2,74.0
TOWT-detector,spike,123,Hog_office_Almeda,1.0,3,1.0
TOWT-detector,drift,123,Hog_office_Cortney,1.0,3,26.333333333333332
TOWT-detector,schedule,123,Hog_office_Cortney,0.0,1,
TOWT-detector,spike,123,Hog_office_Cortney,1.0,2,0.5
TOWT-detector,drift,123,Hog_office_Denita,1.0,3,84.66666666666667
TOWT-detector,spike,123,Hog_office_Denita,1.0,3,0.6666666666666666
TOWT-detector,drift,123,Hog_office_Garrett,0.6666666666666666,3,102.5
TOWT-detector,spike,123,Hog_office_Garrett,1.0,3,1.0
TOWT-detector,drift,123,Hog_office_Lavon,0.6666666666666666,3,132.5
TOWT-detector,schedule,123,Hog_office_Lavon,0.0,1,
TOWT-detector,spike,123,Hog_office_Lavon,1.0,2,2.0
TOWT-detector,drift,123,Hog_office_Merilyn,1.0,1,72.0
TOWT-detector,spike,123,Hog_office_Merilyn,1.0,5,1.6
TOWT-detector,drift,123,Hog_office_Miriam,1.0,2,57.0
TOWT-detector,schedule,123,Hog_office_Miriam,0.5,2,49.0
TOWT-detector,spike,123,Hog_office_Miriam,1.0,2,1.0
TOWT-detector,drift,123,Hog_office_Napoleon,0.6666666666666666,3,58.5
TOWT-detector,spike,123,Hog_office_Napoleon,1.0,3,0.3333333333333333
TOWT-detector,schedule,123,Hog_office_Shawna,0.5,4,10.0
TOWT-detector,spike,123,Hog_office_Shawna,1.0,2,0.5
TOWT-detector,drift,123,Hog_office_Shawnna,0.5,2,26.0
TOWT-detector,schedule,123,Hog_office_Shawnna,1.0,2,22.5
TOWT-detector,spike,123,Hog_office_Shawnna,1.0,2,1.0
TOWT-detector,drift,123,Hog_office_Sherrie,1.0,1,4.0
TOWT-detector,schedule,123,Hog_office_Sherrie,0.0,2,
TOWT-detector,spike,123,Hog_office_Sherrie,1.0,3,2.0
TOWT-detector,drift,123,Hog_office_Shon,1.0,2,34.0
TOWT-detector,schedule,123,Hog_office_Shon,1.0,1,1.0
TOWT-detector,spike,123,Hog_office_Shon,1.0,3,1.6666666666666667
TOWT-detector,drift,123,Hog_office_Sydney,1.0,2,21.5
TOWT-detector,spike,123,Hog_office_Sydney,0.5,4,1.0
TOWT-detector,drift,123,Hog_office_Valda,1.0,1,111.0
TOWT-detector,schedule,123,Hog_office_Valda,0.0,1,
TOWT-detector,spike,123,Hog_office_Valda,1.0,4,0.75
TOWT-detector,drift,123,Lamb_education_Armando,0.5,2,26.0
TOWT-detector,schedule,123,Lamb_education_Armando,1.0,2,32.5
TOWT-detector,spike,123,Lamb_education_Armando,1.0,2,1.0
TOWT-detector,drift,123,Lamb_education_Eula,0.0,1,
TOWT-detector,spike,123,Lamb_education_Eula,1.0,5,0.6
TOWT-detector,drift,123,Lamb_education_Lazaro,1.0,1,193.0
TOWT-detector,spike,123,Lamb_education_Lazaro,1.0,5,1.0
TOWT-detector,drift,123,Lamb_education_Lucas,1.0,3,5.333333333333333
TOWT-detector,spike,123,Lamb_education_Lucas,1.0,3,0.6666666666666666
TOWT-detector,drift,123,Lamb_education_Mae,0.6666666666666666,3,55.5
TOWT-detector,schedule,123,Lamb_education_Mae,0.0,1,
TOWT-detector,spike,123,Lamb_education_Mae,1.0,2,1.0
TOWT-detector,drift,123,Lamb_education_Williams,1.0,1,106.0
TOWT-detector,schedule,123,Lamb_education_Williams,0.0,3,
TOWT-detector,spike,123,Lamb_education_Williams,0.5,2,0.0
TOWT-detector,drift,123,Lamb_office_Caitlin,0.5,2,86.0
TOWT-detector,schedule,123,Lamb_office_Caitlin,0.0,1,
TOWT-detector,spike,123,Lamb_office_Caitlin,0.6666666666666666,3,1.5
TOWT-detector,drift,123,Lamb_office_Velma,1.0,3,56.0
TOWT-detector,schedule,123,Lamb_office_Velma,0.5,2,59.0
TOWT-detector,spike,123,Lamb_office_Velma,1.0,1,1.0
TOWT-detector,drift,123,Rat_retail_Jeffrey,0.6666666666666666,3,65.5
TOWT-detector,schedule,123,Rat_retail_Jeffrey,0.0,1,
TOWT-detector,spike,123,Rat_retail_Jeffrey,0.5,2,1.0
TOWT-detector,drift,123,Robin_education_Zenia,1.0,1,41.0
TOWT-detector,spike,123,Robin_education_Zenia,1.0,5,1.4
TOWT-detector,drift,123,Robin_office_Dina,1.0,2,17.0
TOWT-detector,schedule,123,Robin_office_Dina,0.5,2,11.0
TOWT-detector,spike,123,Robin_office_Dina,1.0,2,2.0
TOWT-detector,drift,123,Robin_office_Sammie,0.75,4,73.66666666666667
TOWT-detector,schedule,123,Robin_office_Sammie,0.0,1,
TOWT-detector,spike,123,Robin_office_Sammie,1.0,1,0.0
TOWT-detector,drift,123,Shrew_office_Doris,0.6666666666666666,3,127.0
TOWT-detector,spike,123,Shrew_office_Doris,1.0,3,2.0
TOWT-detector,drift,123,Shrew_office_Ila,0.5,4,81.0
TOWT-detector,spike,123,Shrew_office_Ila,0.5,2,0.0
TOWT-detector,drift,123,Shrew_office_Kenneth,1.0,3,111.33333333333333
TOWT-detector,schedule,123,Shrew_office_Kenneth,0.0,1,
TOWT-detector,spike,123,Shrew_office_Kenneth,1.0,2,1.0
TOWT-detector,drift,123,Shrew_office_Nora,1.0,1,53.0
TOWT-detector,schedule,123,Shrew_office_Nora,0.6666666666666666,3,8.5
TOWT-detector,spike,123,Shrew_office_Nora,1.0,2,1.0
TOWT-detector,schedule,123,Shrew_office_Sherill,0.0,1,
TOWT-detector,spike,123,Shrew_office_Sherill,0.8,5,0.75
TOWT-detector,schedule,123,Wolf_office_Darleen,1.0,1,102.0
TOWT-detector,spike,123,Wolf_office_Darleen,1.0,5,0.6
TOWT-detector,drift,123,Wolf_retail_Harriett,1.0,4,109.75
TOWT-detector,spike,123,Wolf_retail_Harriett,1.0,2,0.5
TOWT-detector,schedule,123,Wolf_retail_Marcella,1.0,3,54.0
TOWT-detector,spike,123,Wolf_retail_Marcella,1.0,3,1.0
TOWT-detector,drift,123,Wolf_retail_Toshia,1.0,1,9.0
TOWT-detector,schedule,123,Wolf_retail_Toshia,1.0,4,23.0
TOWT-detector,spike,123,Wolf_retail_Toshia,0.0,1,
Autoencoder(t),drift,123,Fox_education_Henrietta,1.0,1,10.0
Autoencoder(t),schedule,123,Fox_education_Henrietta,1.0,1,1.0
Autoencoder(t),spike,123,Fox_education_Henrietta,0.75,4,1.0
Autoencoder(t),drift,123,Fox_retail_Manie,1.0,2,94.5
Autoencoder(t),schedule,123,Fox_retail_Manie,1.0,1,0.0
Autoencoder(t),spike,123,Fox_retail_Manie,0.6666666666666666,3,1.0
Autoencoder(t),drift,123,Hog_education_Bruno,1.0,3,55.666666666666664
Autoencoder(t),schedule,123,Hog_education_Bruno,1.0,1,21.0
Autoencoder(t),spike,123,Hog_education_Bruno,1.0,2,0.5
Autoencoder(t),drift,123,Hog_education_Caridad,1.0,3,65.33333333333333
Autoencoder(t),spike,123,Hog_education_Caridad,0.3333333333333333,3,0.0
Autoencoder(t),drift,123,Hog_education_Luvenia,1.0,3,62.333333333333336
Autoencoder(t),spike,123,Hog_education_Luvenia,1.0,3,1.6666666666666667
Autoencoder(t),drift,123,Hog_office_Almeda,1.0,1,18.0
Autoencoder(t),schedule,123,Hog_office_Almeda,0.5,2,50.0
Autoencoder(t),spike,123,Hog_office_Almeda,1.0,3,1.0
Autoencoder(t),drift,123,Hog_office_Cortney,1.0,3,43.666666666666664
Autoencoder(t),schedule,123,Hog_office_Cortney,1.0,1,75.0
Autoencoder(t),spike,123,Hog_office_Cortney,1.0,2,0.5
Autoencoder(t),drift,123,Hog_office_Denita,0.6666666666666666,3,23.5
Autoencoder(t),spike,123,Hog_office_Denita,1.0,3,0.3333333333333333
Autoencoder(t),drift,123,Hog_office_Garrett,1.0,3,32.666666666666664
Autoencoder(t),spike,123,Hog_office_Garrett,0.6666666666666666,3,1.0
Autoencoder(t),drift,123,Hog_office_Lavon,1.0,3,50.0
Autoencoder(t),schedule,123,Hog_office_Lavon,1.0,1,0.0
Autoencoder(t),spike,123,Hog_office_Lavon,1.0,2,1.0
Autoencoder(t),drift,123,Hog_office_Merilyn,1.0,1,71.0
Autoencoder(t),spike,123,Hog_office_Merilyn,1.0,5,1.6
Autoencoder(t),drift,123,Hog_office_Miriam,1.0,2,7.5
Autoencoder(t),schedule,123,Hog_office_Miriam,1.0,2,0.5
Autoencoder(t),spike,123,Hog_office_Miriam,1.0,2,1.0
Autoencoder(t),drift,123,Hog_office_Napoleon,1.0,3,41.0
Autoencoder(t),spike,123,Hog_office_Napoleon,1.0,3,0.6666666666666666
Autoencoder(t),schedule,123,Hog_office_Shawna,1.0,4,33.75
Autoencoder(t),spike,123,Hog_office_Shawna,1.0,2,1.0
Autoencoder(t),drift,123,Hog_office_Shawnna,1.0,2,78.5
Autoencoder(t),schedule,123,Hog_office_Shawnna,1.0,2,41.5
Autoencoder(t),spike,123,Hog_office_Shawnna,1.0,2,1.5
Autoencoder(t),drift,123,Hog_office_Sherrie,1.0,1,0.0
Autoencoder(t),schedule,123,Hog_office_Sherrie,0.5,2,1.0
Autoencoder(t),spike,123,Hog_office_Sherrie,0.6666666666666666,3,3.0
Autoencoder(t),drift,123,Hog_office_Shon,1.0,2,5.0
Autoencoder(t),schedule,123,Hog_office_Shon,1.0,1,1.0
Autoencoder(t),spike,123,Hog_office_Shon,0.6666666666666666,3,2.0
Autoencoder(t),drift,123,Hog_office_Sydney,1.0,2,18.5
Autoencoder(t),spike,123,Hog_office_Sydney,1.0,4,1.0
Autoencoder(t),drift,123,Hog_office_Valda,1.0,1,24.0
Autoencoder(t),schedule,123,Hog_office_Valda,1.0,1,0.0
Autoencoder(t),spike,123,Hog_office_Valda,1.0,4,0.75
Autoencoder(t),drift,123,Lamb_education_Armando,1.0,2,85.5
Autoencoder(t),schedule,123,Lamb_education_Armando,1.0,2,20.5
Autoencoder(t),spike,123,Lamb_education_Armando,1.0,2,1.0
Autoencoder(t),drift,123,Lamb_education_Eula,1.0,1,5.0
Autoencoder(t),spike,123,Lamb_education_Eula,1.0,5,0.6
Autoencoder(t),drift,123,Lamb_education_Lazaro,1.0,1,0.0
Autoencoder(t),spike,123,Lamb_education_Lazaro,1.0,5,0.8
Autoencoder(t),drift,123,Lamb_education_Lucas,1.0,3,17.0
Autoencoder(t),spike,123,Lamb_education_Lucas,1.0,3,0.6666666666666666
Autoencoder(t),drift,123,Lamb_education_Mae,1.0,3,20.0
Autoencoder(t),schedule,123,Lamb_education_Mae,1.0,1,11.0
Autoencoder(t),spike,123,Lamb_education_Mae,1.0,2,1.0
Autoencoder(t),drift,123,Lamb_education_Williams,1.0,1,30.0
Autoencoder(t),schedule,123,Lamb_education_Williams,0.6666666666666666,3,8.5
Autoencoder(t),spike,123,Lamb_education_Williams,0.5,2,0.0
Autoencoder(t),drift,123,Lamb_office_Caitlin,1.0,2,98.0
Autoencoder(t),schedule,123,Lamb_office_Caitlin,1.0,1,0.0
Autoencoder(t),spike,123,Lamb_office_Caitlin,0.3333333333333333,3,2.0
Autoencoder(t),drift,123,Lamb_office_Velma,1.0,3,9.333333333333334
Autoencoder(t),schedule,123,Lamb_office_Velma,1.0,2,46.0
Autoencoder(t),spike,123,Lamb_office_Velma,1.0,1,2.0
Autoencoder(t),drift,123,Rat_retail_Jeffrey,1.0,3,31.333333333333332
Autoencoder(t),schedule,123,Rat_retail_Jeffrey,1.0,1,23.0
Autoencoder(t),spike,123,Rat_retail_Jeffrey,0.5,2,1.0
Autoencoder(t),drift,123,Robin_education_Zenia,1.0,1,15.0
Autoencoder(t),spike,123,Robin_education_Zenia,1.0,5,1.0
Autoencoder(t),drift,123,Robin_office_Dina,1.0,2,21.0
Autoencoder(t),schedule,123,Robin_office_Dina,1.0,2,29.0
Autoencoder(t),spike,123,Robin_office_Dina,1.0,2,2.5
Autoencoder(t),drift,123,Robin_office_Sammie,1.0,4,35.75
Autoencoder(t),schedule,123,Robin_office_Sammie,1.0,1,33.0
Autoencoder(t),spike,123,Robin_office_Sammie,1.0,1,0.0
Autoencoder(t),drift,123,Shrew_office_Doris,1.0,3,10.666666666666666
Autoencoder(t),spike,123,Shrew_office_Doris,1.0,3,1.3333333333333333
Autoencoder(t),drift,123,Shrew_office_Ila,1.0,4,33.75
Autoencoder(t),spike,123,Shrew_office_Ila,1.0,2,0.5
Autoencoder(t),drift,123,Shrew_office_Kenneth,1.0,3,27.0
Autoencoder(t),schedule,123,Shrew_office_Kenneth,1.0,1,6.0
Autoencoder(t),spike,123,Shrew_office_Kenneth,1.0,2,1.0
Autoencoder(t),drift,123,Shrew_office_Nora,1.0,1,17.0
Autoencoder(t),schedule,123,Shrew_office_Nora,1.0,3,61.0
Autoencoder(t),spike,123,Shrew_office_Nora,1.0,2,2.0
Autoencoder(t),schedule,123,Shrew_office_Sherill,1.0,1,5.0
Autoencoder(t),spike,123,Shrew_office_Sherill,0.6,5,1.6666666666666667
Autoencoder(t),schedule,123,Wolf_office_Darleen,1.0,1,18.0
Autoencoder(t),spike,123,Wolf_office_Darleen,1.0,5,0.8
Autoencoder(t),drift,123,Wolf_retail_Harriett,1.0,4,55.25
Autoencoder(t),spike,123,Wolf_retail_Harriett,1.0,2,0.5
Autoencoder(t),schedule,123,Wolf_retail_Marcella,1.0,3,53.666666666666664
Autoencoder(t),spike,123,Wolf_retail_Marcella,1.0,3,1.6666666666666667
Autoencoder(t),drift,123,Wolf_retail_Toshia,1.0,1,47.0
Autoencoder(t),schedule,123,Wolf_retail_Toshia,0.75,4,18.0
Autoencoder(t),spike,123,Wolf_retail_Toshia,0.0,1,
PatchTST-SSL(HoW-cond),drift,123,Fox_education_Henrietta,1.0,1,174.0
PatchTST-SSL(HoW-cond),schedule,123,Fox_education_Henrietta,0.0,1,
PatchTST-SSL(HoW-cond),spike,123,Fox_education_Henrietta,0.75,4,1.6666666666666667
PatchTST-SSL(HoW-cond),drift,123,Fox_retail_Manie,1.0,2,78.0
PatchTST-SSL(HoW-cond),schedule,123,Fox_retail_Manie,0.0,1,
PatchTST-SSL(HoW-cond),spike,123,Fox_retail_Manie,0.3333333333333333,3,1.0
PatchTST-SSL(HoW-cond),drift,123,Hog_education_Bruno,1.0,3,59.333333333333336
PatchTST-SSL(HoW-cond),schedule,123,Hog_education_Bruno,1.0,1,184.0
PatchTST-SSL(HoW-cond),spike,123,Hog_education_Bruno,1.0,2,0.0
PatchTST-SSL(HoW-cond),drift,123,Hog_education_Caridad,1.0,3,80.0
PatchTST-SSL(HoW-cond),spike,123,Hog_education_Caridad,0.3333333333333333,3,0.0
PatchTST-SSL(HoW-cond),drift,123,Hog_education_Luvenia,0.6666666666666666,3,143.5
PatchTST-SSL(HoW-cond),spike,123,Hog_education_Luvenia,0.6666666666666666,3,1.0
PatchTST-SSL(HoW-cond),drift,123,Hog_office_Almeda,1.0,1,38.0
PatchTST-SSL(HoW-cond),schedule,123,Hog_office_Almeda,1.0,2,36.5
PatchTST-SSL(HoW-cond),spike,123,Hog_office_Almeda,1.0,3,1.0
PatchTST-SSL(HoW-cond),drift,123,Hog_office_Cortney,1.0,3,79.33333333333333
PatchTST-SSL(HoW-cond),schedule,123,Hog_office_Cortney,0.0,1,
PatchTST-SSL(HoW-cond),spike,123,Hog_office_Cortney,1.0,2,0.5
PatchTST-SSL(HoW-cond),drift,123,Hog_office_Denita,1.0,3,84.66666666666667
PatchTST-SSL(HoW-cond),spike,123,Hog_office_Denita,1.0,3,0.6666666666666666
PatchTST-SSL(HoW-cond),drift,123,Hog_office_Garrett,1.0,3,74.66666666666667
PatchTST-SSL(HoW-cond),spike,123,Hog_office_Garrett,0.6666666666666666,3,0.5
PatchTST-SSL(HoW-cond),drift,123,Hog_office_Lavon,0.3333333333333333,3,0.0
PatchTST-SSL(HoW-cond),schedule,123,Hog_office_Lavon,1.0,1,93.0
PatchTST-SSL(HoW-cond),spike,123,Hog_office_Lavon,1.0,2,2.0
PatchTST-SSL(HoW-cond),drift,123,Hog_office_Merilyn,1.0,1,72.0
PatchTST-SSL(HoW-cond),spike,123,Hog_office_Merilyn,1.0,5,1.6
PatchTST-SSL(HoW-cond),drift,123,Hog_office_Miriam,1.0,2,32.5
PatchTST-SSL(HoW-cond),schedule,123,Hog_office_Miriam,1.0,2,63.5
PatchTST-SSL(HoW-cond),spike,123,Hog_office_Miriam,1.0,2,1.5
PatchTST-SSL(HoW-cond),drift,123,Hog_office_Napoleon,0.6666666666666666,3,33.0
PatchTST-SSL(HoW-cond),spike,123,Hog_office_Napoleon,1.0,3,0.3333333333333333
PatchTST-SSL(HoW-cond),schedule,123,Hog_office_Shawna,0.75,4,18.666666666666668
PatchTST-SSL(HoW-cond),spike,123,Hog_office_Shawna,1.0,2,0.5
PatchTST-SSL(HoW-cond),drift,123,Hog_office_Shawnna,1.0,2,75.5
PatchTST-SSL(HoW-cond),schedule,123,Hog_office_Shawnna,1.0,2,0.0
PatchTST-SSL(HoW-cond),spike,123,Hog_office_Shawnna,1.0,2,1.0
PatchTST-SSL(HoW-cond),drift,123,Hog_office_Sherrie,1.0,1,3.0
PatchTST-SSL(HoW-cond),schedule,123,Hog_office_Sherrie,0.5,2,83.0
PatchTST-SSL(HoW-cond),spike,123,Hog_office_Sherrie,1.0,3,2.0
PatchTST-SSL(HoW-cond),drift,123,Hog_office_Shon,1.0,2,40.0
PatchTST-SSL(HoW-cond),schedule,123,Hog_office_Shon,1.0,1,22.0
PatchTST-SSL(HoW-cond),spike,123,Hog_office_Shon,1.0,3,1.6666666666666667
PatchTST-SSL(HoW-cond),drift,123,Hog_office_Sydney,1.0,2,21.0
PatchTST-SSL(HoW-cond),spike,123,Hog_office_Sydney,0.75,4,0.6666666666666666
PatchTST-SSL(HoW-cond),drift,123,Hog_office_Valda,1.0,1,103.0
PatchTST-SSL(HoW-cond),schedule,123,Hog_office_Valda,0.0,1,
PatchTST-SSL(HoW-cond),spike,123,Hog_office_Valda,1.0,4,0.75
PatchTST-SSL(HoW-cond),drift,123,Lamb_education_Armando,0.5,2,14.0
PatchTST-SSL(HoW-cond),schedule,123,Lamb_education_Armando,0.5,2,8.0
PatchTST-SSL(HoW-cond),spike,123,Lamb_education_Armando,1.0,2,0.5
PatchTST-SSL(HoW-cond),drift,123,Lamb_education_Eula,1.0,1,47.0
PatchTST-SSL(HoW-cond),spike,123,Lamb_education_Eula,1.0,5,0.6
PatchTST-SSL(HoW-cond),drift,123,Lamb_education_Lazaro,1.0,1,198.0
PatchTST-SSL(HoW-cond),spike,123,Lamb_education_Lazaro,1.0,5,1.2
PatchTST-SSL(HoW-cond),drift,123,Lamb_education_Lucas,1.0,3,32.0
PatchTST-SSL(HoW-cond),spike,123,Lamb_education_Lucas,1.0,3,0.6666666666666666
PatchTST-SSL(HoW-cond),drift,123,Lamb_education_Mae,1.0,3,69.66666666666667
PatchTST-SSL(HoW-cond),schedule,123,Lamb_education_Mae,1.0,1,20.0
PatchTST-SSL(HoW-cond),spike,123,Lamb_education_Mae,1.0,2,0.5
PatchTST-SSL(HoW-cond),drift,123,Lamb_education_Williams,1.0,1,16.0
PatchTST-SSL(HoW-cond),schedule,123,Lamb_education_Williams,0.0,3,
PatchTST-SSL(HoW-cond),spike,123,Lamb_education_Williams,0.5,2,0.0
PatchTST-SSL(HoW-cond),drift,123,Lamb_office_Caitlin,1.0,2,56.0
PatchTST-SSL(HoW-cond),schedule,123,Lamb_office_Caitlin,0.0,1,
PatchTST-SSL(HoW-cond),spike,123,Lamb_office_Caitlin,0.6666666666666666,3,1.5
PatchTST-SSL(HoW-cond),drift,123,Lamb_office_Velma,1.0,3,54.666666666666664
PatchTST-SSL(HoW-cond),schedule,123,Lamb_office_Velma,1.0,2,142.5
PatchTST-SSL(HoW-cond),spike,123,Lamb_office_Velma,1.0,1,1.0
PatchTST-SSL(HoW-cond),drift,123,Rat_retail_Jeffrey,1.0,3,30.0
PatchTST-SSL(HoW-cond),schedule,123,Rat_retail_Jeffrey,1.0,1,29.0
PatchTST-SSL(HoW-cond),spike,123,Rat_retail_Jeffrey,0.5,2,1.0
PatchTST-SSL(HoW-cond),drift,123,Robin_education_Zenia,1.0,1,15.0
PatchTST-SSL(HoW-cond),spike,123,Robin_education_Zenia,1.0,5,1.6
PatchTST-SSL(HoW-cond),drift,123,Robin_office_Dina,1.0,2,25.0
PatchTST-SSL(HoW-cond),schedule,123,Robin_office_Dina,0.5,2,63.0
PatchTST-SSL(HoW-cond),spike,123,Robin_office_Dina,1.0,2,2.0
PatchTST-SSL(HoW-cond),drift,123,Robin_office_Sammie,1.0,4,73.25
PatchTST-SSL(HoW-cond),schedule,123,Robin_office_Sammie,0.0,1,
PatchTST-SSL(HoW-cond),spike,123,Robin_office_Sammie,1.0,1,0.0
PatchTST-SSL(HoW-cond),drift,123,Shrew_office_Doris,1.0,3,127.0
PatchTST-SSL(HoW-cond),spike,123,Shrew_office_Doris,1.0,3,1.6666666666666667
PatchTST-SSL(HoW-cond),drift,123,Shrew_office_Ila,1.0,4,76.0
PatchTST-SSL(HoW-cond),spike,123,Shrew_office_Ila,1.0,2,0.5
PatchTST-SSL(HoW-cond),drift,123,Shrew_office_Kenneth,1.0,3,80.33333333333333
PatchTST-SSL(HoW-cond),schedule,123,Shrew_office_Kenneth,1.0,1,91.0
PatchTST-SSL(HoW-cond),spike,123,Shrew_office_Kenneth,1.0,2,0.5
PatchTST-SSL(HoW-cond),drift,123,Shrew_office_Nora,1.0,1,51.0
PatchTST-SSL(HoW-cond),schedule,123,Shrew_office_Nora,0.6666666666666666,3,18.5
PatchTST-SSL(HoW-cond),spike,123,Shrew_office_Nora,1.0,2,1.5
PatchTST-SSL(HoW-cond),schedule,123,Shrew_office_Sherill,0.0,1,
PatchTST-SSL(HoW-cond),spike,123,Shrew_office_Sherill,0.8,5,1.0
PatchTST-SSL(HoW-cond),schedule,123,Wolf_office_Darleen,1.0,1,43.0
PatchTST-SSL(HoW-cond),spike,123,Wolf_office_Darleen,1.0,5,0.8
PatchTST-SSL(HoW-cond),drift,123,Wolf_retail_Harriett,1.0,4,108.25
PatchTST-SSL(HoW-cond),spike,123,Wolf_retail_Harriett,1.0,2,1.0
PatchTST-SSL(HoW-cond),schedule,123,Wolf_retail_Marcella,1.0,3,72.33333333333333
PatchTST-SSL(HoW-cond),spike,123,Wolf_retail_Marcella,1.0,3,1.3333333333333333
PatchTST-SSL(HoW-cond),drift,123,Wolf_retail_Toshia,1.0,1,9.0
PatchTST-SSL(HoW-cond),schedule,123,Wolf_retail_Toshia,1.0,4,12.5
PatchTST-SSL(HoW-cond),spike,123,Wolf_retail_Toshia,0.0,1,
PatchTST-SSL,drift,124,Fox_education_Henrietta,1.0,1,119.0
PatchTST-SSL,schedule,124,Fox_education_Henrietta,0.5,2,114.0
PatchTST-SSL,spike,124,Fox_education_Henrietta,0.6666666666666666,3,1.0
PatchTST-SSL,drift,124,Fox_retail_Manie,1.0,1,7.0
PatchTST-SSL,schedule,124,Fox_retail_Manie,1.0,2,40.5
PatchTST-SSL,spike,124,Fox_retail_Manie,1.0,3,1.6666666666666667
PatchTST-SSL,drift,124,Hog_education_Bruno,0.5,4,24.0
PatchTST-SSL,spike,124,Hog_education_Bruno,0.0,2,
PatchTST-SSL,drift,124,Hog_education_Caridad,1.0,2,129.5
PatchTST-SSL,schedule,124,Hog_education_Caridad,0.0,2,
PatchTST-SSL,spike,124,Hog_education_Caridad,0.5,2,2.0
PatchTST-SSL,drift,124,Hog_education_Luvenia,1.0,2,29.5
PatchTST-SSL,schedule,124,Hog_education_Luvenia,1.0,1,156.0
PatchTST-SSL,spike,124,Hog_education_Luvenia,1.0,3,1.6666666666666667
PatchTST-SSL,drift,124,Hog_office_Almeda,0.5,4,40.0
PatchTST-SSL,schedule,124,Hog_office_Almeda,0.0,1,
PatchTST-SSL,spike,124,Hog_office_Almeda,0.0,1,
PatchTST-SSL,drift,124,Hog_office_Cortney,0.5,2,47.0
PatchTST-SSL,schedule,124,Hog_office_Cortney,0.0,2,
PatchTST-SSL,spike,124,Hog_office_Cortney,1.0,2,1.0
PatchTST-SSL,spike,124,Hog_office_Denita,1.0,6,0.6666666666666666
PatchTST-SSL,schedule,124,Hog_office_Garrett,0.6666666666666666,3,32.5
PatchTST-SSL,spike,124,Hog_office_Garrett,1.0,3,0.3333333333333333
PatchTST-SSL,drift,124,Hog_office_Lavon,0.25,4,63.0
PatchTST-SSL,spike,124,Hog_office_Lavon,1.0,2,2.5
PatchTST-SSL,drift,124,Hog_office_Merilyn,0.6666666666666666,3,107.5
PatchTST-SSL,schedule,124,Hog_office_Merilyn,0.0,1,
PatchTST-SSL,spike,124,Hog_office_Merilyn,1.0,2,1.5
PatchTST-SSL,drift,124,Hog_office_Miriam,1.0,2,104.0
PatchTST-SSL,schedule,124,Hog_office_Miriam,0.0,2,
PatchTST-SSL,spike,124,Hog_office_Miriam,1.0,2,1.5
PatchTST-SSL,drift,124,Hog_office_Napoleon,1.0,1,38.0
PatchTST-SSL,schedule,124,Hog_office_Napoleon,0.5,2,184.0
PatchTST-SSL,spike,124,Hog_office_Napoleon,0.6666666666666666,3,0.5
PatchTST-SSL,drift,124,Hog_office_Shawna,1.0,2,45.0
PatchTST-SSL,schedule,124,Hog_office_Shawna,0.0,1,
PatchTST-SSL,spike,124,Hog_office_Shawna,0.6666666666666666,3,1.5
PatchTST-SSL,drift,124,Hog_office_Shawnna,0.6666666666666666,3,54.5
PatchTST-SSL,schedule,124,Hog_office_Shawnna,1.0,1,162.0
PatchTST-SSL,spike,124,Hog_office_Shawnna,1.0,2,1.0
PatchTST-SSL,drift,124,Hog_office_Sherrie,0.6666666666666666,3,119.5
PatchTST-SSL,spike,124,Hog_office_Sherrie,1.0,3,1.3333333333333333
PatchTST-SSL,drift,124,Hog_office_Shon,0.75,4,103.33333333333333
PatchTST-SSL,spike,124,Hog_office_Shon,1.0,2,2.0
PatchTST-SSL,drift,124,Hog_office_Sydney,1.0,1,191.0
PatchTST-SSL,schedule,124,Hog_office_Sydney,0.5,2,71.0
PatchTST-SSL,spike,124,Hog_office_Sydney,0.6666666666666666,3,0.5
PatchTST-SSL,drift,124,Hog_office_Valda,1.0,3,97.0
PatchTST-SSL,schedule,124,Hog_office_Valda,1.0,1,5.0
PatchTST-SSL,spike,124,Hog_office_Valda,1.0,2,0.5
PatchTST-SSL,drift,124,Lamb_education_Armando,1.0,1,38.0
PatchTST-SSL,spike,124,Lamb_education_Armando,0.8,5,0.25
PatchTST-SSL,drift,124,Lamb_education_Eula,1.0,4,40.5
PatchTST-SSL,schedule,124,Lamb_education_Eula,0.0,1,
PatchTST-SSL,spike,124,Lamb_education_Eula,1.0,1,0.0
PatchTST-SSL,drift,124,Lamb_education_Lazaro,0.5,2,110.0
PatchTST-SSL,spike,124,Lamb_education_Lazaro,1.0,4,1.5
PatchTST-SSL,drift,124,Lamb_education_Lucas,0.75,4,83.0
PatchTST-SSL,spike,124,Lamb_education_Lucas,1.0,2,1.5
PatchTST-SSL,drift,124,Lamb_education_Mae,1.0,1,73.0
PatchTST-SSL,schedule,124,Lamb_education_Mae,0.0,1,
PatchTST-SSL,spike,124,Lamb_education_Mae,0.75,4,1.3333333333333333
PatchTST-SSL,drift,124,Lamb_education_Williams,1.0,1,118.0
PatchTST-SSL,schedule,124,Lamb_education_Williams,0.0,2,
PatchTST-SSL,spike,124,Lamb_education_Williams,1.0,3,2.0
PatchTST-SSL,drift,124,Lamb_office_Caitlin,1.0,3,57.333333333333336
PatchTST-SSL,spike,124,Lamb_office_Caitlin,0.3333333333333333,3,1.0
PatchTST-SSL,schedule,124,Lamb_office_Velma,0.0,2,
PatchTST-SSL,spike,124,Lamb_office_Velma,1.0,4,2.25
PatchTST-SSL,drift,124,Rat_retail_Jeffrey,1.0,2,57.5
PatchTST-SSL,schedule,124,Rat_retail_Jeffrey,1.0,1,0.0
PatchTST-SSL,spike,124,Rat_retail_Jeffrey,0.6666666666666666,3,0.5
PatchTST-SSL,drift,124,Robin_education_Zenia,1.0,2,165.5
PatchTST-SSL,spike,124,Robin_education_Zenia,0.5,4,1.0
PatchTST-SSL,drift,124,Robin_office_Dina,1.0,2,129.5
PatchTST-SSL,spike,124,Robin_office_Dina,0.75,4,1.6666666666666667
PatchTST-SSL,drift,124,Robin_office_Sammie,1.0,2,86.5
PatchTST-SSL,spike,124,Robin_office_Sammie,0.75,4,1.0
PatchTST-SSL,drift,124,Shrew_office_Doris,0.6666666666666666,3,174.5
PatchTST-SSL,spike,124,Shrew_office_Doris,0.6666666666666666,3,0.5
PatchTST-SSL,drift,124,Shrew_office_Ila,1.0,4,98.75
PatchTST-SSL,spike,124,Shrew_office_Ila,0.5,2,1.0
PatchTST-SSL,drift,124,Shrew_office_Kenneth,1.0,2,114.0
PatchTST-SSL,schedule,124,Shrew_office_Kenneth,1.0,1,0.0
PatchTST-SSL,spike,124,Shrew_office_Kenneth,1.0,3,1.3333333333333333
PatchTST-SSL,schedule,124,Shrew_office_Nora,1.0,1,31.0
PatchTST-SSL,spike,124,Shrew_office_Nora,0.8,5,1.0
PatchTST-SSL,drift,124,Shrew_office_Sherill,0.5,2,56.0
PatchTST-SSL,schedule,124,Shrew_office_Sherill,0.0,1,
PatchTST-SSL,spike,124,Shrew_office_Sherill,0.6666666666666666,3,1.5
PatchTST-SSL,drift,124,Wolf_office_Darleen,0.6666666666666666,3,33.0
PatchTST-SSL,spike,124,Wolf_office_Darleen,1.0,3,1.3333333333333333
PatchTST-SSL,drift,124,Wolf_retail_Harriett,1.0,1,167.0
PatchTST-SSL,schedule,124,Wolf_retail_Harriett,0.0,3,
PatchTST-SSL,spike,124,Wolf_retail_Harriett,0.5,2,1.0
PatchTST-SSL,drift,124,Wolf_retail_Marcella,0.5,2,115.0
PatchTST-SSL,spike,124,Wolf_retail_Marcella,1.0,4,2.0
PatchTST-SSL,drift,124,Wolf_retail_Toshia,1.0,1,154.0
PatchTST-SSL,schedule,124,Wolf_retail_Toshia,1.0,1,72.0
PatchTST-SSL,spike,124,Wolf_retail_Toshia,0.5,4,0.5
HOW-profile+z,drift,124,Fox_education_Henrietta,1.0,1,118.0
HOW-profile+z,schedule,124,Fox_education_Henrietta,0.5,2,0.0
HOW-profile+z,spike,124,Fox_education_Henrietta,0.6666666666666666,3,1.0
HOW-profile+z,drift,124,Fox_retail_Manie,1.0,1,7.0
HOW-profile+z,schedule,124,Fox_retail_Manie,1.0,2,8.0
HOW-profile+z,spike,124,Fox_retail_Manie,1.0,3,1.6666666666666667
HOW-profile+z,drift,124,Hog_education_Bruno,0.75,4,75.0
HOW-profile+z,spike,124,Hog_education_Bruno,0.0,2,
HOW-profile+z,drift,124,Hog_education_Caridad,1.0,2,66.0
HOW-profile+z,schedule,124,Hog_education_Caridad,0.0,2,
HOW-profile+z,spike,124,Hog_education_Caridad,0.5,2,2.0
HOW-profile+z,drift,124,Hog_education_Luvenia,1.0,2,17.5
HOW-profile+z,schedule,124,Hog_education_Luvenia,0.0,1,
HOW-profile+z,spike,124,Hog_education_Luvenia,0.6666666666666666,3,1.0
HOW-profile+z,drift,124,Hog_office_Almeda,0.5,4,19.0
HOW-profile+z,schedule,124,Hog_office_Almeda,1.0,1,17.0
HOW-profile+z,spike,124,Hog_office_Almeda,0.0,1,
HOW-profile+z,drift,124,Hog_office_Cortney,0.5,2,10.0
HOW-profile+z,schedule,124,Hog_office_Cortney,1.0,2,104.0
HOW-profile+z,spike,124,Hog_office_Cortney,1.0,2,1.0
HOW-profile+z,spike,124,Hog_office_Denita,1.0,6,0.6666666666666666
HOW-profile+z,schedule,124,Hog_office_Garrett,1.0,3,25.666666666666668
HOW-profile+z,spike,124,Hog_office_Garrett,1.0,3,0.3333333333333333
HOW-profile+z,drift,124,Hog_office_Lavon,0.5,4,11.0
HOW-profile+z,spike,124,Hog_office_Lavon,1.0,2,2.0
HOW-profile+z,drift,124,Hog_office_Merilyn,0.3333333333333333,3,18.0
HOW-profile+z,schedule,124,Hog_office_Merilyn,0.0,1,
HOW-profile+z,spike,124,Hog_office_Merilyn,1.0,2,1.5
HOW-profile+z,drift,124,Hog_office_Miriam,1.0,2,110.0
HOW-profile+z,schedule,124,Hog_office_Miriam,1.0,2,35.0
HOW-profile+z,spike,124,Hog_office_Miriam,0.5,2,1.0
HOW-profile+z,drift,124,Hog_office_Napoleon,1.0,1,14.0
HOW-profile+z,schedule,124,Hog_office_Napoleon,0.5,2,42.0
HOW-profile+z,spike,124,Hog_office_Napoleon,0.6666666666666666,3,0.5
HOW-profile+z,drift,124,Hog_office_Shawna,1.0,2,27.0
HOW-profile+z,schedule,124,Hog_office_Shawna,1.0,1,17.0
HOW-profile+z,spike,124,Hog_office_Shawna,0.6666666666666666,3,1.0
HOW-profile+z,drift,124,Hog_office_Shawnna,1.0,3,30.333333333333332
HOW-profile+z,schedule,124,Hog_office_Shawnna,1.0,1,24.0
HOW-profile+z,spike,124,Hog_office_Shawnna,1.0,2,0.5
HOW-profile+z,drift,124,Hog_office_Sherrie,1.0,3,136.0
HOW-profile+z,spike,124,Hog_office_Sherrie,1.0,3,1.0
HOW-profile+z,drift,124,Hog_office_Shon,0.75,4,46.666666666666664
HOW-profile+z,spike,124,Hog_office_Shon,1.0,2,1.5
HOW-profile+z,drift,124,Hog_office_Sydney,1.0,1,72.0
HOW-profile+z,schedule,124,Hog_office_Sydney,1.0,2,35.5
HOW-profile+z,spike,124,Hog_office_Sydney,0.6666666666666666,3,0.5
HOW-profile+z,drift,124,Hog_office_Valda,0.6666666666666666,3,120.0
HOW-profile+z,schedule,124,Hog_office_Valda,1.0,1,0.0
HOW-profile+z,spike,124,Hog_office_Valda,1.0,2,0.5
HOW-profile+z,drift,124,Lamb_education_Armando,1.0,1,14.0
HOW-profile+z,spike,124,Lamb_education_Armando,0.8,5,0.25
HOW-profile+z,drift,124,Lamb_education_Eula,1.0,4,50.25
HOW-profile+z,schedule,124,Lamb_education_Eula,0.0,1,
HOW-profile+z,spike,124,Lamb_education_Eula,1.0,1,0.0
HOW-profile+z,drift,124,Lamb_education_Lazaro,1.0,2,211.0
HOW-profile+z,spike,124,Lamb_education_Lazaro,0.75,4,2.0
HOW-profile+z,drift,124,Lamb_education_Lucas,1.0,4,67.5
HOW-profile+z,spike,124,Lamb_education_Lucas,1.0,2,1.5
HOW-profile+z,drift,124,Lamb_education_Mae,1.0,1,33.0
HOW-profile+z,schedule,124,Lamb_education_Mae,0.0,1,
HOW-profile+z,spike,124,Lamb_education_Mae,1.0,4,1.25
HOW-profile+z,drift,124,Lamb_education_Williams,1.0,1,0.0
HOW-profile+z,schedule,124,Lamb_education_Williams,0.5,2,195.0
HOW-profile+z,spike,124,Lamb_education_Williams,1.0,3,1.3333333333333333
HOW-profile+z,drift,124,Lamb_office_Caitlin,0.6666666666666666,3,37.5
HOW-profile+z,spike,124,Lamb_office_Caitlin,1.0,3,1.0
HOW-profile+z,schedule,124,Lamb_office_Velma,0.0,2,
HOW-profile+z,spike,124,Lamb_office_Velma,1.0,4,1.75
HOW-profile+z,drift,124,Rat_retail_Jeffrey,1.0,2,59.0
HOW-profile+z,schedule,124,Rat_retail_Jeffrey,1.0,1,0.0
HOW-profile+z,spike,124,Rat_retail_Jeffrey,0.6666666666666666,3,0.5
HOW-profile+z,drift,124,Robin_education_Zenia,1.0,2,46.5
HOW-profile+z,spike,124,Robin_education_Zenia,0.5,4,1.0
HOW-profile+z,drift,124,Robin_office_Dina,1.0,2,129.5
HOW-profile+z,spike,124,Robin_office_Dina,0.75,4,1.3333333333333333
HOW-profile+z,drift,124,Robin_office_Sammie,1.0,2,35.5
HOW-profile+z,spike,124,Robin_office_Sammie,0.75,4,1.0
HOW-profile+z,drift,124,Shrew_office_Doris,1.0,3,42.0
HOW-profile+z,spike,124,Shrew_office_Doris,0.6666666666666666,3,0.5
HOW-profile+z,drift,124,Shrew_office_Ila,1.0,4,115.0
HOW-profile+z,spike,124,Shrew_office_Ila,0.5,2,1.0
HOW-profile+z,drift,124,Shrew_office_Kenneth,1.0,2,14.0
HOW-profile+z,schedule,124,Shrew_office_Kenneth,1.0,1,0.0
HOW-profile+z,spike,124,Shrew_office_Kenneth,1.0,3,1.3333333333333333
HOW-profile+z,schedule,124,Shrew_office_Nora,1.0,1,7.0
HOW-profile+z,spike,124,Shrew_office_Nora,0.8,5,0.75
HOW-profile+z,drift,124,Shrew_office_Sherill,1.0,2,57.0
HOW-profile+z,schedule,124,Shrew_office_Sherill,0.0,1,
HOW-profile+z,spike,124,Shrew_office_Sherill,0.6666666666666666,3,1.0
HOW-profile+z,drift,124,Wolf_office_Darleen,1.0,3,55.0
HOW-profile+z,spike,124,Wolf_office_Darleen,1.0,3,1.3333333333333333
HOW-profile+z,drift,124,Wolf_retail_Harriett,1.0,1,8.0
HOW-profile+z,schedule,124,Wolf_retail_Harriett,1.0,3,19.333333333333332
HOW-profile+z,spike,124,Wolf_retail_Harriett,0.5,2,1.0
HOW-profile+z,drift,124,Wolf_retail_Marcella,1.0,2,75.0
HOW-profile+z,spike,124,Wolf_retail_Marcella,1.0,4,1.5
HOW-profile+z,drift,124,Wolf_retail_Toshia,1.0,1,63.0
HOW-profile+z,schedule,124,Wolf_retail_Toshia,1.0,1,42.0
HOW-profile+z,spike,124,Wolf_retail_Toshia,0.75,4,1.3333333333333333
TOWT-detector,drift,124,Fox_education_Henrietta,1.0,1,119.0
TOWT-detector,schedule,124,Fox_education_Henrietta,0.5,2,25.0
TOWT-detector,spike,124,Fox_education_Henrietta,1.0,3,1.3333333333333333
TOWT-detector,drift,124,Fox_retail_Manie,1.0,1,6.0
TOWT-detector,schedule,124,Fox_retail_Manie,1.0,2,39.5
TOWT-detector,spike,124,Fox_retail_Manie,1.0,3,1.6666666666666667
TOWT-detector,drift,124,Hog_education_Bruno,0.75,4,106.33333333333333
TOWT-detector,spike,124,Hog_education_Bruno,0.0,2,
TOWT-detector,drift,124,Hog_education_Caridad,0.5,2,182.0
TOWT-detector,schedule,124,Hog_education_Caridad,0.0,2,
TOWT-detector,spike,124,Hog_education_Caridad,0.5,2,2.0
TOWT-detector,drift,124,Hog_education_Luvenia,1.0,2,15.0
TOWT-detector,schedule,124,Hog_education_Luvenia,1.0,1,62.0
TOWT-detector,spike,124,Hog_education_Luvenia,1.0,3,1.6666666666666667
TOWT-detector,drift,124,Hog_office_Almeda,0.5,4,84.5
TOWT-detector,schedule,124,Hog_office_Almeda,0.0,1,
TOWT-detector,spike,124,Hog_office_Almeda,0.0,1,
TOWT-detector,drift,124,Hog_office_Cortney,1.0,2,144.5
TOWT-detector,schedule,124,Hog_office_Cortney,1.0,2,28.5
TOWT-detector,spike,124,Hog_office_Cortney,1.0,2,1.0
TOWT-detector,spike,124,Hog_office_Denita,1.0,6,0.6666666666666666
TOWT-detector,schedule,124,Hog_office_Garrett,0.3333333333333333,3,76.0
TOWT-detector,spike,124,Hog_office_Garrett,1.0,3,0.6666666666666666
TOWT-detector,drift,124,Hog_office_Lavon,0.5,4,45.0
TOWT-detector,spike,124,Hog_office_Lavon,1.0,2,1.5
TOWT-detector,drift,124,Hog_office_Merilyn,0.6666666666666666,3,28.0
TOWT-detector,schedule,124,Hog_office_Merilyn,0.0,1,
TOWT-detector,spike,124,Hog_office_Merilyn,1.0,2,1.5
TOWT-detector,drift,124,Hog_office_Miriam,0.5,2,42.0
TOWT-detector,schedule,124,Hog_office_Miriam,1.0,2,38.5
TOWT-detector,spike,124,Hog_office_Miriam,1.0,2,1.5
TOWT-detector,drift,124,Hog_office_Napoleon,1.0,1,14.0
TOWT-detector,schedule,124,Hog_office_Napoleon,0.5,2,184.0
TOWT-detector,spike,124,Hog_office_Napoleon,0.6666666666666666,3,0.5
TOWT-detector,drift,124,Hog_office_Shawna,1.0,2,21.5
TOWT-detector,schedule,124,Hog_office_Shawna,1.0,1,9.0
TOWT-detector,spike,124,Hog_office_Shawna,0.6666666666666666,3,1.5
TOWT-detector,drift,124,Hog_office_Shawnna,0.6666666666666666,3,54.0
TOWT-detector,schedule,124,Hog_office_Shawnna,1.0,1,162.0
TOWT-detector,spike,124,Hog_office_Shawnna,1.0,2,1.0
TOWT-detector,drift,124,Hog_office_Sherrie,0.6666666666666666,3,65.5
TOWT-detector,spike,124,Hog_office_Sherrie,1.0,3,1.0
TOWT-detector,drift,124,Hog_office_Shon,0.75,4,104.33333333333333
TOWT-detector,spike,124,Hog_office_Shon,1.0,2,1.0
TOWT-detector,drift,124,Hog_office_Sydney,1.0,1,72.0
TOWT-detector,schedule,124,Hog_office_Sydney,0.5,2,31.0
TOWT-detector,spike,124,Hog_office_Sydney,0.6666666666666666,3,0.5
TOWT-detector,drift,124,Hog_office_Valda,0.6666666666666666,3,89.5
TOWT-detector,schedule,124,Hog_office_Valda,1.0,1,1.0
TOWT-detector,spike,124,Hog_office_Valda,1.0,2,0.5
TOWT-detector,drift,124,Lamb_education_Armando,1.0,1,0.0
TOWT-detector,spike,124,Lamb_education_Armando,0.8,5,0.25
TOWT-detector,drift,124,Lamb_education_Eula,1.0,4,37.0
TOWT-detector,schedule,124,Lamb_education_Eula,0.0,1,
TOWT-detector,spike,124,Lamb_education_Eula,1.0,1,0.0
TOWT-detector,drift,124,Lamb_education_Lazaro,1.0,2,108.0
TOWT-detector,spike,124,Lamb_education_Lazaro,1.0,4,2.0
TOWT-detector,drift,124,Lamb_education_Lucas,0.75,4,45.666666666666664
TOWT-detector,spike,124,Lamb_education_Lucas,1.0,2,1.0
TOWT-detector,drift,124,Lamb_education_Mae,1.0,1,63.0
TOWT-detector,schedule,124,Lamb_education_Mae,0.0,1,
TOWT-detector,spike,124,Lamb_education_Mae,1.0,4,1.5
TOWT-detector,drift,124,Lamb_education_Williams,1.0,1,10.0
TOWT-detector,schedule,124,Lamb_education_Williams,0.0,2,
TOWT-detector,spike,124,Lamb_education_Williams,1.0,3,1.3333333333333333
TOWT-detector,drift,124,Lamb_office_Caitlin,0.3333333333333333,3,3.0
TOWT-detector,spike,124,Lamb_office_Caitlin,0.6666666666666666,3,2.0
TOWT-detector,schedule,124,Lamb_office_Velma,0.5,2,36.0
TOWT-detector,spike,124,Lamb_office_Velma,1.0,4,1.25
TOWT-detector,drift,124,Rat_retail_Jeffrey,0.5,2,197.0
TOWT-detector,schedule,124,Rat_retail_Jeffrey,1.0,1,0.0
TOWT-detector,spike,124,Rat_retail_Jeffrey,0.6666666666666666,3,0.5
TOWT-detector,drift,124,Robin_education_Zenia,0.5,2,47.0
TOWT-detector,spike,124,Robin_education_Zenia,0.5,4,1.0
TOWT-detector,drift,124,Robin_office_Dina,1.0,2,132.0
TOWT-detector,spike,124,Robin_office_Dina,1.0,4,1.75
TOWT-detector,drift,124,Robin_office_Sammie,1.0,2,61.5
TOWT-detector,spike,124,Robin_office_Sammie,0.75,4,1.0
TOWT-detector,drift,124,Shrew_office_Doris,1.0,3,121.0
TOWT-detector,spike,124,Shrew_office_Doris,0.6666666666666666,3,0.5
TOWT-detector,drift,124,Shrew_office_Ila,0.25,4,8.0
TOWT-detector,spike,124,Shrew_office_Ila,0.5,2,1.0
TOWT-detector,drift,124,Shrew_office_Kenneth,0.5,2,143.0
TOWT-detector,schedule,124,Shrew_office_Kenneth,1.0,1,0.0
TOWT-detector,spike,124,Shrew_office_Kenneth,1.0,3,1.6666666666666667
TOWT-detector,schedule,124,Shrew_office_Nora,1.0,1,8.0
TOWT-detector,spike,124,Shrew_office_Nora,0.8,5,0.75
TOWT-detector,drift,124,Shrew_office_Sherill,1.0,2,58.5
TOWT-detector,schedule,124,Shrew_office_Sherill,0.0,1,
TOWT-detector,spike,124,Shrew_office_Sherill,0.6666666666666666,3,1.0
TOWT-detector,drift,124,Wolf_office_Darleen,0.6666666666666666,3,5.5
TOWT-detector,spike,124,Wolf_office_Darleen,1.0,3,1.3333333333333333
TOWT-detector,drift,124,Wolf_retail_Harriett,1.0,1,21.0
TOWT-detector,schedule,124,Wolf_retail_Harriett,0.3333333333333333,3,8.0
TOWT-detector,spike,124,Wolf_retail_Harriett,0.5,2,1.0
TOWT-detector,drift,124,Wolf_retail_Marcella,1.0,2,115.5
TOWT-detector,spike,124,Wolf_retail_Marcella,1.0,4,1.5
TOWT-detector,drift,124,Wolf_retail_Toshia,1.0,1,25.0
TOWT-detector,schedule,124,Wolf_retail_Toshia,1.0,1,29.0
TOWT-detector,spike,124,Wolf_retail_Toshia,0.75,4,1.3333333333333333
Autoencoder(t),drift,124,Fox_education_Henrietta,1.0,1,57.0
Autoencoder(t),schedule,124,Fox_education_Henrietta,1.0,2,22.5
Autoencoder(t),spike,124,Fox_education_Henrietta,0.6666666666666666,3,1.0
Autoencoder(t),drift,124,Fox_retail_Manie,1.0,1,7.0
Autoencoder(t),schedule,124,Fox_retail_Manie,1.0,2,25.5
Autoencoder(t),spike,124,Fox_retail_Manie,1.0,3,1.3333333333333333
Autoencoder(t),drift,124,Hog_education_Bruno,1.0,4,82.25
Autoencoder(t),spike,124,Hog_education_Bruno,0.0,2,
Autoencoder(t),drift,124,Hog_education_Caridad,1.0,2,16.0
Autoencoder(t),schedule,124,Hog_education_Caridad,0.5,2,3.0
Autoencoder(t),spike,124,Hog_education_Caridad,0.5,2,2.0
Autoencoder(t),drift,124,Hog_education_Luvenia,1.0,2,29.0
Autoencoder(t),schedule,124,Hog_education_Luvenia,1.0,1,3.0
Autoencoder(t),spike,124,Hog_education_Luvenia,1.0,3,1.6666666666666667
Autoencoder(t),drift,124,Hog_office_Almeda,0.75,4,24.333333333333332
Autoencoder(t),schedule,124,Hog_office_Almeda,1.0,1,47.0
Autoencoder(t),spike,124,Hog_office_Almeda,0.0,1,
Autoencoder(t),drift,124,Hog_office_Cortney,1.0,2,91.5
Autoencoder(t),schedule,124,Hog_office_Cortney,1.0,2,68.0
Autoencoder(t),spike,124,Hog_office_Cortney,1.0,2,1.5
Autoencoder(t),spike,124,Hog_office_Denita,1.0,6,0.6666666666666666
Autoencoder(t),schedule,124,Hog_office_Garrett,1.0,3,27.0
Autoencoder(t),spike,124,Hog_office_Garrett,0.6666666666666666,3,0.0
Autoencoder(t),drift,124,Hog_office_Lavon,0.75,4,11.666666666666666
Autoencoder(t),spike,124,Hog_office_Lavon,1.0,2,2.0
Autoencoder(t),drift,124,Hog_office_Merilyn,1.0,3,26.333333333333332
Autoencoder(t),schedule,124,Hog_office_Merilyn,1.0,1,85.0
Autoencoder(t),spike,124,Hog_office_Merilyn,1.0,2,0.5
Autoencoder(t),drift,124,Hog_office_Miriam,1.0,2,96.5
Autoencoder(t),schedule,124,Hog_office_Miriam,1.0,2,13.5
Autoencoder(t),spike,124,Hog_office_Miriam,1.0,2,2.0
Autoencoder(t),drift,124,Hog_office_Napoleon,1.0,1,0.0
Autoencoder(t),schedule,124,Hog_office_Napoleon,0.5,2,54.0
Autoencoder(t),spike,124,Hog_office_Napoleon,0.6666666666666666,3,0.0
Autoencoder(t),drift,124,Hog_office_Shawna,1.0,2,22.5
Autoencoder(t),schedule,124,Hog_office_Shawna,1.0,1,11.0
Autoencoder(t),spike,124,Hog_office_Shawna,0.6666666666666666,3,0.5
Autoencoder(t),drift,124,Hog_office_Shawnna,1.0,3,22.333333333333332
Autoencoder(t),schedule,124,Hog_office_Shawnna,1.0,1,49.0
Autoencoder(t),spike,124,Hog_office_Shawnna,1.0,2,1.0
Autoencoder(t),drift,124,Hog_office_Sherrie,1.0,3,66.66666666666667
Autoencoder(t),spike,124,Hog_office_Sherrie,1.0,3,1.6666666666666667
Autoencoder(t),drift,124,Hog_office_Shon,1.0,4,44.5
Autoencoder(t),spike,124,Hog_office_Shon,1.0,2,1.5
Autoencoder(t),drift,124,Hog_office_Sydney,1.0,1,71.0
Autoencoder(t),schedule,124,Hog_office_Sydney,1.0,2,36.5
Autoencoder(t),spike,124,Hog_office_Sydney,0.6666666666666666,3,0.5
Autoencoder(t),drift,124,Hog_office_Valda,1.0,3,64.0
Autoencoder(t),schedule,124,Hog_office_Valda,1.0,1,0.0
Autoencoder(t),spike,124,Hog_office_Valda,1.0,2,0.5
Autoencoder(t),drift,124,Lamb_education_Armando,1.0,1,73.0
Autoencoder(t),spike,124,Lamb_education_Armando,0.8,5,0.25
Autoencoder(t),drift,124,Lamb_education_Eula,1.0,4,17.5
Autoencoder(t),schedule,124,Lamb_education_Eula,1.0,1,22.0
Autoencoder(t),spike,124,Lamb_education_Eula,1.0,1,0.0
Autoencoder(t),drift,124,Lamb_education_Lazaro,1.0,2,13.5
Autoencoder(t),spike,124,Lamb_education_Lazaro,1.0,4,1.75
Autoencoder(t),drift,124,Lamb_education_Lucas,0.75,4,17.0
Autoencoder(t),spike,124,Lamb_education_Lucas,1.0,2,1.0
Autoencoder(t),drift,124,Lamb_education_Mae,1.0,1,3.0
Autoencoder(t),schedule,124,Lamb_education_Mae,1.0,1,8.0
Autoencoder(t),spike,124,Lamb_education_Mae,1.0,4,2.0
Autoencoder(t),drift,124,Lamb_education_Williams,1.0,1,12.0
Autoencoder(t),schedule,124,Lamb_education_Williams,1.0,2,34.0
Autoencoder(t),spike,124,Lamb_education_Williams,1.0,3,2.0
Autoencoder(t),drift,124,Lamb_office_Caitlin,1.0,3,55.333333333333336
Autoencoder(t),spike,124,Lamb_office_Caitlin,0.6666666666666666,3,0.5
Autoencoder(t),schedule,124,Lamb_office_Velma,0.5,2,2.0
Autoencoder(t),spike,124,Lamb_office_Velma,1.0,4,1.0
Autoencoder(t),drift,124,Rat_retail_Jeffrey,1.0,2,61.5
Autoencoder(t),schedule,124,Rat_retail_Jeffrey,1.0,1,9.0
Autoencoder(t),spike,124,Rat_retail_Jeffrey,0.6666666666666666,3,0.5
Autoencoder(t),drift,124,Robin_education_Zenia,1.0,2,72.0
Autoencoder(t),spike,124,Robin_education_Zenia,0.75,4,1.6666666666666667
Autoencoder(t),drift,124,Robin_office_Dina,1.0,2,107.0
Autoencoder(t),spike,124,Robin_office_Dina,1.0,4,1.5
Autoencoder(t),drift,124,Robin_office_Sammie,1.0,2,52.0
Autoencoder(t),spike,124,Robin_office_Sammie,0.75,4,1.0
Autoencoder(t),drift,124,Shrew_office_Doris,1.0,3,14.0
Autoencoder(t),spike,124,Shrew_office_Doris,0.6666666666666666,3,0.5
Autoencoder(t),drift,124,Shrew_office_Ila,1.0,4,44.0
Autoencoder(t),spike,124,Shrew_office_Ila,1.0,2,0.5
Autoencoder(t),drift,124,Shrew_office_Kenneth,1.0,2,23.5
Autoencoder(t),schedule,124,Shrew_office_Kenneth,1.0,1,58.0
Autoencoder(t),spike,124,Shrew_office_Kenneth,1.0,3,1.3333333333333333
Autoencoder(t),schedule,124,Shrew_office_Nora,1.0,1,27.0
Autoencoder(t),spike,124,Shrew_office_Nora,0.8,5,1.25
Autoencoder(t),drift,124,Shrew_office_Sherill,1.0,2,40.5
Autoencoder(t),schedule,124,Shrew_office_Sherill,1.0,1,126.0
Autoencoder(t),spike,124,Shrew_office_Sherill,0.6666666666666666,3,1.0
Autoencoder(t),drift,124,Wolf_office_Darleen,1.0,3,15.0
Autoencoder(t),spike,124,Wolf_office_Darleen,1.0,3,1.6666666666666667
Autoencoder(t),drift,124,Wolf_retail_Harriett,1.0,1,13.0
Autoencoder(t),schedule,124,Wolf_retail_Harriett,1.0,3,38.333333333333336
Autoencoder(t),spike,124,Wolf_retail_Harriett,0.5,2,2.0
Autoencoder(t),drift,124,Wolf_retail_Marcella,1.0,2,7.0
Autoencoder(t),spike,124,Wolf_retail_Marcella,1.0,4,1.0
Autoencoder(t),drift,124,Wolf_retail_Toshia,1.0,1,28.0
Autoencoder(t),schedule,124,Wolf_retail_Toshia,1.0,1,3.0
Autoencoder(t),spike,124,Wolf_retail_Toshia,0.75,4,1.6666666666666667
PatchTST-SSL(HoW-cond),drift,124,Fox_education_Henrietta,1.0,1,118.0
PatchTST-SSL(HoW-cond),schedule,124,Fox_education_Henrietta,0.5,2,116.0
PatchTST-SSL(HoW-cond),spike,124,Fox_education_Henrietta,0.6666666666666666,3,1.0
PatchTST-SSL(HoW-cond),drift,124,Fox_retail_Manie,1.0,1,8.0
PatchTST-SSL(HoW-cond),schedule,124,Fox_retail_Manie,1.0,2,32.0
PatchTST-SSL(HoW-cond),spike,124,Fox_retail_Manie,1.0,3,1.6666666666666667
PatchTST-SSL(HoW-cond),drift,124,Hog_education_Bruno,0.75,4,85.33333333333333
PatchTST-SSL(HoW-cond),spike,124,Hog_education_Bruno,0.0,2,
PatchTST-SSL(HoW-cond),drift,124,Hog_education_Caridad,1.0,2,78.0
PatchTST-SSL(HoW-cond),schedule,124,Hog_education_Caridad,0.0,2,
PatchTST-SSL(HoW-cond),spike,124,Hog_education_Caridad,0.5,2,2.0
PatchTST-SSL(HoW-cond),drift,124,Hog_education_Luvenia,1.0,2,19.0
PatchTST-SSL(HoW-cond),schedule,124,Hog_education_Luvenia,0.0,1,
PatchTST-SSL(HoW-cond),spike,124,Hog_education_Luvenia,0.6666666666666666,3,1.0
PatchTST-SSL(HoW-cond),drift,124,Hog_office_Almeda,0.5,4,56.0
PatchTST-SSL(HoW-cond),schedule,124,Hog_office_Almeda,1.0,1,141.0
PatchTST-SSL(HoW-cond),spike,124,Hog_office_Almeda,0.0,1,
PatchTST-SSL(HoW-cond),drift,124,Hog_office_Cortney,0.5,2,9.0
PatchTST-SSL(HoW-cond),schedule,124,Hog_office_Cortney,1.0,2,61.0
PatchTST-SSL(HoW-cond),spike,124,Hog_office_Cortney,1.0,2,1.0
PatchTST-SSL(HoW-cond),spike,124,Hog_office_Denita,1.0,6,0.6666666666666666
PatchTST-SSL(HoW-cond),schedule,124,Hog_office_Garrett,0.6666666666666666,3,8.5
PatchTST-SSL(HoW-cond),spike,124,Hog_office_Garrett,1.0,3,0.3333333333333333
PatchTST-SSL(HoW-cond),drift,124,Hog_office_Lavon,0.5,4,55.5
PatchTST-SSL(HoW-cond),spike,124,Hog_office_Lavon,1.0,2,2.0
PatchTST-SSL(HoW-cond),drift,124,Hog_office_Merilyn,0.6666666666666666,3,181.0
PatchTST-SSL(HoW-cond),schedule,124,Hog_office_Merilyn,0.0,1,
PatchTST-SSL(HoW-cond),spike,124,Hog_office_Merilyn,1.0,2,2.0
PatchTST-SSL(HoW-cond),drift,124,Hog_office_Miriam,1.0,2,128.0
PatchTST-SSL(HoW-cond),schedule,124,Hog_office_Miriam,1.0,2,81.0
PatchTST-SSL(HoW-cond),spike,124,Hog_office_Miriam,1.0,2,1.5
PatchTST-SSL(HoW-cond),drift,124,Hog_office_Napoleon,1.0,1,17.0
PatchTST-SSL(HoW-cond),schedule,124,Hog_office_Napoleon,0.5,2,88.0
PatchTST-SSL(HoW-cond),spike,124,Hog_office_Napoleon,0.6666666666666666,3,0.5
PatchTST-SSL(HoW-cond),drift,124,Hog_office_Shawna,1.0,2,23.0
PatchTST-SSL(HoW-cond),schedule,124,Hog_office_Shawna,1.0,1,20.0
PatchTST-SSL(HoW-cond),spike,124,Hog_office_Shawna,0.6666666666666666,3,1.0
PatchTST-SSL(HoW-cond),drift,124,Hog_office_Shawnna,1.0,3,45.333333333333336
PatchTST-SSL(HoW-cond),schedule,124,Hog_office_Shawnna,1.0,1,70.0
PatchTST-SSL(HoW-cond),spike,124,Hog_office_Shawnna,1.0,2,1.0
PatchTST-SSL(HoW-cond),drift,124,Hog_office_Sherrie,1.0,3,98.33333333333333
PatchTST-SSL(HoW-cond),spike,124,Hog_office_Sherrie,1.0,3,1.0
PatchTST-SSL(HoW-cond),drift,124,Hog_office_Shon,0.75,4,53.0
PatchTST-SSL(HoW-cond),spike,124,Hog_office_Shon,1.0,2,1.0
PatchTST-SSL(HoW-cond),drift,124,Hog_office_Sydney,1.0,1,96.0
PatchTST-SSL(HoW-cond),schedule,124,Hog_office_Sydney,1.0,2,62.5
PatchTST-SSL(HoW-cond),spike,124,Hog_office_Sydney,0.6666666666666666,3,0.5
PatchTST-SSL(HoW-cond),drift,124,Hog_office_Valda,0.6666666666666666,3,84.5
PatchTST-SSL(HoW-cond),schedule,124,Hog_office_Valda,1.0,1,109.0
PatchTST-SSL(HoW-cond),spike,124,Hog_office_Valda,1.0,2,0.5
PatchTST-SSL(HoW-cond),drift,124,Lamb_education_Armando,1.0,1,9.0
PatchTST-SSL(HoW-cond),spike,124,Lamb_education_Armando,0.8,5,0.25
PatchTST-SSL(HoW-cond),drift,124,Lamb_education_Eula,1.0,4,43.25
PatchTST-SSL(HoW-cond),schedule,124,Lamb_education_Eula,0.0,1,
PatchTST-SSL(HoW-cond),spike,124,Lamb_education_Eula,1.0,1,0.0
PatchTST-SSL(HoW-cond),drift,124,Lamb_education_Lazaro,1.0,2,129.5
PatchTST-SSL(HoW-cond),spike,124,Lamb_education_Lazaro,0.75,4,2.0
PatchTST-SSL(HoW-cond),drift,124,Lamb_education_Lucas,1.0,4,78.25
PatchTST-SSL(HoW-cond),spike,124,Lamb_education_Lucas,1.0,2,1.5
PatchTST-SSL(HoW-cond),drift,124,Lamb_education_Mae,1.0,1,37.0
PatchTST-SSL(HoW-cond),schedule,124,Lamb_education_Mae,1.0,1,69.0
PatchTST-SSL(HoW-cond),spike,124,Lamb_education_Mae,1.0,4,1.5
PatchTST-SSL(HoW-cond),drift,124,Lamb_education_Williams,1.0,1,69.0
PatchTST-SSL(HoW-cond),schedule,124,Lamb_education_Williams,0.5,2,167.0
PatchTST-SSL(HoW-cond),spike,124,Lamb_education_Williams,1.0,3,1.6666666666666667
PatchTST-SSL(HoW-cond),drift,124,Lamb_office_Caitlin,1.0,3,49.666666666666664
PatchTST-SSL(HoW-cond),spike,124,Lamb_office_Caitlin,1.0,3,2.3333333333333335
PatchTST-SSL(HoW-cond),schedule,124,Lamb_office_Velma,0.0,2,
PatchTST-SSL(HoW-cond),spike,124,Lamb_office_Velma,1.0,4,1.75
PatchTST-SSL(HoW-cond),drift,124,Rat_retail_Jeffrey,1.0,2,58.0
PatchTST-SSL(HoW-cond),schedule,124,Rat_retail_Jeffrey,1.0,1,0.0
PatchTST-SSL(HoW-cond),spike,124,Rat_retail_Jeffrey,0.3333333333333333,3,0.0
PatchTST-SSL(HoW-cond),drift,124,Robin_education_Zenia,1.0,2,148.5
PatchTST-SSL(HoW-cond),spike,124,Robin_education_Zenia,0.5,4,1.0
PatchTST-SSL(HoW-cond),drift,124,Robin_office_Dina,1.0,2,132.0
PatchTST-SSL(HoW-cond),spike,124,Robin_office_Dina,0.75,4,1.6666666666666667
PatchTST-SSL(HoW-cond),drift,124,Robin_office_Sammie,1.0,2,61.5
PatchTST-SSL(HoW-cond),spike,124,Robin_office_Sammie,0.75,4,1.0
PatchTST-SSL(HoW-cond),drift,124,Shrew_office_Doris,1.0,3,42.0
PatchTST-SSL(HoW-cond),spike,124,Shrew_office_Doris,0.6666666666666666,3,0.5
PatchTST-SSL(HoW-cond),drift,124,Shrew_office_Ila,1.0,4,93.25
PatchTST-SSL(HoW-cond),spike,124,Shrew_office_Ila,1.0,2,1.0
PatchTST-SSL(HoW-cond),drift,124,Shrew_office_Kenneth,1.0,2,27.5
PatchTST-SSL(HoW-cond),schedule,124,Shrew_office_Kenneth,1.0,1,0.0
PatchTST-SSL(HoW-cond),spike,124,Shrew_office_Kenneth,1.0,3,1.3333333333333333
PatchTST-SSL(HoW-cond),schedule,124,Shrew_office_Nora,1.0,1,8.0
PatchTST-SSL(HoW-cond),spike,124,Shrew_office_Nora,0.8,5,0.75
PatchTST-SSL(HoW-cond),drift,124,Shrew_office_Sherill,1.0,2,49.5
PatchTST-SSL(HoW-cond),schedule,124,Shrew_office_Sherill,0.0,1,
PatchTST-SSL(HoW-cond),spike,124,Shrew_office_Sherill,0.6666666666666666,3,1.5
PatchTST-SSL(HoW-cond),drift,124,Wolf_office_Darleen,0.6666666666666666,3,28.5
PatchTST-SSL(HoW-cond),spike,124,Wolf_office_Darleen,1.0,3,1.3333333333333333
PatchTST-SSL(HoW-cond),drift,124,Wolf_retail_Harriett,1.0,1,8.0
PatchTST-SSL(HoW-cond),schedule,124,Wolf_retail_Harriett,0.6666666666666666,3,37.5
PatchTST-SSL(HoW-cond),spike,124,Wolf_retail_Harriett,0.5,2,1.0
PatchTST-SSL(HoW-cond),drift,124,Wolf_retail_Marcella,0.5,2,93.0
PatchTST-SSL(HoW-cond),spike,124,Wolf_retail_Marcella,1.0,4,1.5
PatchTST-SSL(HoW-cond),drift,124,Wolf_retail_Toshia,1.0,1,27.0
PatchTST-SSL(HoW-cond),schedule,124,Wolf_retail_Toshia,0.0,1,
PatchTST-SSL(HoW-cond),spike,124,Wolf_retail_Toshia,0.75,4,1.3333333333333333
PatchTST-SSL,drift,125,Fox_education_Henrietta,0.6666666666666666,3,24.5
PatchTST-SSL,spike,125,Fox_education_Henrietta,0.3333333333333333,3,4.0
PatchTST-SSL,drift,125,Fox_retail_Manie,1.0,1,165.0
PatchTST-SSL,schedule,125,Fox_retail_Manie,0.5,2,88.0
PatchTST-SSL,spike,125,Fox_retail_Manie,1.0,3,0.3333333333333333
PatchTST-SSL,drift,125,Hog_education_Bruno,1.0,2,28.0
PatchTST-SSL,schedule,125,Hog_education_Bruno,0.0,1,
PatchTST-SSL,spike,125,Hog_education_Bruno,1.0,3,1.3333333333333333
PatchTST-SSL,drift,125,Hog_education_Caridad,1.0,2,50.0
PatchTST-SSL,schedule,125,Hog_education_Caridad,0.0,2,
PatchTST-SSL,spike,125,Hog_education_Caridad,1.0,2,1.5
PatchTST-SSL,drift,125,Hog_education_Luvenia,1.0,2,17.5
PatchTST-SSL,schedule,125,Hog_education_Luvenia,0.0,1,
PatchTST-SSL,spike,125,Hog_education_Luvenia,1.0,3,1.3333333333333333
PatchTST-SSL,drift,125,Hog_office_Almeda,0.0,1,
PatchTST-SSL,schedule,125,Hog_office_Almeda,0.6666666666666666,3,7.5
PatchTST-SSL,spike,125,Hog_office_Almeda,1.0,2,1.0
PatchTST-SSL,drift,125,Hog_office_Cortney,1.0,2,21.0
PatchTST-SSL,schedule,125,Hog_office_Cortney,0.0,2,
PatchTST-SSL,spike,125,Hog_office_Cortney,1.0,2,0.5
PatchTST-SSL,drift,125,Hog_office_Denita,1.0,1,73.0
PatchTST-SSL,spike,125,Hog_office_Denita,0.8,5,1.0
PatchTST-SSL,drift,125,Hog_office_Garrett,1.0,2,56.5
PatchTST-SSL,spike,125,Hog_office_Garrett,0.75,4,0.6666666666666666
PatchTST-SSL,drift,125,Hog_office_Lavon,0.0,3,
PatchTST-SSL,spike,125,Hog_office_Lavon,0.6666666666666666,3,1.5
PatchTST-SSL,schedule,125,Hog_office_Merilyn,1.0,1,74.0
PatchTST-SSL,spike,125,Hog_office_Merilyn,0.8,5,1.25
PatchTST-SSL,drift,125,Hog_office_Miriam,1.0,3,78.33333333333333
PatchTST-SSL,schedule,125,Hog_office_Miriam,0.0,1,
PatchTST-SSL,spike,125,Hog_office_Miriam,1.0,2,0.5
PatchTST-SSL,schedule,125,Hog_office_Napoleon,0.0,3,
PatchTST-SSL,spike,125,Hog_office_Napoleon,1.0,3,1.6666666666666667
PatchTST-SSL,drift,125,Hog_office_Shawna,0.0,1,
PatchTST-SSL,schedule,125,Hog_office_Shawna,1.0,1,113.0
PatchTST-SSL,spike,125,Hog_office_Shawna,1.0,4,0.75
PatchTST-SSL,schedule,125,Hog_office_Shawnna,1.0,3,33.333333333333336
PatchTST-SSL,spike,125,Hog_office_Shawnna,0.6666666666666666,3,1.0
PatchTST-SSL,drift,125,Hog_office_Sherrie,1.0,1,14.0
PatchTST-SSL,schedule,125,Hog_office_Sherrie,0.5,2,127.0
PatchTST-SSL,spike,125,Hog_office_Sherrie,0.6666666666666666,3,0.5
PatchTST-SSL,drift,125,Hog_office_Shon,0.75,4,81.0
PatchTST-SSL,spike,125,Hog_office_Shon,0.5,2,0.0
PatchTST-SSL,drift,125,Hog_office_Sydney,1.0,2,35.0
PatchTST-SSL,spike,125,Hog_office_Sydney,0.75,4,1.3333333333333333
PatchTST-SSL,drift,125,Hog_office_Valda,0.6666666666666666,3,40.5
PatchTST-SSL,spike,125,Hog_office_Valda,1.0,3,1.0
PatchTST-SSL,drift,125,Lamb_education_Armando,0.5,2,114.0
PatchTST-SSL,spike,125,Lamb_education_Armando,0.75,4,0.6666666666666666
PatchTST-SSL,drift,125,Lamb_education_Eula,1.0,1,43.0
PatchTST-SSL,spike,125,Lamb_education_Eula,0.6,5,0.3333333333333333
PatchTST-SSL,drift,125,Lamb_education_Lazaro,0.0,2,
PatchTST-SSL,schedule,125,Lamb_education_Lazaro,0.5,2,25.0
PatchTST-SSL,spike,125,Lamb_education_Lazaro,0.5,2,1.0
PatchTST-SSL,drift,125,Lamb_education_Lucas,0.75,4,71.33333333333333
PatchTST-SSL,spike,125,Lamb_education_Lucas,1.0,2,1.0
PatchTST-SSL,drift,125,Lamb_education_Mae,1.0,2,61.5
PatchTST-SSL,schedule,125,Lamb_education_Mae,1.0,1,25.0
PatchTST-SSL,spike,125,Lamb_education_Mae,1.0,3,1.0
PatchTST-SSL,drift,125,Lamb_education_Williams,0.3333333333333333,3,124.0
PatchTST-SSL,schedule,125,Lamb_education_Williams,0.0,1,
PatchTST-SSL,spike,125,Lamb_education_Williams,1.0,2,1.0
PatchTST-SSL,drift,125,Lamb_office_Caitlin,0.5,2,89.0
PatchTST-SSL,schedule,125,Lamb_office_Caitlin,1.0,1,9.0
PatchTST-SSL,spike,125,Lamb_office_Caitlin,0.6666666666666666,3,0.5
PatchTST-SSL,drift,125,Lamb_office_Velma,1.0,3,82.0
PatchTST-SSL,schedule,125,Lamb_office_Velma,0.5,2,179.0
PatchTST-SSL,spike,125,Lamb_office_Velma,0.0,1,
PatchTST-SSL,drift,125,Rat_retail_Jeffrey,1.0,1,4.0
PatchTST-SSL,schedule,125,Rat_retail_Jeffrey,1.0,1,8.0
PatchTST-SSL,spike,125,Rat_retail_Jeffrey,1.0,4,0.75
PatchTST-SSL,drift,125,Robin_education_Zenia,1.0,2,34.0
PatchTST-SSL,schedule,125,Robin_education_Zenia,1.0,1,145.0
PatchTST-SSL,spike,125,Robin_education_Zenia,1.0,3,1.0
PatchTST-SSL,drift,125,Robin_office_Dina,1.0,2,31.0
PatchTST-SSL,spike,125,Robin_office_Dina,0.75,4,1.0
PatchTST-SSL,drift,125,Robin_office_Sammie,0.4,5,53.5
PatchTST-SSL,schedule,125,Robin_office_Sammie,0.0,1,
PatchTST-SSL,drift,125,Shrew_office_Doris,1.0,2,81.0
PatchTST-SSL,spike,125,Shrew_office_Doris,0.75,4,1.3333333333333333
PatchTST-SSL,drift,125,Shrew_office_Ila,1.0,3,72.33333333333333
PatchTST-SSL,schedule,125,Shrew_office_Ila,1.0,2,116.0
PatchTST-SSL,spike,125,Shrew_office_Ila,0.0,1,
PatchTST-SSL,drift,125,Shrew_office_Kenneth,0.5,2,10.0
PatchTST-SSL,spike,125,Shrew_office_Kenneth,1.0,4,0.75
PatchTST-SSL,drift,125,Shrew_office_Nora,1.0,2,94.0
PatchTST-SSL,schedule,125,Shrew_office_Nora,1.0,1,0.0
PatchTST-SSL,spike,125,Shrew_office_Nora,1.0,3,3.0
PatchTST-SSL,drift,125,Shrew_office_Sherill,0.6666666666666666,3,61.0
PatchTST-SSL,spike,125,Shrew_office_Sherill,1.0,3,1.6666666666666667
PatchTST-SSL,drift,125,Wolf_office_Darleen,0.3333333333333333,3,58.0
PatchTST-SSL,spike,125,Wolf_office_Darleen,0.6666666666666666,3,0.5
PatchTST-SSL,drift,125,Wolf_retail_Harriett,0.5,2,63.0
PatchTST-SSL,spike,125,Wolf_retail_Harriett,1.0,4,1.0
PatchTST-SSL,drift,125,Wolf_retail_Marcella,0.5,2,114.0
PatchTST-SSL,schedule,125,Wolf_retail_Marcella,0.3333333333333333,3,82.0
PatchTST-SSL,spike,125,Wolf_retail_Marcella,1.0,1,2.0
PatchTST-SSL,drift,125,Wolf_retail_Toshia,0.75,4,151.66666666666666
PatchTST-SSL,spike,125,Wolf_retail_Toshia,0.5,2,1.0
HOW-profile+z,drift,125,Fox_education_Henrietta,0.6666666666666666,3,25.0
HOW-profile+z,spike,125,Fox_education_Henrietta,0.3333333333333333,3,4.0
HOW-profile+z,drift,125,Fox_retail_Manie,1.0,1,161.0
HOW-profile+z,schedule,125,Fox_retail_Manie,0.5,2,18.0
HOW-profile+z,spike,125,Fox_retail_Manie,1.0,3,0.3333333333333333
HOW-profile+z,drift,125,Hog_education_Bruno,1.0,2,9.5
HOW-profile+z,schedule,125,Hog_education_Bruno,0.0,1,
HOW-profile+z,spike,125,Hog_education_Bruno,1.0,3,0.6666666666666666
HOW-profile+z,drift,125,Hog_education_Caridad,1.0,2,17.5
HOW-profile+z,schedule,125,Hog_education_Caridad,0.0,2,
HOW-profile+z,spike,125,Hog_education_Caridad,1.0,2,1.5
HOW-profile+z,drift,125,Hog_education_Luvenia,1.0,2,16.0
HOW-profile+z,schedule,125,Hog_education_Luvenia,1.0,1,19.0
HOW-profile+z,spike,125,Hog_education_Luvenia,1.0,3,1.6666666666666667
HOW-profile+z,drift,125,Hog_office_Almeda,1.0,1,36.0
HOW-profile+z,schedule,125,Hog_office_Almeda,0.6666666666666666,3,12.0
HOW-profile+z,spike,125,Hog_office_Almeda,1.0,2,1.0
HOW-profile+z,drift,125,Hog_office_Cortney,1.0,2,26.0
HOW-profile+z,schedule,125,Hog_office_Cortney,1.0,2,83.0
HOW-profile+z,spike,125,Hog_office_Cortney,1.0,2,0.5
HOW-profile+z,drift,125,Hog_office_Denita,1.0,1,53.0
HOW-profile+z,spike,125,Hog_office_Denita,0.8,5,1.0
HOW-profile+z,drift,125,Hog_office_Garrett,1.0,2,19.5
HOW-profile+z,spike,125,Hog_office_Garrett,0.75,4,0.6666666666666666
HOW-profile+z,drift,125,Hog_office_Lavon,0.3333333333333333,3,27.0
HOW-profile+z,spike,125,Hog_office_Lavon,0.6666666666666666,3,1.0
HOW-profile+z,schedule,125,Hog_office_Merilyn,1.0,1,76.0
HOW-profile+z,spike,125,Hog_office_Merilyn,0.8,5,1.25
HOW-profile+z,drift,125,Hog_office_Miriam,1.0,3,73.33333333333333
HOW-profile+z,schedule,125,Hog_office_Miriam,0.0,1,
HOW-profile+z,spike,125,Hog_office_Miriam,1.0,2,0.5
HOW-profile+z,schedule,125,Hog_office_Napoleon,0.6666666666666666,3,60.5
HOW-profile+z,spike,125,Hog_office_Napoleon,1.0,3,1.3333333333333333
HOW-profile+z,drift,125,Hog_office_Shawna,1.0,1,65.0
HOW-profile+z,schedule,125,Hog_office_Shawna,1.0,1,17.0
HOW-profile+z,spike,125,Hog_office_Shawna,1.0,4,0.75
HOW-profile+z,schedule,125,Hog_office_Shawnna,1.0,3,20.666666666666668
HOW-profile+z,spike,125,Hog_office_Shawnna,0.6666666666666666,3,0.5
HOW-profile+z,drift,125,Hog_office_Sherrie,1.0,1,33.0
HOW-profile+z,schedule,125,Hog_office_Sherrie,0.5,2,12.0
HOW-profile+z,spike,125,Hog_office_Sherrie,0.6666666666666666,3,0.5
HOW-profile+z,drift,125,Hog_office_Shon,0.75,4,47.0
HOW-profile+z,spike,125,Hog_office_Shon,0.5,2,0.0
HOW-profile+z,drift,125,Hog_office_Sydney,1.0,2,34.5
HOW-profile+z,spike,125,Hog_office_Sydney,0.75,4,1.3333333333333333
HOW-profile+z,drift,125,Hog_office_Valda,1.0,3,44.0
HOW-profile+z,spike,125,Hog_office_Valda,1.0,3,1.3333333333333333
HOW-profile+z,drift,125,Lamb_education_Armando,1.0,2,63.0
HOW-profile+z,spike,125,Lamb_education_Armando,0.75,4,0.6666666666666666
HOW-profile+z,drift,125,Lamb_education_Eula,1.0,1,18.0
HOW-profile+z,spike,125,Lamb_education_Eula,1.0,5,0.6
HOW-profile+z,drift,125,Lamb_education_Lazaro,0.0,2,
HOW-profile+z,schedule,125,Lamb_education_Lazaro,0.0,2,
HOW-profile+z,spike,125,Lamb_education_Lazaro,0.5,2,2.0
HOW-profile+z,drift,125,Lamb_education_Lucas,1.0,4,47.75
HOW-profile+z,spike,125,Lamb_education_Lucas,1.0,2,1.0
HOW-profile+z,drift,125,Lamb_education_Mae,1.0,2,19.5
HOW-profile+z,schedule,125,Lamb_education_Mae,1.0,1,26.0
HOW-profile+z,spike,125,Lamb_education_Mae,1.0,3,0.6666666666666666
HOW-profile+z,drift,125,Lamb_education_Williams,1.0,3,50.666666666666664
HOW-profile+z,schedule,125,Lamb_education_Williams,0.0,1,
HOW-profile+z,spike,125,Lamb_education_Williams,1.0,2,1.0
HOW-profile+z,drift,125,Lamb_office_Caitlin,0.5,2,74.0
HOW-profile+z,schedule,125,Lamb_office_Caitlin,0.0,1,
HOW-profile+z,spike,125,Lamb_office_Caitlin,0.3333333333333333,3,0.0
HOW-profile+z,drift,125,Lamb_office_Velma,1.0,3,26.666666666666668
HOW-profile+z,schedule,125,Lamb_office_Velma,1.0,2,82.5
HOW-profile+z,spike,125,Lamb_office_Velma,1.0,1,2.0
HOW-profile+z,drift,125,Rat_retail_Jeffrey,1.0,1,7.0
HOW-profile+z,schedule,125,Rat_retail_Jeffrey,1.0,1,0.0
HOW-profile+z,spike,125,Rat_retail_Jeffrey,1.0,4,1.0
HOW-profile+z,drift,125,Robin_education_Zenia,1.0,2,30.5
HOW-profile+z,schedule,125,Robin_education_Zenia,1.0,1,0.0
HOW-profile+z,spike,125,Robin_education_Zenia,1.0,3,1.0
HOW-profile+z,drift,125,Robin_office_Dina,1.0,2,30.0
HOW-profile+z,spike,125,Robin_office_Dina,1.0,4,1.25
HOW-profile+z,drift,125,Robin_office_Sammie,0.8,5,78.0
HOW-profile+z,schedule,125,Robin_office_Sammie,0.0,1,
HOW-profile+z,drift,125,Shrew_office_Doris,1.0,2,37.0
HOW-profile+z,spike,125,Shrew_office_Doris,0.75,4,1.3333333333333333
HOW-profile+z,drift,125,Shrew_office_Ila,0.6666666666666666,3,50.0
HOW-profile+z,schedule,125,Shrew_office_Ila,1.0,2,65.5
HOW-profile+z,spike,125,Shrew_office_Ila,1.0,1,3.0
HOW-profile+z,drift,125,Shrew_office_Kenneth,0.5,2,8.0
HOW-profile+z,spike,125,Shrew_office_Kenneth,1.0,4,0.5
HOW-profile+z,drift,125,Shrew_office_Nora,1.0,2,29.5
HOW-profile+z,schedule,125,Shrew_office_Nora,1.0,1,0.0
HOW-profile+z,spike,125,Shrew_office_Nora,1.0,3,1.6666666666666667
HOW-profile+z,drift,125,Shrew_office_Sherill,1.0,3,57.0
HOW-profile+z,spike,125,Shrew_office_Sherill,1.0,3,1.0
HOW-profile+z,drift,125,Wolf_office_Darleen,0.3333333333333333,3,41.0
HOW-profile+z,spike,125,Wolf_office_Darleen,1.0,3,1.3333333333333333
HOW-profile+z,drift,125,Wolf_retail_Harriett,1.0,2,53.0
HOW-profile+z,spike,125,Wolf_retail_Harriett,1.0,4,0.75
HOW-profile+z,drift,125,Wolf_retail_Marcella,0.5,2,167.0
HOW-profile+z,schedule,125,Wolf_retail_Marcella,0.6666666666666666,3,58.5
HOW-profile+z,spike,125,Wolf_retail_Marcella,1.0,1,0.0
HOW-profile+z,drift,125,Wolf_retail_Toshia,1.0,4,60.0
HOW-profile+z,spike,125,Wolf_retail_Toshia,0.5,2,1.0
TOWT-detector,drift,125,Fox_education_Henrietta,0.6666666666666666,3,20.5
TOWT-detector,spike,125,Fox_education_Henrietta,0.3333333333333333,3,3.0
TOWT-detector,drift,125,Fox_retail_Manie,1.0,1,162.0
TOWT-detector,schedule,125,Fox_retail_Manie,0.5,2,86.0
TOWT-detector,spike,125,Fox_retail_Manie,1.0,3,0.3333333333333333
TOWT-detector,drift,125,Hog_education_Bruno,1.0,2,12.0
TOWT-detector,schedule,125,Hog_education_Bruno,0.0,1,
TOWT-detector,spike,125,Hog_education_Bruno,1.0,3,1.3333333333333333
TOWT-detector,drift,125,Hog_education_Caridad,0.5,2,61.0
TOWT-detector,schedule,125,Hog_education_Caridad,0.5,2,21.0
TOWT-detector,spike,125,Hog_education_Caridad,1.0,2,2.0
TOWT-detector,drift,125,Hog_education_Luvenia,1.0,2,16.0
TOWT-detector,schedule,125,Hog_education_Luvenia,0.0,1,
TOWT-detector,spike,125,Hog_education_Luvenia,1.0,3,1.3333333333333333
TOWT-detector,drift,125,Hog_office_Almeda,1.0,1,65.0
TOWT-detector,schedule,125,Hog_office_Almeda,0.6666666666666666,3,35.0
TOWT-detector,spike,125,Hog_office_Almeda,1.0,2,1.0
TOWT-detector,drift,125,Hog_office_Cortney,1.0,2,28.0
TOWT-detector,schedule,125,Hog_office_Cortney,0.5,2,90.0
TOWT-detector,spike,125,Hog_office_Cortney,1.0,2,0.5
TOWT-detector,drift,125,Hog_office_Denita,1.0,1,12.0
TOWT-detector,spike,125,Hog_office_Denita,0.8,5,1.0
TOWT-detector,drift,125,Hog_office_Garrett,1.0,2,117.5
TOWT-detector,spike,125,Hog_office_Garrett,0.75,4,0.6666666666666666
TOWT-detector,drift,125,Hog_office_Lavon,0.3333333333333333,3,118.0
TOWT-detector,spike,125,Hog_office_Lavon,0.6666666666666666,3,1.5
TOWT-detector,schedule,125,Hog_office_Merilyn,0.0,1,
TOWT-detector,spike,125,Hog_office_Merilyn,0.8,5,1.0
TOWT-detector,drift,125,Hog_office_Miriam,1.0,3,83.66666666666667
TOWT-detector,schedule,125,Hog_office_Miriam,0.0,1,
TOWT-detector,spike,125,Hog_office_Miriam,1.0,2,0.5
TOWT-detector,schedule,125,Hog_office_Napoleon,0.3333333333333333,3,73.0
TOWT-detector,spike,125,Hog_office_Napoleon,1.0,3,1.3333333333333333
TOWT-detector,drift,125,Hog_office_Shawna,1.0,1,118.0
TOWT-detector,schedule,125,Hog_office_Shawna,1.0,1,5.0
TOWT-detector,spike,125,Hog_office_Shawna,1.0,4,0.75
TOWT-detector,schedule,125,Hog_office_Shawnna,1.0,3,42.333333333333336
TOWT-detector,spike,125,Hog_office_Shawnna,0.6666666666666666,3,1.0
TOWT-detector,drift,125,Hog_office_Sherrie,1.0,1,14.0
TOWT-detector,schedule,125,Hog_office_Sherrie,0.5,2,134.0
TOWT-detector,spike,125,Hog_office_Sherrie,0.6666666666666666,3,0.5
TOWT-detector,drift,125,Hog_office_Shon,0.75,4,59.0
TOWT-detector,spike,125,Hog_office_Shon,0.5,2,0.0
TOWT-detector,drift,125,Hog_office_Sydney,1.0,2,36.5
TOWT-detector,spike,125,Hog_office_Sydney,0.75,4,1.0
TOWT-detector,drift,125,Hog_office_Valda,1.0,3,48.666666666666664
TOWT-detector,spike,125,Hog_office_Valda,1.0,3,1.3333333333333333
TOWT-detector,drift,125,Lamb_education_Armando,0.5,2,172.0
TOWT-detector,spike,125,Lamb_education_Armando,0.75,4,0.6666666666666666
TOWT-detector,drift,125,Lamb_education_Eula,1.0,1,0.0
TOWT-detector,spike,125,Lamb_education_Eula,1.0,5,0.8
TOWT-detector,drift,125,Lamb_education_Lazaro,0.5,2,118.0
TOWT-detector,schedule,125,Lamb_education_Lazaro,0.5,2,39.0
TOWT-detector,spike,125,Lamb_education_Lazaro,0.5,2,1.0
TOWT-detector,drift,125,Lamb_education_Lucas,1.0,4,60.5
TOWT-detector,spike,125,Lamb_education_Lucas,1.0,2,1.0
TOWT-detector,drift,125,Lamb_education_Mae,0.5,2,67.0
TOWT-detector,schedule,125,Lamb_education_Mae,0.0,1,
TOWT-detector,spike,125,Lamb_education_Mae,1.0,3,1.0
TOWT-detector,drift,125,Lamb_education_Williams,0.6666666666666666,3,10.5
TOWT-detector,schedule,125,Lamb_education_Williams,0.0,1,
TOWT-detector,spike,125,Lamb_education_Williams,1.0,2,1.0
TOWT-detector,drift,125,Lamb_office_Caitlin,0.0,2,
TOWT-detector,schedule,125,Lamb_office_Caitlin,0.0,1,
TOWT-detector,spike,125,Lamb_office_Caitlin,0.3333333333333333,3,0.0
TOWT-detector,drift,125,Lamb_office_Velma,1.0,3,93.0
TOWT-detector,schedule,125,Lamb_office_Velma,0.5,2,51.0
TOWT-detector,spike,125,Lamb_office_Velma,1.0,1,2.0
TOWT-detector,drift,125,Rat_retail_Jeffrey,1.0,1,186.0
TOWT-detector,schedule,125,Rat_retail_Jeffrey,1.0,1,0.0
TOWT-detector,spike,125,Rat_retail_Jeffrey,1.0,4,1.0
TOWT-detector,drift,125,Robin_education_Zenia,1.0,2,82.0
TOWT-detector,schedule,125,Robin_education_Zenia,0.0,1,
TOWT-detector,spike,125,Robin_education_Zenia,1.0,3,1.3333333333333333
TOWT-detector,drift,125,Robin_office_Dina,1.0,2,20.0
TOWT-detector,spike,125,Robin_office_Dina,1.0,4,1.25
TOWT-detector,drift,125,Robin_office_Sammie,0.4,5,42.0
TOWT-detector,schedule,125,Robin_office_Sammie,0.0,1,
TOWT-detector,drift,125,Shrew_office_Doris,1.0,2,53.0
TOWT-detector,spike,125,Shrew_office_Doris,0.75,4,1.6666666666666667
TOWT-detector,drift,125,Shrew_office_Ila,0.3333333333333333,3,21.0
TOWT-detector,schedule,125,Shrew_office_Ila,1.0,2,78.5
TOWT-detector,spike,125,Shrew_office_Ila,1.0,1,3.0
TOWT-detector,drift,125,Shrew_office_Kenneth,0.5,2,0.0
TOWT-detector,spike,125,Shrew_office_Kenneth,1.0,4,0.75
TOWT-detector,drift,125,Shrew_office_Nora,0.5,2,18.0
TOWT-detector,schedule,125,Shrew_office_Nora,1.0,1,0.0
TOWT-detector,spike,125,Shrew_office_Nora,1.0,3,1.6666666666666667
TOWT-detector,drift,125,Shrew_office_Sherill,1.0,3,37.666666666666664
TOWT-detector,spike,125,Shrew_office_Sherill,1.0,3,1.0
TOWT-detector,drift,125,Wolf_office_Darleen,0.3333333333333333,3,25.0
TOWT-detector,spike,125,Wolf_office_Darleen,1.0,3,1.3333333333333333
TOWT-detector,drift,125,Wolf_retail_Harriett,0.5,2,70.0
TOWT-detector,spike,125,Wolf_retail_Harriett,1.0,4,1.0
TOWT-detector,drift,125,Wolf_retail_Marcella,0.5,2,104.0
TOWT-detector,schedule,125,Wolf_retail_Marcella,1.0,3,24.333333333333332
TOWT-detector,spike,125,Wolf_retail_Marcella,1.0,1,0.0
TOWT-detector,drift,125,Wolf_retail_Toshia,1.0,4,48.75
TOWT-detector,spike,125,Wolf_retail_Toshia,0.5,2,1.0
Autoencoder(t),drift,125,Fox_education_Henrietta,1.0,3,31.666666666666668
Autoencoder(t),spike,125,Fox_education_Henrietta,0.0,3,
Autoencoder(t),drift,125,Fox_retail_Manie,1.0,1,181.0
Autoencoder(t),schedule,125,Fox_retail_Manie,1.0,2,28.0
Autoencoder(t),spike,125,Fox_retail_Manie,1.0,3,0.3333333333333333
Autoencoder(t),drift,125,Hog_education_Bruno,1.0,2,8.5
Autoencoder(t),schedule,125,Hog_education_Bruno,1.0,1,1.0
Autoencoder(t),spike,125,Hog_education_Bruno,1.0,3,0.6666666666666666
Autoencoder(t),drift,125,Hog_education_Caridad,1.0,2,30.0
Autoencoder(t),schedule,125,Hog_education_Caridad,1.0,2,6.5
Autoencoder(t),spike,125,Hog_education_Caridad,0.5,2,3.0
Autoencoder(t),drift,125,Hog_education_Luvenia,1.0,2,20.0
Autoencoder(t),schedule,125,Hog_education_Luvenia,1.0,1,11.0
Autoencoder(t),spike,125,Hog_education_Luvenia,0.6666666666666666,3,0.0
Autoencoder(t),drift,125,Hog_office_Almeda,1.0,1,29.0
Autoencoder(t),schedule,125,Hog_office_Almeda,0.6666666666666666,3,26.0
Autoencoder(t),spike,125,Hog_office_Almeda,1.0,2,0.5
Autoencoder(t),drift,125,Hog_office_Cortney,1.0,2,46.5
Autoencoder(t),schedule,125,Hog_office_Cortney,1.0,2,37.0
Autoencoder(t),spike,125,Hog_office_Cortney,0.5,2,1.0
Autoencoder(t),drift,125,Hog_office_Denita,1.0,1,82.0
Autoencoder(t),spike,125,Hog_office_Denita,0.8,5,0.75
Autoencoder(t),drift,125,Hog_office_Garrett,1.0,2,1.5
Autoencoder(t),spike,125,Hog_office_Garrett,0.5,4,1.5
Autoencoder(t),drift,125,Hog_office_Lavon,1.0,3,25.0
Autoencoder(t),spike,125,Hog_office_Lavon,0.6666666666666666,3,0.5
Autoencoder(t),schedule,125,Hog_office_Merilyn,1.0,1,89.0
Autoencoder(t),spike,125,Hog_office_Merilyn,0.6,5,0.3333333333333333
Autoencoder(t),drift,125,Hog_office_Miriam,1.0,3,69.33333333333333
Autoencoder(t),schedule,125,Hog_office_Miriam,1.0,1,72.0
Autoencoder(t),spike,125,Hog_office_Miriam,1.0,2,0.5
Autoencoder(t),schedule,125,Hog_office_Napoleon,0.6666666666666666,3,47.0
Autoencoder(t),spike,125,Hog_office_Napoleon,1.0,3,1.6666666666666667
Autoencoder(t),drift,125,Hog_office_Shawna,1.0,1,22.0
Autoencoder(t),schedule,125,Hog_office_Shawna,1.0,1,67.0
Autoencoder(t),spike,125,Hog_office_Shawna,1.0,4,0.75
Autoencoder(t),schedule,125,Hog_office_Shawnna,1.0,3,10.666666666666666
Autoencoder(t),spike,125,Hog_office_Shawnna,0.6666666666666666,3,1.5
Autoencoder(t),drift,125,Hog_office_Sherrie,1.0,1,14.0
Autoencoder(t),schedule,125,Hog_office_Sherrie,0.5,2,0.0
Autoencoder(t),spike,125,Hog_office_Sherrie,0.6666666666666666,3,1.0
Autoencoder(t),drift,125,Hog_office_Shon,1.0,4,47.0
Autoencoder(t),spike,125,Hog_office_Shon,1.0,2,0.5
Autoencoder(t),drift,125,Hog_office_Sydney,1.0,2,18.0
Autoencoder(t),spike,125,Hog_office_Sydney,0.75,4,1.3333333333333333
Autoencoder(t),drift,125,Hog_office_Valda,1.0,3,26.333333333333332
Autoencoder(t),spike,125,Hog_office_Valda,1.0,3,1.6666666666666667
Autoencoder(t),drift,125,Lamb_education_Armando,1.0,2,7.0
Autoencoder(t),spike,125,Lamb_education_Armando,0.75,4,1.0
Autoencoder(t),drift,125,Lamb_education_Eula,1.0,1,0.0
Autoencoder(t),spike,125,Lamb_education_Eula,1.0,5,1.0
Autoencoder(t),drift,125,Lamb_education_Lazaro,1.0,2,75.5
Autoencoder(t),schedule,125,Lamb_education_Lazaro,0.5,2,38.0
Autoencoder(t),spike,125,Lamb_education_Lazaro,0.5,2,1.0
Autoencoder(t),drift,125,Lamb_education_Lucas,1.0,4,11.25
Autoencoder(t),spike,125,Lamb_education_Lucas,1.0,2,1.0
Autoencoder(t),drift,125,Lamb_education_Mae,1.0,2,37.5
Autoencoder(t),schedule,125,Lamb_education_Mae,1.0,1,18.0
Autoencoder(t),spike,125,Lamb_education_Mae,1.0,3,1.3333333333333333
Autoencoder(t),drift,125,Lamb_education_Williams,1.0,3,8.333333333333334
Autoencoder(t),schedule,125,Lamb_education_Williams,1.0,1,87.0
Autoencoder(t),spike,125,Lamb_education_Williams,1.0,2,1.5
Autoencoder(t),drift,125,Lamb_office_Caitlin,1.0,2,3.0
Autoencoder(t),schedule,125,Lamb_office_Caitlin,1.0,1,39.0
Autoencoder(t),spike,125,Lamb_office_Caitlin,0.6666666666666666,3,1.5
Autoencoder(t),drift,125,Lamb_office_Velma,1.0,3,35.333333333333336
Autoencoder(t),schedule,125,Lamb_office_Velma,1.0,2,26.5
Autoencoder(t),spike,125,Lamb_office_Velma,1.0,1,2.0
Autoencoder(t),drift,125,Rat_retail_Jeffrey,1.0,1,11.0
Autoencoder(t),schedule,125,Rat_retail_Jeffrey,1.0,1,0.0
Autoencoder(t),spike,125,Rat_retail_Jeffrey,0.75,4,1.3333333333333333
Autoencoder(t),drift,125,Robin_education_Zenia,1.0,2,16.5
Autoencoder(t),schedule,125,Robin_education_Zenia,1.0,1,3.0
Autoencoder(t),spike,125,Robin_education_Zenia,1.0,3,0.6666666666666666
Autoencoder(t),drift,125,Robin_office_Dina,1.0,2,10.5
Autoencoder(t),spike,125,Robin_office_Dina,1.0,4,1.0
Autoencoder(t),drift,125,Robin_office_Sammie,1.0,5,64.6
Autoencoder(t),schedule,125,Robin_office_Sammie,1.0,1,162.0
Autoencoder(t),drift,125,Shrew_office_Doris,1.0,2,3.5
Autoencoder(t),spike,125,Shrew_office_Doris,1.0,4,2.25
Autoencoder(t),drift,125,Shrew_office_Ila,1.0,3,68.66666666666667
Autoencoder(t),schedule,125,Shrew_office_Ila,1.0,2,40.0
Autoencoder(t),spike,125,Shrew_office_Ila,1.0,1,2.0
Autoencoder(t),drift,125,Shrew_office_Kenneth,1.0,2,57.5
Autoencoder(t),spike,125,Shrew_office_Kenneth,0.75,4,1.0
Autoencoder(t),drift,125,Shrew_office_Nora,1.0,2,27.5
Autoencoder(t),schedule,125,Shrew_office_Nora,1.0,1,4.0
Autoencoder(t),spike,125,Shrew_office_Nora,0.6666666666666666,3,4.0
Autoencoder(t),drift,125,Shrew_office_Sherill,1.0,3,21.666666666666668
Autoencoder(t),spike,125,Shrew_office_Sherill,1.0,3,1.6666666666666667
Autoencoder(t),drift,125,Wolf_office_Darleen,0.6666666666666666,3,33.5
Autoencoder(t),spike,125,Wolf_office_Darleen,1.0,3,1.0
Autoencoder(t),drift,125,Wolf_retail_Harriett,1.0,2,7.0
Autoencoder(t),spike,125,Wolf_retail_Harriett,1.0,4,0.75
Autoencoder(t),drift,125,Wolf_retail_Marcella,1.0,2,57.0
Autoencoder(t),schedule,125,Wolf_retail_Marcella,1.0,3,49.666666666666664
Autoencoder(t),spike,125,Wolf_retail_Marcella,1.0,1,0.0
Autoencoder(t),drift,125,Wolf_retail_Toshia,1.0,4,32.25
Autoencoder(t),spike,125,Wolf_retail_Toshia,0.5,2,1.0
PatchTST-SSL(HoW-cond),drift,125,Fox_education_Henrietta,0.6666666666666666,3,23.0
PatchTST-SSL(HoW-cond),spike,125,Fox_education_Henrietta,0.0,3,
PatchTST-SSL(HoW-cond),drift,125,Fox_retail_Manie,1.0,1,187.0
PatchTST-SSL(HoW-cond),schedule,125,Fox_retail_Manie,0.5,2,87.0
PatchTST-SSL(HoW-cond),spike,125,Fox_retail_Manie,1.0,3,0.3333333333333333
PatchTST-SSL(HoW-cond),drift,125,Hog_education_Bruno,1.0,2,26.0
PatchTST-SSL(HoW-cond),schedule,125,Hog_education_Bruno,0.0,1,
PatchTST-SSL(HoW-cond),spike,125,Hog_education_Bruno,1.0,3,1.3333333333333333
PatchTST-SSL(HoW-cond),drift,125,Hog_education_Caridad,1.0,2,2.5
PatchTST-SSL(HoW-cond),schedule,125,Hog_education_Caridad,0.0,2,
PatchTST-SSL(HoW-cond),spike,125,Hog_education_Caridad,1.0,2,1.5
PatchTST-SSL(HoW-cond),drift,125,Hog_education_Luvenia,1.0,2,17.5
PatchTST-SSL(HoW-cond),schedule,125,Hog_education_Luvenia,0.0,1,
PatchTST-SSL(HoW-cond),spike,125,Hog_education_Luvenia,1.0,3,1.3333333333333333
PatchTST-SSL(HoW-cond),drift,125,Hog_office_Almeda,1.0,1,84.0
PatchTST-SSL(HoW-cond),schedule,125,Hog_office_Almeda,0.6666666666666666,3,7.5
PatchTST-SSL(HoW-cond),spike,125,Hog_office_Almeda,1.0,2,1.0
PatchTST-SSL(HoW-cond),drift,125,Hog_office_Cortney,1.0,2,22.0
PatchTST-SSL(HoW-cond),schedule,125,Hog_office_Cortney,0.0,2,
PatchTST-SSL(HoW-cond),spike,125,Hog_office_Cortney,1.0,2,0.5
PatchTST-SSL(HoW-cond),drift,125,Hog_office_Denita,1.0,1,8.0
PatchTST-SSL(HoW-cond),spike,125,Hog_office_Denita,0.8,5,1.0
PatchTST-SSL(HoW-cond),drift,125,Hog_office_Garrett,1.0,2,21.0
PatchTST-SSL(HoW-cond),spike,125,Hog_office_Garrett,0.75,4,0.3333333333333333
PatchTST-SSL(HoW-cond),drift,125,Hog_office_Lavon,0.3333333333333333,3,61.0
PatchTST-SSL(HoW-cond),spike,125,Hog_office_Lavon,0.6666666666666666,3,1.5
PatchTST-SSL(HoW-cond),schedule,125,Hog_office_Merilyn,1.0,1,76.0
PatchTST-SSL(HoW-cond),spike,125,Hog_office_Merilyn,0.8,5,1.25
PatchTST-SSL(HoW-cond),drift,125,Hog_office_Miriam,1.0,3,72.33333333333333
PatchTST-SSL(HoW-cond),schedule,125,Hog_office_Miriam,0.0,1,
PatchTST-SSL(HoW-cond),spike,125,Hog_office_Miriam,1.0,2,0.5
PatchTST-SSL(HoW-cond),schedule,125,Hog_office_Napoleon,0.6666666666666666,3,65.0
PatchTST-SSL(HoW-cond),spike,125,Hog_office_Napoleon,1.0,3,1.3333333333333333
PatchTST-SSL(HoW-cond),drift,125,Hog_office_Shawna,1.0,1,71.0
PatchTST-SSL(HoW-cond),schedule,125,Hog_office_Shawna,1.0,1,17.0
PatchTST-SSL(HoW-cond),spike,125,Hog_office_Shawna,1.0,4,0.75
PatchTST-SSL(HoW-cond),schedule,125,Hog_office_Shawnna,0.6666666666666666,3,52.0
PatchTST-SSL(HoW-cond),spike,125,Hog_office_Shawnna,0.6666666666666666,3,1.0
PatchTST-SSL(HoW-cond),drift,125,Hog_office_Sherrie,1.0,1,14.0
PatchTST-SSL(HoW-cond),schedule,125,Hog_office_Sherrie,1.0,2,56.0
PatchTST-SSL(HoW-cond),spike,125,Hog_office_Sherrie,0.6666666666666666,3,0.5
PatchTST-SSL(HoW-cond),drift,125,Hog_office_Shon,0.75,4,63.0
PatchTST-SSL(HoW-cond),spike,125,Hog_office_Shon,0.5,2,0.0
PatchTST-SSL(HoW-cond),drift,125,Hog_office_Sydney,1.0,2,26.0
PatchTST-SSL(HoW-cond),spike,125,Hog_office_Sydney,0.75,4,1.3333333333333333
PatchTST-SSL(HoW-cond),drift,125,Hog_office_Valda,1.0,3,76.33333333333333
PatchTST-SSL(HoW-cond),spike,125,Hog_office_Valda,1.0,3,1.0
PatchTST-SSL(HoW-cond),drift,125,Lamb_education_Armando,1.0,2,162.5
PatchTST-SSL(HoW-cond),spike,125,Lamb_education_Armando,0.75,4,0.6666666666666666
PatchTST-SSL(HoW-cond),drift,125,Lamb_education_Eula,1.0,1,18.0
PatchTST-SSL(HoW-cond),spike,125,Lamb_education_Eula,1.0,5,0.6
PatchTST-SSL(HoW-cond),drift,125,Lamb_education_Lazaro,0.5,2,104.0
PatchTST-SSL(HoW-cond),schedule,125,Lamb_education_Lazaro,0.5,2,22.0
PatchTST-SSL(HoW-cond),spike,125,Lamb_education_Lazaro,0.5,2,2.0
PatchTST-SSL(HoW-cond),drift,125,Lamb_education_Lucas,1.0,4,47.75
PatchTST-SSL(HoW-cond),spike,125,Lamb_education_Lucas,1.0,2,1.0
PatchTST-SSL(HoW-cond),drift,125,Lamb_education_Mae,1.0,2,67.5
PatchTST-SSL(HoW-cond),schedule,125,Lamb_education_Mae,1.0,1,25.0
PatchTST-SSL(HoW-cond),spike,125,Lamb_education_Mae,1.0,3,0.6666666666666666
PatchTST-SSL(HoW-cond),drift,125,Lamb_education_Williams,1.0,3,81.66666666666667
PatchTST-SSL(HoW-cond),schedule,125,Lamb_education_Williams,1.0,1,0.0
PatchTST-SSL(HoW-cond),spike,125,Lamb_education_Williams,1.0,2,1.0
PatchTST-SSL(HoW-cond),drift,125,Lamb_office_Caitlin,0.5,2,41.0
PatchTST-SSL(HoW-cond),schedule,125,Lamb_office_Caitlin,0.0,1,
PatchTST-SSL(HoW-cond),spike,125,Lamb_office_Caitlin,0.3333333333333333,3,0.0
PatchTST-SSL(HoW-cond),drift,125,Lamb_office_Velma,1.0,3,72.66666666666667
PatchTST-SSL(HoW-cond),schedule,125,Lamb_office_Velma,1.0,2,89.5
PatchTST-SSL(HoW-cond),spike,125,Lamb_office_Velma,1.0,1,2.0
PatchTST-SSL(HoW-cond),drift,125,Rat_retail_Jeffrey,1.0,1,5.0
PatchTST-SSL(HoW-cond),schedule,125,Rat_retail_Jeffrey,1.0,1,8.0
PatchTST-SSL(HoW-cond),spike,125,Rat_retail_Jeffrey,1.0,4,1.0
PatchTST-SSL(HoW-cond),drift,125,Robin_education_Zenia,1.0,2,24.5
PatchTST-SSL(HoW-cond),schedule,125,Robin_education_Zenia,1.0,1,98.0
PatchTST-SSL(HoW-cond),spike,125,Robin_education_Zenia,1.0,3,1.0
PatchTST-SSL(HoW-cond),drift,125,Robin_office_Dina,1.0,2,30.5
PatchTST-SSL(HoW-cond),spike,125,Robin_office_Dina,1.0,4,1.25
PatchTST-SSL(HoW-cond),drift,125,Robin_office_Sammie,0.6,5,79.0
PatchTST-SSL(HoW-cond),schedule,125,Robin_office_Sammie,0.0,1,
PatchTST-SSL(HoW-cond),drift,125,Shrew_office_Doris,1.0,2,39.0
PatchTST-SSL(HoW-cond),spike,125,Shrew_office_Doris,1.0,4,1.75
PatchTST-SSL(HoW-cond),drift,125,Shrew_office_Ila,1.0,3,103.66666666666667
PatchTST-SSL(HoW-cond),schedule,125,Shrew_office_Ila,1.0,2,80.0
PatchTST-SSL(HoW-cond),spike,125,Shrew_office_Ila,1.0,1,3.0
PatchTST-SSL(HoW-cond),drift,125,Shrew_office_Kenneth,1.0,2,65.5
PatchTST-SSL(HoW-cond),spike,125,Shrew_office_Kenneth,1.0,4,0.5
PatchTST-SSL(HoW-cond),drift,125,Shrew_office_Nora,1.0,2,54.5
PatchTST-SSL(HoW-cond),schedule,125,Shrew_office_Nora,1.0,1,0.0
PatchTST-SSL(HoW-cond),spike,125,Shrew_office_Nora,1.0,3,2.0
PatchTST-SSL(HoW-cond),drift,125,Shrew_office_Sherill,1.0,3,37.333333333333336
PatchTST-SSL(HoW-cond),spike,125,Shrew_office_Sherill,1.0,3,1.0
PatchTST-SSL(HoW-cond),drift,125,Wolf_office_Darleen,0.3333333333333333,3,52.0
PatchTST-SSL(HoW-cond),spike,125,Wolf_office_Darleen,1.0,3,1.3333333333333333
PatchTST-SSL(HoW-cond),drift,125,Wolf_retail_Harriett,1.0,2,56.0
PatchTST-SSL(HoW-cond),spike,125,Wolf_retail_Harriett,1.0,4,1.0
PatchTST-SSL(HoW-cond),drift,125,Wolf_retail_Marcella,0.5,2,104.0
PatchTST-SSL(HoW-cond),schedule,125,Wolf_retail_Marcella,0.3333333333333333,3,77.0
PatchTST-SSL(HoW-cond),spike,125,Wolf_retail_Marcella,1.0,1,1.0
PatchTST-SSL(HoW-cond),drift,125,Wolf_retail_Toshia,1.0,4,67.75
PatchTST-SSL(HoW-cond),spike,125,Wolf_retail_Toshia,0.5,2,1.0
