building_id,n_test_hours,flagged_hours,flagged_on_labeled,flagged_not_labeled,labeled_hours,labeled_recovered,run_precision_vs_labels,n_runs
1,2196,339,15,324,30,0.5,0.16666666666666666,18
32,2196,295,0,295,0,0.0,0.0,10
41,2196,186,0,186,35,0.0,0.0,19
55,2196,216,12,204,71,0.16901408450704225,0.2,15
69,2196,265,24,241,63,0.38095238095238093,0.09210526315789473,76
79,2196,311,6,305,40,0.15,0.6,5
82,2196,20,0,20,48,0.0,0.0,19
91,2196,354,5,349,15,0.3333333333333333,0.1111111111111111,9
107,2196,140,0,140,152,0.0,0.0,24
108,2196,53,5,48,185,0.02702702702702703,0.3333333333333333,9
111,2196,652,81,571,129,0.627906976744186,0.625,8
117,2196,118,1,117,103,0.009708737864077669,0.037037037037037035,27
118,2196,134,0,134,108,0.0,0.0,33
119,2196,126,1,125,20,0.05,0.03333333333333333,30
121,2196,436,4,432,162,0.024691358024691357,0.4,5
136,2196,42,0,42,0,0.0,0.0,26
137,2196,161,4,157,98,0.04081632653061224,0.08888888888888889,45
139,2196,175,9,166,149,0.06040268456375839,0.1,30
141,2196,145,15,130,259,0.05791505791505792,0.4230769230769231,26
147,2196,195,5,190,130,0.038461538461538464,0.11764705882352941,34
148,2196,4,0,4,156,0.0,0.0,1
149,2196,356,0,356,0,0.0,0.0,23
159,2194,34,20,14,91,0.21978021978021978,0.5882352941176471,17
171,2196,31,0,31,55,0.0,0.0,10
173,2196,433,0,433,10,0.0,0.0,33
174,2196,33,0,33,10,0.0,0.0,16
181,2195,256,0,256,10,0.0,0.0,8
183,2196,247,2,245,11,0.18181818181818182,0.07142857142857142,28
190,2196,0,0,0,10,0.0,,0
235,2196,13,0,13,10,0.0,0.0,8
238,2196,95,0,95,65,0.0,0.0,17
240,2196,86,0,86,7,0.0,0.0,33
246,2196,322,2,320,15,0.13333333333333333,0.08,25
247,2196,255,2,253,249,0.008032128514056224,0.10526315789473684,19
248,2196,89,66,23,242,0.2727272727272727,0.5,30
253,2196,178,4,174,33,0.12121212121212122,0.03225806451612903,31
254,2196,292,25,267,114,0.21929824561403508,0.125,32
263,2196,58,1,57,60,0.016666666666666666,0.05263157894736842,19
270,2184,336,6,330,80,0.075,0.05405405405405406,37
275,2196,140,0,140,18,0.0,0.0,8
276,2196,151,3,148,16,0.1875,0.04,25
278,2196,244,1,243,27,0.037037037037037035,0.03225806451612903,31
290,2196,341,39,302,153,0.2549019607843137,0.35714285714285715,14
293,2196,295,0,295,0,0.0,0.0,38
312,2196,28,2,26,104,0.019230769230769232,0.06666666666666667,15
318,2184,131,0,131,44,0.0,0.0,26
335,2196,204,22,182,68,0.3235294117647059,0.2,5
345,2190,116,8,108,133,0.06015037593984962,0.09230769230769231,65
356,2196,455,7,448,21,0.3333333333333333,0.043478260869565216,138
423,2190,46,0,46,27,0.0,0.0,35
439,2190,171,36,135,83,0.43373493975903615,0.23529411764705882,34
492,2136,138,39,99,213,0.18309859154929578,0.1111111111111111,9
534,2196,437,0,437,0,0.0,0.0,52
560,2178,272,17,255,162,0.10493827160493827,0.08695652173913043,69
623,2196,221,0,221,37,0.0,0.0,38
653,2191,100,0,100,0,0.0,0.0,32
657,2196,257,2,255,81,0.024691358024691357,0.0392156862745098,51
658,2196,389,9,380,9,1.0,0.015384615384615385,65
666,2196,299,0,299,0,0.0,0.0,75
667,2196,196,0,196,52,0.0,0.0,73
673,2196,190,0,190,92,0.0,0.0,25
675,2196,152,0,152,22,0.0,0.0,25
677,2196,287,0,287,0,0.0,0.0,56
680,2196,219,0,219,0,0.0,0.0,49
683,2196,313,54,259,89,0.6067415730337079,0.16666666666666666,48
685,2196,430,10,420,51,0.19607843137254902,0.26666666666666666,15
687,2196,97,0,97,29,0.0,0.0,16
693,2196,113,0,113,0,0.0,0.0,40
697,2196,215,0,215,0,0.0,0.0,44
698,2196,327,0,327,0,0.0,0.0,61
701,2196,132,0,132,44,0.0,0.0,46
708,2196,120,0,120,22,0.0,0.0,64
710,2196,340,6,334,13,0.46153846153846156,0.02040816326530612,49
721,2196,97,0,97,23,0.0,0.0,47
722,2196,110,0,110,0,0.0,0.0,42
729,2196,145,0,145,9,0.0,0.0,86
730,2196,80,0,80,88,0.0,0.0,42
732,2196,362,22,340,110,0.2,0.02702702702702703,37
739,2196,94,0,94,0,0.0,0.0,38
742,2196,196,0,196,66,0.0,0.0,89
801,2196,245,0,245,5,0.0,0.0,19
827,1950,82,0,82,83,0.0,0.0,3
844,1990,76,0,76,27,0.0,0.0,29
848,2088,114,1,113,52,0.019230769230769232,0.3333333333333333,3
879,2190,103,2,101,6,0.3333333333333333,0.16666666666666666,6
880,2192,152,0,152,3,0.0,0.0,15
881,2193,129,1,128,3,0.3333333333333333,0.125,8
882,2192,271,1,270,22,0.045454545454545456,0.041666666666666664,24
884,2192,334,0,334,3,0.0,0.0,31
886,2195,444,1,443,1,1.0,0.023809523809523808,42
887,2192,17,0,17,47,0.0,0.0,11
889,2193,95,0,95,3,0.0,0.0,13
890,2191,311,1,310,3,0.3333333333333333,0.058823529411764705,17
892,2191,179,0,179,9,0.0,0.0,41
893,2192,184,1,183,29,0.034482758620689655,0.02127659574468085,47
894,2191,167,0,167,67,0.0,0.0,22
895,2191,236,12,224,46,0.2608695652173913,0.034482758620689655,29
896,2192,336,0,336,2,0.0,0.0,13
903,2192,379,0,379,2,0.0,0.0,19
905,2191,221,0,221,9,0.0,0.0,50
909,2117,202,1,201,1,1.0,0.027777777777777776,36
914,2192,353,1,352,3,0.3333333333333333,0.05263157894736842,19
919,2191,449,18,431,35,0.5142857142857142,0.13043478260869565,23
922,2192,233,0,233,2,0.0,0.0,21
924,2191,259,1,258,3,0.3333333333333333,0.03125,32
925,2191,214,0,214,23,0.0,0.0,31
926,2191,180,0,180,2,0.0,0.0,26
928,2192,235,0,235,2,0.0,0.0,35
929,2175,192,24,168,40,0.6,0.16666666666666666,6
931,2191,342,0,342,2,0.0,0.0,40
935,2191,306,0,306,76,0.0,0.0,166
936,2191,339,20,319,111,0.18018018018018017,0.03676470588235294,136
941,2193,10,0,10,10,0.0,0.0,6
942,2191,192,0,192,3,0.0,0.0,36
945,2192,308,1,307,5,0.2,0.058823529411764705,17
948,2191,70,0,70,18,0.0,0.0,25
950,2144,70,28,42,61,0.45901639344262296,0.5,34
952,2191,129,0,129,2,0.0,0.0,13
961,2194,542,34,508,46,0.7391304347826086,0.0625,16
966,2192,430,0,430,2,0.0,0.0,22
967,2192,226,1,225,15,0.06666666666666667,0.038461538461538464,26
968,2192,318,0,318,3,0.0,0.0,25
969,2192,158,0,158,2,0.0,0.0,35
970,2191,363,0,363,0,0.0,0.0,16
971,2192,152,1,151,3,0.3333333333333333,0.041666666666666664,24
973,2191,305,0,305,2,0.0,0.0,48
974,2191,222,1,221,3,0.3333333333333333,0.07142857142857142,14
975,2193,270,2,268,5,0.4,0.05263157894736842,38
977,2195,20,0,20,44,0.0,0.0,10
978,2192,252,0,252,2,0.0,0.0,52
981,2188,183,2,181,4,0.5,0.05555555555555555,18
988,2192,205,0,205,17,0.0,0.0,32
990,2195,138,0,138,44,0.0,0.0,27
992,2191,273,0,273,54,0.0,0.0,21
994,2195,122,0,122,52,0.0,0.0,24
996,2192,151,0,151,2,0.0,0.0,20
1001,2164,302,23,279,158,0.14556962025316456,0.20270270270270271,74
1007,2163,199,19,180,67,0.2835820895522388,0.075,40
1068,2196,119,0,119,45,0.0,0.0,10
1073,2196,251,0,251,89,0.0,0.0,7
1074,2196,111,1,110,33,0.030303030303030304,0.0625,16
1106,2196,195,6,189,25,0.24,0.05263157894736842,38
1120,2195,11,1,10,95,0.010526315789473684,0.125,8
1128,2195,20,1,19,7,0.14285714285714285,0.1111111111111111,9
1137,2196,334,1,333,3,0.3333333333333333,0.043478260869565216,23
1141,2196,208,0,208,61,0.0,0.0,18
1143,2196,416,22,394,76,0.2894736842105263,0.17391304347826086,23
1147,2196,65,0,65,0,0.0,0.0,23
1172,2196,103,1,102,3,0.3333333333333333,0.027777777777777776,36
1219,2196,260,1,259,10,0.1,0.03225806451612903,31
1225,2196,232,2,230,36,0.05555555555555555,0.020833333333333332,48
1226,2196,235,1,234,31,0.03225806451612903,0.02127659574468085,47
1230,2196,256,2,254,15,0.13333333333333333,0.015873015873015872,63
1232,1945,54,0,54,11,0.0,0.0,1
1234,2196,202,2,200,31,0.06451612903225806,0.01834862385321101,109
1238,2196,73,0,73,33,0.0,0.0,41
1239,2196,441,1,440,8,0.125,0.006289308176100629,159
1241,2196,430,0,430,29,0.0,0.0,234
1242,2196,184,0,184,4,0.0,0.0,79
1245,2196,362,0,362,10,0.0,0.0,66
1246,2196,165,0,165,28,0.0,0.0,53
1247,2196,46,0,46,6,0.0,0.0,36
1249,2196,236,0,236,36,0.0,0.0,31
1251,2196,282,6,276,42,0.14285714285714285,0.024390243902439025,41
1252,2196,241,0,241,29,0.0,0.0,38
1253,2196,67,3,64,19,0.15789473684210525,0.08571428571428572,35
1255,2160,186,0,186,7,0.0,0.0,37
1257,2196,79,0,79,4,0.0,0.0,66
1258,2196,38,0,38,100,0.0,0.0,27
1259,2196,233,3,230,36,0.08333333333333333,0.03508771929824561,57
1260,2196,180,0,180,28,0.0,0.0,98
1261,2196,114,1,113,40,0.025,0.0196078431372549,51
1264,2196,0,0,0,0,0.0,,0
1266,2190,312,0,312,0,0.0,0.0,37
1267,2194,230,0,230,27,0.0,0.0,76
1272,2196,178,0,178,23,0.0,0.0,102
1275,2196,105,0,105,41,0.0,0.0,29
1278,2196,220,0,220,31,0.0,0.0,42
1279,2196,218,8,210,39,0.20512820512820512,0.07142857142857142,42
1283,2196,59,1,58,37,0.02702702702702703,0.025,40
1284,2196,397,5,392,36,0.1388888888888889,0.2222222222222222,9
1285,2196,337,0,337,20,0.0,0.0,81
1296,2196,137,2,135,25,0.08,0.043478260869565216,23
1297,2196,148,2,146,23,0.08695652173913043,0.047619047619047616,21
1300,2196,243,0,243,1,0.0,0.0,76
1302,2196,159,3,156,31,0.0967741935483871,0.06896551724137931,29
1303,2196,67,0,67,37,0.0,0.0,18
1304,2196,217,1,216,6,0.16666666666666666,0.02631578947368421,38
1306,2196,170,2,168,50,0.04,0.01834862385321101,109
1309,2196,184,0,184,42,0.0,0.0,25
1310,2196,234,0,234,33,0.0,0.0,29
1311,2196,151,0,151,26,0.0,0.0,16
1315,2196,308,0,308,14,0.0,0.0,38
1316,2196,62,0,62,36,0.0,0.0,19
1318,2143,0,0,0,36,0.0,,0
1319,2196,70,4,66,560,0.007142857142857143,0.5,2
1323,2196,108,2,106,37,0.05405405405405406,0.02702702702702703,37
1353,1868,219,24,195,80,0.3,0.06896551724137931,58
